experiment,source,target,base,arm,k,draw_seed,auc,fold_auc,fold_gap,fold_diverged
few-label,target-only,COAD,target-only,cold,0,,0.5,0.5,0.0,False
few-label,UCEC,COAD,single,warm,0,,0.7239321340267713,0.7121278274302107,0.01180430659656051,True
few-label,target-only,COAD,target-only,cold,3,0,0.6612243157984482,0.6549398817556713,0.0062844340427768985,False
few-label,UCEC,COAD,single,warm,3,0,0.7683945775428426,0.7474452059030015,0.02094937163984112,True
few-label,target-only,COAD,target-only,cold,3,1,0.6412737658794442,0.6486005701239067,0.007326804244462526,False
few-label,UCEC,COAD,single,warm,3,1,0.7630232756415721,0.7792280907881702,0.016204815146598106,True
few-label,target-only,COAD,target-only,cold,3,2,0.6723505840225084,0.6530312792140002,0.019319304808508186,True
few-label,UCEC,COAD,single,warm,3,2,0.7590161139057039,0.7433014666564816,0.015714647249222335,True
few-label,target-only,COAD,target-only,cold,3,3,0.6701338562537301,0.6195935787703414,0.05054027748338874,True
few-label,UCEC,COAD,single,warm,3,3,0.767840395600648,0.7331577365038139,0.0346826590968341,True
few-label,target-only,COAD,target-only,cold,3,4,0.6864609088583852,0.6754030746920517,0.011057834166333436,True
few-label,UCEC,COAD,single,warm,3,4,0.8072299428766307,0.7977774540366397,0.009452488839991058,False
few-label,target-only,COAD,target-only,cold,3,5,0.7159604399352034,0.7055751958512634,0.010385244083940037,True
few-label,UCEC,COAD,single,warm,3,5,0.7630659050217409,0.7630821805360039,1.6275514262975577e-05,False
few-label,target-only,COAD,target-only,cold,3,6,0.74946713274789,0.7416834527052998,0.007783680042590224,False
few-label,UCEC,COAD,single,warm,3,6,0.795080569528519,0.7900862042624703,0.004994365266048684,False
few-label,target-only,COAD,target-only,cold,3,7,0.6812601244777902,0.6880443501108843,0.00678422563309411,False
few-label,UCEC,COAD,single,warm,3,7,0.7778156705601502,0.7616108983149699,0.016204772245180354,True
few-label,target-only,COAD,target-only,cold,3,8,0.6795975786512064,0.7238627543702022,0.0442651757189958,True
few-label,UCEC,COAD,single,warm,3,8,0.7900503026685992,0.769267901854297,0.02078240081430216,True
few-label,target-only,COAD,target-only,cold,3,9,0.6568761190212294,0.7330782707858179,0.07620215176458844,True
few-label,UCEC,COAD,single,warm,3,9,0.782163867337369,0.7898185897739026,0.007654722436533645,False
few-label,target-only,COAD,target-only,cold,3,10,0.7756415721715406,0.7640612416382029,0.011580330533337735,True
few-label,UCEC,COAD,single,warm,3,10,0.7764515303947482,0.7719005126507608,0.004551017743987473,False
few-label,target-only,COAD,target-only,cold,3,11,0.6397391081933669,0.6851804202087222,0.045441312015355284,True
few-label,UCEC,COAD,single,warm,3,11,0.7909028902719754,0.7847182967093593,0.006184593562616025,False
few-label,target-only,COAD,target-only,cold,3,12,0.6884218603461506,0.6637616956033044,0.024660164742846158,True
few-label,UCEC,COAD,single,warm,3,12,0.7955068633302071,0.7708867572899349,0.024620106040272205,True
few-label,target-only,COAD,target-only,cold,3,13,0.6872282377014238,0.7279075124919216,0.04067927479049782,True
few-label,UCEC,COAD,single,warm,3,13,0.8109813283314861,0.7746615832032913,0.0363197451281948,True
few-label,target-only,COAD,target-only,cold,3,14,0.6801091312132321,0.726296182522101,0.04618705130886891,True
few-label,UCEC,COAD,single,warm,3,14,0.8253048000682071,0.8074889661260067,0.01781583394220032,True
few-label,target-only,COAD,target-only,cold,3,15,0.5981754625287748,0.6002444482032366,0.0020689856744617874,False
few-label,UCEC,COAD,single,warm,3,15,0.7546252877483162,0.7366703296703296,0.017954958077986527,True
few-label,target-only,COAD,target-only,cold,3,16,0.696478813198056,0.743305571621361,0.04682675842330497,True
few-label,UCEC,COAD,single,warm,3,16,0.784423224486316,0.7789955555313053,0.005427668955010678,False
few-label,target-only,COAD,target-only,cold,3,17,0.6192343763321682,0.6723380233360372,0.05310364700386905,True
few-label,UCEC,COAD,single,warm,3,17,0.7732543268820871,0.7837108470256435,0.01045652014355647,True
few-label,target-only,COAD,target-only,cold,3,18,0.724230539687953,0.7834390742215966,0.05920853453364361,True
few-label,UCEC,COAD,single,warm,3,18,0.8351948162673714,0.8232108773384841,0.011983938928887272,True
few-label,target-only,COAD,target-only,cold,3,19,0.7866825816352631,0.7932991319614955,0.006616550326232429,False
few-label,UCEC,COAD,single,warm,3,19,0.837368914655981,0.8246341349260913,0.012734779729889678,True
few-label,target-only,COAD,target-only,cold,5,0,0.569741665956177,0.6328240836731404,0.06308241771696332,True
few-label,UCEC,COAD,single,warm,5,0,0.7534316651035895,0.751013226704885,0.002418438398704481,False
few-label,target-only,COAD,target-only,cold,5,1,0.6718390314604826,0.6532663625682493,0.0185726688922333,True
few-label,UCEC,COAD,single,warm,5,1,0.7351010316310002,0.7259492569110245,0.009151774719975636,False
few-label,target-only,COAD,target-only,cold,5,2,0.5468923181856936,0.5734949444244379,0.02660262623874432,True
few-label,UCEC,COAD,single,warm,5,2,0.7270014493989256,0.7089621992814644,0.018039250117461214,True
few-label,target-only,COAD,target-only,cold,5,3,0.6976298064626141,0.7044451082956545,0.006815301833040466,False
few-label,UCEC,COAD,single,warm,5,3,0.8038622218432944,0.7771689946928279,0.026693227150466514,True
few-label,target-only,COAD,target-only,cold,5,4,0.6538920624094124,0.6575842121025836,0.0036921496931711095,False
few-label,UCEC,COAD,single,warm,5,4,0.7571830505584449,0.7488951842596332,0.00828786629881173,False
few-label,target-only,COAD,target-only,cold,5,5,0.7004859749339245,0.7535164028843273,0.0530304279504028,True
few-label,UCEC,COAD,single,warm,5,5,0.7795634751470714,0.7414840693897297,0.0380794057573417,True
few-label,target-only,COAD,target-only,cold,5,6,0.7807570977917981,0.7655082614615882,0.015248836330209903,True
few-label,UCEC,COAD,single,warm,5,6,0.7900076732884304,0.7928737761190592,0.002866102830628825,False
few-label,target-only,COAD,target-only,cold,5,7,0.7393639696478814,0.7308660117880574,0.00849795785982399,False
few-label,UCEC,COAD,single,warm,5,7,0.8230880722994288,0.8053581844063473,0.017729887893081497,True
few-label,target-only,COAD,target-only,cold,5,8,0.7422627674993605,0.7257073901492969,0.016555377350063627,True
few-label,UCEC,COAD,single,warm,5,8,0.7847642595276665,0.7706273387872196,0.014136920740446923,True
few-label,target-only,COAD,target-only,cold,5,9,0.6148435501747805,0.6378418857981917,0.022998335623411137,True
few-label,UCEC,COAD,single,warm,5,9,0.7741069144854633,0.7629754653930424,0.01113144909242092,True
few-label,target-only,COAD,target-only,cold,5,10,0.7387245289453491,0.7543767570838078,0.01565222813845868,True
few-label,UCEC,COAD,single,warm,5,10,0.7813965384943303,0.7842437128137227,0.0028471743193924093,False
few-label,target-only,COAD,target-only,cold,5,11,0.6295506863330208,0.655721766317099,0.026171079984078194,True
few-label,UCEC,COAD,single,warm,5,11,0.7588029670048597,0.7393158313054042,0.019487135699455482,True
few-label,target-only,COAD,target-only,cold,5,12,0.6542330974507631,0.644952490684864,0.009280606765899035,False
few-label,UCEC,COAD,single,warm,5,12,0.7618296529968455,0.7468376874697629,0.014991965527082596,True
few-label,target-only,COAD,target-only,cold,5,13,0.5592548384346492,0.5837914106747275,0.024536572240078325,True
few-label,UCEC,COAD,single,warm,5,13,0.7754710546508654,0.7813952848982642,0.005924230247398743,False
few-label,target-only,COAD,target-only,cold,5,14,0.7164293631170603,0.7104362302708876,0.005993132846172644,False
few-label,UCEC,COAD,single,warm,5,14,0.7904339670901185,0.7743167485719621,0.016117218518156395,True
few-label,target-only,COAD,target-only,cold,5,15,0.7501065734504221,0.7672090318927459,0.01710245844232383,True
few-label,UCEC,COAD,single,warm,5,15,0.7925228067183903,0.7749139721582622,0.017608834560128073,True
few-label,target-only,COAD,target-only,cold,5,16,0.5799300878165232,0.6359369911231878,0.05600690330666458,True
few-label,UCEC,COAD,single,warm,5,16,0.7771336004774491,0.7654177903636692,0.011715810113779868,True
few-label,target-only,COAD,target-only,cold,5,17,0.5653508397987893,0.5989662830273556,0.033615443228566244,True
few-label,UCEC,COAD,single,warm,5,17,0.6901696649330719,0.711178962767344,0.02100929783427219,True
few-label,target-only,COAD,target-only,cold,5,18,0.6203853695967261,0.6178235968489196,0.0025617727478064456,False
few-label,UCEC,COAD,single,warm,5,18,0.7279392957626396,0.731458803030799,0.0035195072681594164,False
few-label,target-only,COAD,target-only,cold,5,19,0.5236593059936909,0.5723254701824712,0.048666164188780225,True
few-label,UCEC,COAD,single,warm,5,19,0.7421775087390229,0.7223151674541942,0.019862341284828666,True
few-label,target-only,COAD,target-only,cold,10,0,0.6740131298490921,0.7007967154218395,0.026783585572747404,True
few-label,UCEC,COAD,single,warm,10,0,0.7799471395685907,0.773916460236222,0.006030679332368782,False
few-label,target-only,COAD,target-only,cold,10,1,0.7811407622133175,0.7586339033359887,0.02250685887732884,True
few-label,UCEC,COAD,single,warm,10,1,0.8058658027112285,0.79250456329503,0.01336123941619849,True
few-label,target-only,COAD,target-only,cold,10,2,0.6996760167107171,0.7298017231031133,0.0301257063923962,True
few-label,UCEC,COAD,single,warm,10,2,0.7622133174183646,0.7519808628974468,0.01023245452091781,True
few-label,target-only,COAD,target-only,cold,10,3,0.6823684883621793,0.6632271923155736,0.01914129604660575,True
few-label,UCEC,COAD,single,warm,10,3,0.7639184926251172,0.7554198231427626,0.00849866948235467,False
few-label,target-only,COAD,target-only,cold,10,4,0.6891891891891893,0.6848754984946643,0.004313690694524919,False
few-label,UCEC,COAD,single,warm,10,4,0.7736379913036064,0.7509916785189874,0.022646312784619038,True
few-label,target-only,COAD,target-only,cold,10,5,0.7272998550601075,0.7602069584944461,0.03290710343433856,True
few-label,UCEC,COAD,single,warm,10,5,0.7691192770057124,0.7488261358524516,0.020293141153260752,True
few-label,target-only,COAD,target-only,cold,10,6,0.7122090544803479,0.7156613128127527,0.0034522583324048117,False
few-label,UCEC,COAD,single,warm,10,6,0.7757694603120471,0.7616696827943104,0.014099777517736722,True
few-label,target-only,COAD,target-only,cold,10,7,0.7384261232841675,0.7435985694764244,0.005172446192256985,False
few-label,UCEC,COAD,single,warm,10,7,0.7722312217580356,0.7529970632919987,0.019234158466036932,True
few-label,target-only,COAD,target-only,cold,10,8,0.662417938443175,0.6688391273296934,0.006421188886518436,False
few-label,UCEC,COAD,single,warm,10,8,0.7455026003921904,0.7217119006999841,0.023790699692206263,True
few-label,target-only,COAD,target-only,cold,10,9,0.6880808253048001,0.7108013423738349,0.022720517069034774,True
few-label,UCEC,COAD,single,warm,10,9,0.7546679171284849,0.744974617846018,0.009693299282466872,False
few-label,target-only,COAD,target-only,cold,10,10,0.6208969221587518,0.6734873274138418,0.052590405255089956,True
few-label,UCEC,COAD,single,warm,10,10,0.7187739790263449,0.7161967679236796,0.002577211102665289,False
few-label,target-only,COAD,target-only,cold,10,11,0.7218432943984994,0.7301207827260459,0.00827748832754649,False
few-label,UCEC,COAD,single,warm,10,11,0.755094210930173,0.7548380184859828,0.0002561924441902841,False
few-label,target-only,COAD,target-only,cold,10,12,0.7034274021655725,0.7225629173320336,0.01913551516646106,True
few-label,UCEC,COAD,single,warm,10,12,0.774661096427658,0.7780305153304161,0.0033694189027581034,False
few-label,target-only,COAD,target-only,cold,10,13,0.7106743967942706,0.7308309083060822,0.020156511511811637,True
few-label,UCEC,COAD,single,warm,10,13,0.7740216557251258,0.7742339605666319,0.00021230484150602802,False
few-label,target-only,COAD,target-only,cold,10,14,0.6168897604228836,0.7045556501316184,0.08766588970873479,True
few-label,UCEC,COAD,single,warm,10,14,0.7307528348537813,0.7476049666983132,0.016852131844531937,True
few-label,target-only,COAD,target-only,cold,10,15,0.7231648051837326,0.7348737743002888,0.011708969116556167,True
few-label,UCEC,COAD,single,warm,10,15,0.7677125074601415,0.7395556695318364,0.028156837928305145,True
few-label,target-only,COAD,target-only,cold,10,16,0.5909710972802455,0.597859429051584,0.006888331771338407,False
few-label,UCEC,COAD,single,warm,10,16,0.6980561002643022,0.6948159119375604,0.0032401883267417775,False
few-label,target-only,COAD,target-only,cold,10,17,0.705132577372325,0.7171419726141672,0.012009395241842191,True
few-label,UCEC,COAD,single,warm,10,17,0.7272145962997698,0.732410387361728,0.0051957910619582215,False
few-label,target-only,COAD,target-only,cold,10,18,0.6639952255094211,0.7411494562482647,0.07715423073884353,True
few-label,UCEC,COAD,single,warm,10,18,0.7511723079546424,0.7593988108878873,0.008226502933244895,False
few-label,target-only,COAD,target-only,cold,10,19,0.630403273936397,0.6593345379656204,0.028931264029223414,True
few-label,UCEC,COAD,single,warm,10,19,0.7259783442748743,0.7215355599933553,0.004442784281519008,False
few-label,target-only,COAD,target-only,cold,25,0,0.6992923522891977,0.6970127562495984,0.002279596039599374,False
few-label,UCEC,COAD,single,warm,25,0,0.7609770653934692,0.7556452742887698,0.0053317911046993904,False
few-label,target-only,COAD,target-only,cold,25,1,0.7195839372495524,0.7212715824394077,0.0016876451898553135,False
few-label,UCEC,COAD,single,warm,25,1,0.7740216557251258,0.771091840632059,0.002929815093066779,False
few-label,target-only,COAD,target-only,cold,25,2,0.735569954812857,0.7465021382677788,0.010932183454921751,True
few-label,UCEC,COAD,single,warm,25,2,0.8033506692812686,0.7907922345777362,0.012558434703532462,True
few-label,target-only,COAD,target-only,cold,25,3,0.6775087390229346,0.71004442892427,0.032535689901335374,True
few-label,UCEC,COAD,single,warm,25,3,0.7549236934094977,0.7598121967958115,0.004888503386313747,False
few-label,target-only,COAD,target-only,cold,25,4,0.7082018927444795,0.7071890508807093,0.001012841863770264,False
few-label,UCEC,COAD,single,warm,25,4,0.7450336772103334,0.7435697734903296,0.001463903720003823,False
few-label,target-only,COAD,target-only,cold,25,5,0.7499360559297469,0.7569027958139178,0.006966739884170958,False
few-label,UCEC,COAD,single,warm,25,5,0.763065905021741,0.7778459186185105,0.014780013596769503,True
few-label,target-only,COAD,target-only,cold,25,6,0.6376076391849262,0.65824464159916,0.02063700241423372,True
few-label,UCEC,COAD,single,warm,25,6,0.7299855060107426,0.7204320270924045,0.009553478918338132,False
few-label,target-only,COAD,target-only,cold,25,7,0.7412822917554779,0.7433772433017716,0.0020949515462936885,False
few-label,UCEC,COAD,single,warm,25,7,0.7325432688208713,0.7413289907157831,0.00878572189491178,False
few-label,target-only,COAD,target-only,cold,25,8,0.7243584278284593,0.7448480702239391,0.02048964239547979,True
few-label,UCEC,COAD,single,warm,25,8,0.7344189615482991,0.7435292652288681,0.009110303680568976,False
few-label,target-only,COAD,target-only,cold,25,9,0.6836899991474125,0.7085331719477697,0.024843172800357194,True
few-label,UCEC,COAD,single,warm,25,9,0.7610623241538068,0.7491861741921325,0.011876149961674298,True
few-label,target-only,COAD,target-only,cold,25,10,0.7065393469178958,0.7122951555230601,0.0057558086051643365,False
few-label,UCEC,COAD,single,warm,25,10,0.7388097877056867,0.7279145499210047,0.010895237784682044,True
few-label,target-only,COAD,target-only,cold,25,11,0.7088839628271805,0.7333475706683253,0.024463607841144874,True
few-label,UCEC,COAD,single,warm,25,11,0.7773467473782931,0.7595415419293274,0.01780520544896569,True
few-label,target-only,COAD,target-only,cold,25,12,0.6610537982777731,0.6821472343170456,0.021093436039272495,True
few-label,UCEC,COAD,single,warm,25,12,0.7470372580782675,0.7577633609907691,0.010726102912501645,True
few-label,target-only,COAD,target-only,cold,25,13,0.6065734504220308,0.6345894980557345,0.02801604763370369,True
few-label,UCEC,COAD,single,warm,25,13,0.7050046892318185,0.6961468457064285,0.008857843525389986,False
few-label,target-only,COAD,target-only,cold,25,14,0.667192429022082,0.6822489302598538,0.015056501237771802,True
few-label,UCEC,COAD,single,warm,25,14,0.7345042203086368,0.742168838884827,0.007664618576190163,False
few-label,target-only,COAD,target-only,cold,25,15,0.7099923267115696,0.7525678298309877,0.042575503119418046,True
few-label,UCEC,COAD,single,warm,25,15,0.7497229090289027,0.7478725144986317,0.0018503945302710267,False
few-label,target-only,COAD,target-only,cold,25,16,0.7281950720436525,0.7247205816912867,0.0034744903523658,False
few-label,UCEC,COAD,single,warm,25,16,0.731946457498508,0.7324524785597278,0.0005060210612198857,False
few-label,target-only,COAD,target-only,cold,25,17,0.7657515559723762,0.7760059934548513,0.01025443748247512,True
few-label,UCEC,COAD,single,warm,25,17,0.792821212379572,0.7926935972005487,0.00012761517902337705,False
few-label,target-only,COAD,target-only,cold,25,18,0.6486486486486486,0.6618151529040308,0.013166504255382239,True
few-label,UCEC,COAD,single,warm,25,18,0.7431579844829055,0.7463811530519575,0.003223168569052026,False
few-label,target-only,COAD,target-only,cold,25,19,0.7278966663824709,0.7219843664555681,0.0059122999269027865,False
few-label,UCEC,COAD,single,warm,25,19,0.7371472418791032,0.7429245349707118,0.005777293091608571,False
few-label,target-only,COAD,target-only,cold,40,0,0.6999317929917299,0.717643213621863,0.01771142063013309,True
few-label,UCEC,COAD,single,warm,40,0,0.7583766732031716,0.7498459877317871,0.00853068547138447,False
few-label,target-only,COAD,target-only,cold,40,1,0.7190297553073579,0.7297026855964293,0.010672930289071347,True
few-label,UCEC,COAD,single,warm,40,1,0.7465683348964106,0.7492217372167719,0.0026534023203612644,False
few-label,target-only,COAD,target-only,cold,40,2,0.6996333873305483,0.7236424618634152,0.024009074532866936,True
few-label,UCEC,COAD,single,warm,40,2,0.7569699036576009,0.7576910339467441,0.0007211302891432236,False
few-label,target-only,COAD,target-only,cold,40,3,0.6695796743115354,0.7010185987465034,0.031438924434967985,True
few-label,UCEC,COAD,single,warm,40,3,0.7320743456390143,0.7233309010310003,0.008743444608014017,False
few-label,target-only,COAD,target-only,cold,40,4,0.6870150908005798,0.7053373600910839,0.01832226929050418,True
few-label,UCEC,COAD,single,warm,40,4,0.730582317333106,0.7307676072134861,0.00018528988038013505,False
few-label,target-only,COAD,target-only,cold,40,5,0.6945178617102907,0.7102544393155118,0.01573657760522107,True
few-label,UCEC,COAD,single,warm,40,5,0.7161735868360474,0.7193116026641349,0.0031380158280874815,False
few-label,target-only,COAD,target-only,cold,40,6,0.6818569358001535,0.6890524042326425,0.007195468432488972,False
few-label,UCEC,COAD,single,warm,40,6,0.6990365760081848,0.7090276604670845,0.009991084458899735,False
few-label,target-only,COAD,target-only,cold,40,7,0.7295592122090545,0.7341784080423605,0.004619195833305945,False
few-label,UCEC,COAD,single,warm,40,7,0.7625117230795464,0.7460819253018857,0.016429797777660737,True
few-label,target-only,COAD,target-only,cold,40,8,0.6864609088583852,0.686049215928064,0.0004116929303211725,False
few-label,UCEC,COAD,single,warm,40,8,0.7329269332423907,0.738194399278312,0.00526746603592132,False
few-label,target-only,COAD,target-only,cold,40,9,0.677210333361753,0.6682679000355267,0.00894243332622624,False
few-label,UCEC,COAD,single,warm,40,9,0.7257651973740302,0.7153246893236963,0.010440508050333919,True
few-label,target-only,COAD,target-only,cold,40,10,0.6952425611731606,0.7229660429496578,0.027723481776497194,True
few-label,UCEC,COAD,single,warm,40,10,0.7367635774575838,0.7369916288059286,0.00022805134834480434,False
few-label,target-only,COAD,target-only,cold,40,11,0.683988404808594,0.6975713612769223,0.0135829564683283,True
few-label,UCEC,COAD,single,warm,40,11,0.7011680450166254,0.707511468560128,0.006343423543502591,False
few-label,target-only,COAD,target-only,cold,40,12,0.7030437377440533,0.7281323961815521,0.025088658437498856,True
few-label,UCEC,COAD,single,warm,40,12,0.753730070764771,0.7491513035127733,0.004578767251997795,False
few-label,target-only,COAD,target-only,cold,40,13,0.6697928212123796,0.6970693115226382,0.027276490310258583,True
few-label,UCEC,COAD,single,warm,40,13,0.7311364992753006,0.7388351163346198,0.00769861705931929,False
few-label,target-only,COAD,target-only,cold,40,14,0.6446414869127803,0.6636819855638129,0.019040498651032522,True
few-label,UCEC,COAD,single,warm,40,14,0.7212038536959673,0.7149151325338019,0.006288721162165389,False
few-label,target-only,COAD,target-only,cold,40,15,0.696052519396368,0.705825535658207,0.009773016261839018,False
few-label,UCEC,COAD,single,warm,40,15,0.7536448120044335,0.7503037661885725,0.0033410458158609213,False
few-label,target-only,COAD,target-only,cold,40,16,0.7117827606786596,0.7241248149401078,0.012342054261448188,True
few-label,UCEC,COAD,single,warm,40,16,0.7501492028305908,0.7385373623948599,0.011611840435730936,True
few-label,target-only,COAD,target-only,cold,40,17,0.6844999573706197,0.6871311933680355,0.0026312359974157706,False
few-label,UCEC,COAD,single,warm,40,17,0.723292693324239,0.7190735916957367,0.004219101628502253,False
few-label,target-only,COAD,target-only,cold,40,18,0.6855230624946713,0.6883408278800534,0.0028177653853820317,False
few-label,UCEC,COAD,single,warm,40,18,0.74443686588797,0.7508368326476569,0.006399966759686904,False
few-label,target-only,COAD,target-only,cold,40,19,0.7438400545656065,0.7583410200634629,0.0145009654978564,True
few-label,UCEC,COAD,single,warm,40,19,0.7371046124989342,0.7627046595686118,0.025600047069677556,True
few-label,target-only,COAD,target-only,cold,all,,0.6879955665444624,0.7025113018395044,0.01451573529504202,True
few-label,UCEC,COAD,single,warm,all,,0.7263193793162248,0.726256310830293,6.306848593184977e-05,False
few-label,STAD,COAD,single,warm,0,,0.7611902122943133,0.7669426541680762,0.005752441873762892,False
few-label,STAD,COAD,single,warm,3,0,0.7517691192770056,0.7837264217631645,0.03195730248615891,True
few-label,STAD,COAD,single,warm,3,1,0.7777304117998124,0.7840129575268602,0.006282545727047784,False
few-label,STAD,COAD,single,warm,3,2,0.7558615397732117,0.7540720281594164,0.0017895116137952582,False
few-label,STAD,COAD,single,warm,3,3,0.7721033336175293,0.7788770771874048,0.00677374356987559,False
few-label,STAD,COAD,single,warm,3,4,0.7777730411799813,0.7766966042343401,0.0010764369456411904,False
few-label,STAD,COAD,single,warm,3,5,0.7611049535339757,0.7718162235535622,0.010711270019586494,True
few-label,STAD,COAD,single,warm,3,6,0.7868530991559383,0.7775933568803479,0.009259742275590344,False
few-label,STAD,COAD,single,warm,3,7,0.7892829738255606,0.7833467849594961,0.005936188866064507,False
few-label,STAD,COAD,single,warm,3,8,0.7579077500213147,0.7722400613289391,0.014332311307624357,True
few-label,STAD,COAD,single,warm,3,9,0.7352715491516754,0.7692489611789514,0.033977412027276,True
few-label,STAD,COAD,single,warm,3,10,0.7662631085344019,0.773282324097617,0.007019215563215053,False
few-label,STAD,COAD,single,warm,3,11,0.7327990451018842,0.7613070430066459,0.02850799790476166,True
few-label,STAD,COAD,single,warm,3,12,0.76417426890613,0.7751554212090458,0.010981152302915742,True
few-label,STAD,COAD,single,warm,3,13,0.7649415977491687,0.7643494949274492,0.000592102821719509,False
few-label,STAD,COAD,single,warm,3,14,0.7809702446926422,0.7828090454728984,0.0018388007802562223,False
few-label,STAD,COAD,single,warm,3,15,0.7549663227896667,0.7729904902556342,0.018024167465967467,True
few-label,STAD,COAD,single,warm,3,16,0.7761531247335662,0.7829951414579022,0.006842016724335931,False
few-label,STAD,COAD,single,warm,3,17,0.7456731179128656,0.7602183355097953,0.014545217596929727,True
few-label,STAD,COAD,single,warm,3,18,0.7631937931622474,0.7744532394120279,0.01125944624978048,True
few-label,STAD,COAD,single,warm,3,19,0.7727427743200614,0.7982365601958452,0.02549378587578377,True
few-label,STAD,COAD,single,warm,5,0,0.7319890868786767,0.7621792464955325,0.030190159616855783,True
few-label,STAD,COAD,single,warm,5,1,0.7539432176656151,0.7572469781129166,0.003303760447301518,False
few-label,STAD,COAD,single,warm,5,2,0.7144684116292949,0.7422943279825107,0.02782591635321585,True
few-label,STAD,COAD,single,warm,5,3,0.7781567056015006,0.7798041608617577,0.0016474552602571135,False
few-label,STAD,COAD,single,warm,5,4,0.7725296274192173,0.7845872009486705,0.012057573529453247,True
few-label,STAD,COAD,single,warm,5,5,0.7420069912183477,0.763428125829814,0.02142113461146633,True
few-label,STAD,COAD,single,warm,5,6,0.7739363969647882,0.7749342902490867,0.0009978932842984456,False
few-label,STAD,COAD,single,warm,5,7,0.7688635007246993,0.7770031525354265,0.008139651810727178,False
few-label,STAD,COAD,single,warm,5,8,0.7836132662631086,0.7976516672668609,0.01403840100375231,True
few-label,STAD,COAD,single,warm,5,9,0.746696223036917,0.753550530292834,0.006854307255917069,False
few-label,STAD,COAD,single,warm,5,10,0.7939722056441298,0.7936681144079356,0.00030409123619423717,False
few-label,STAD,COAD,single,warm,5,11,0.7110154318356211,0.7359548526614067,0.024939420825785596,True
few-label,STAD,COAD,single,warm,5,12,0.7823770142382129,0.7889776169984709,0.006600602760257979,False
few-label,STAD,COAD,single,warm,5,13,0.7426464319208799,0.7556992529703553,0.013052821049475472,True
few-label,STAD,COAD,single,warm,5,14,0.7669025492369341,0.7648665501441073,0.0020359990928268124,False
few-label,STAD,COAD,single,warm,5,15,0.7922244010572086,0.7933216271205347,0.0010972260633260733,False
few-label,STAD,COAD,single,warm,5,16,0.7355699548128569,0.7583513306730785,0.022781375860221553,True
few-label,STAD,COAD,single,warm,5,17,0.7180919089436439,0.7364563767910342,0.01836446784739021,True
few-label,STAD,COAD,single,warm,5,18,0.7448205303094892,0.7574314493296619,0.01261091902017264,True
few-label,STAD,COAD,single,warm,5,19,0.7371898712592718,0.7525298623918286,0.015339991132556796,True
few-label,STAD,COAD,single,warm,10,0,0.7544973996078097,0.7681260704979673,0.013628670890157624,True
few-label,STAD,COAD,single,warm,10,1,0.807144684116293,0.815502791812623,0.008358107696329942,False
few-label,STAD,COAD,single,warm,10,2,0.7766220479154233,0.7945665360789491,0.017944488163525785,True
few-label,STAD,COAD,single,warm,10,3,0.7639184926251172,0.7713142792879636,0.007395786662846349,False
few-label,STAD,COAD,single,warm,10,4,0.6986955409668344,0.7131890448181412,0.014493503851306766,True
few-label,STAD,COAD,single,warm,10,5,0.7428595788217239,0.7637911457405003,0.0209315669187764,True
few-label,STAD,COAD,single,warm,10,6,0.7711228578736466,0.7757592742135939,0.004636416339947269,False
few-label,STAD,COAD,single,warm,10,7,0.7827180492795635,0.7938194809714174,0.011101431691853958,True
few-label,STAD,COAD,single,warm,10,8,0.7469946286980987,0.7536407261501601,0.00664609745206135,False
few-label,STAD,COAD,single,warm,10,9,0.724912609770654,0.7480870645408878,0.023174454770233832,True
few-label,STAD,COAD,single,warm,10,10,0.7193707903487083,0.7449203869615986,0.025549596612890246,True
few-label,STAD,COAD,single,warm,10,11,0.7633643106829227,0.7802836239122237,0.01691931322930107,True
few-label,STAD,COAD,single,warm,10,12,0.7783272231221758,0.7861974123746716,0.007870189252495718,False
few-label,STAD,COAD,single,warm,10,13,0.7736379913036066,0.77027922491279,0.003358766390816559,False
few-label,STAD,COAD,single,warm,10,14,0.7176229857617871,0.7521974760316369,0.03457449026984982,True
few-label,STAD,COAD,single,warm,10,15,0.775556313411203,0.7665234057567722,0.009032907654430766,False
few-label,STAD,COAD,single,warm,10,16,0.7573109386989513,0.759286564257766,0.0019756255588146976,False
few-label,STAD,COAD,single,warm,10,17,0.7580782675419899,0.7596379688941753,0.0015597013521854164,False
few-label,STAD,COAD,single,warm,10,18,0.7335237445647541,0.7703456682344468,0.036821923669692724,True
few-label,STAD,COAD,single,warm,10,19,0.762170688038196,0.7685201325762399,0.006349444538043869,False
few-label,STAD,COAD,single,warm,25,0,0.7749168727086708,0.779821921155089,0.004905048446418148,False
few-label,STAD,COAD,single,warm,25,1,0.7961889334129082,0.7957175328257751,0.0004714005871331306,False
few-label,STAD,COAD,single,warm,25,2,0.7939295762639612,0.7994036651861874,0.005474088922226228,False
few-label,STAD,COAD,single,warm,25,3,0.7652826327905193,0.7791857940691109,0.013903161278591591,True
few-label,STAD,COAD,single,warm,25,4,0.7828459374200699,0.7886782995223908,0.005832362102320854,False
few-label,STAD,COAD,single,warm,25,5,0.8334043823002814,0.8273795961844621,0.006024786115819247,False
few-label,STAD,COAD,single,warm,25,6,0.6954983374541734,0.7295743719482548,0.034076034494081364,True
few-label,STAD,COAD,single,warm,25,7,0.784167448205303,0.7843357274414872,0.00016827923618412122,False
few-label,STAD,COAD,single,warm,25,8,0.7957200102310513,0.791645299751556,0.004074710479495369,False
few-label,STAD,COAD,single,warm,25,9,0.7565862392360816,0.7674346073213998,0.010848368085318194,True
few-label,STAD,COAD,single,warm,25,10,0.7686503538238555,0.7753025063869156,0.006652152563060065,False
few-label,STAD,COAD,single,warm,25,11,0.7693324239065565,0.7736230270887668,0.004290603182210306,False
few-label,STAD,COAD,single,warm,25,12,0.7711654872538153,0.7727344128342143,0.0015689255803990054,False
few-label,STAD,COAD,single,warm,25,13,0.7438826839457755,0.7652159335203028,0.021333249574527313,True
few-label,STAD,COAD,single,warm,25,14,0.7435416489044249,0.7563339783905821,0.012792329486157272,True
few-label,STAD,COAD,single,warm,25,15,0.769886605848751,0.7778626209937034,0.007976015144952386,False
few-label,STAD,COAD,single,warm,25,16,0.7770909710972802,0.7803522831025314,0.003261312005251149,False
few-label,STAD,COAD,single,warm,25,17,0.7783698525023446,0.804607613615558,0.02623776111321341,True
few-label,STAD,COAD,single,warm,25,18,0.7232074345639015,0.7424056531022767,0.019198218538375222,True
few-label,STAD,COAD,single,warm,25,19,0.7677977662204791,0.7741584312741215,0.006360665053642411,False
few-label,STAD,COAD,single,warm,40,0,0.7422201381191917,0.7576465437905358,0.015426405671344012,True
few-label,STAD,COAD,single,warm,40,1,0.7805013215107852,0.7884587545302539,0.007957433019468718,False
few-label,STAD,COAD,single,warm,40,2,0.7611902122943132,0.7731931691832387,0.012002956888925498,True
few-label,STAD,COAD,single,warm,40,3,0.7556057634921989,0.7684831345417245,0.012877371049525577,True
few-label,STAD,COAD,single,warm,40,4,0.7567141273765879,0.7561769166506009,0.0005372107259870029,False
few-label,STAD,COAD,single,warm,40,5,0.7729132918407366,0.7726740593622421,0.00023923247849455542,False
few-label,STAD,COAD,single,warm,40,6,0.7536874413846024,0.7591730929888826,0.005485651604280162,False
few-label,STAD,COAD,single,warm,40,7,0.7782419643618382,0.7786838976978004,0.00044193333596220796,False
few-label,STAD,COAD,single,warm,40,8,0.7660499616335579,0.7669935057770212,0.0009435441434633152,False
few-label,STAD,COAD,single,warm,40,9,0.7720607042373604,0.766699386346854,0.005361317890506423,False
few-label,STAD,COAD,single,warm,40,10,0.7379572001023105,0.7551550465423356,0.01719784644002509,True
few-label,STAD,COAD,single,warm,40,11,0.7361667661352204,0.7625648476537255,0.02639808151850509,True
few-label,STAD,COAD,single,warm,40,12,0.7890271975445476,0.7832302035931629,0.005796993951384777,False
few-label,STAD,COAD,single,warm,40,13,0.747847216301475,0.7603338450140834,0.012486628712608416,True
few-label,STAD,COAD,single,warm,40,14,0.7402591866314264,0.7515857483573471,0.011326561725920725,True
few-label,STAD,COAD,single,warm,40,15,0.7657515559723761,0.775640470916042,0.00988891494366595,False
few-label,STAD,COAD,single,warm,40,16,0.7462272998550601,0.7592213649750889,0.012994065120028764,True
few-label,STAD,COAD,single,warm,40,17,0.7522806718390315,0.7712780869687522,0.01899741512972075,True
few-label,STAD,COAD,single,warm,40,18,0.7607212891124564,0.7653754972821506,0.004654208169694196,False
few-label,STAD,COAD,single,warm,40,19,0.8049279563475148,0.8083407151162861,0.00341275876877134,False
few-label,STAD,COAD,single,warm,all,,0.7454173416318527,0.7578261006895565,0.012408759057703778,True
few-label,STAD+UCEC,COAD,pooled,warm,0,,0.7930769886605848,0.7761292472836663,0.016947741376918568,True
few-label,STAD+UCEC,COAD,pooled,warm,3,0,0.7900076732884305,0.7777714642193292,0.012236209069101278,True
few-label,STAD+UCEC,COAD,pooled,warm,3,1,0.796018415892233,0.7808558236423182,0.015162592249914786,True
few-label,STAD+UCEC,COAD,pooled,warm,3,2,0.778966663824708,0.7561683775233925,0.02279828630131553,True
few-label,STAD+UCEC,COAD,pooled,warm,3,3,0.7841674482053033,0.7674869497158474,0.016680498489455853,True
few-label,STAD+UCEC,COAD,pooled,warm,3,4,0.7923522891977149,0.7777066450596739,0.014645644138041036,True
few-label,STAD+UCEC,COAD,pooled,warm,3,5,0.7992156194048938,0.7856968934188397,0.013518725986054081,True
few-label,STAD+UCEC,COAD,pooled,warm,3,6,0.7952937164293631,0.7779534309891807,0.0173402854401824,True
few-label,STAD+UCEC,COAD,pooled,warm,3,7,0.7866825816352631,0.7688653812809721,0.017817200354290907,True
few-label,STAD+UCEC,COAD,pooled,warm,3,8,0.788515644982522,0.7730416419617016,0.01547400302082047,True
few-label,STAD+UCEC,COAD,pooled,warm,3,9,0.7925228067183903,0.7893472657211487,0.0031755409972415993,False
few-label,STAD+UCEC,COAD,pooled,warm,3,10,0.8027964873390742,0.7820983190923608,0.020698168246713333,True
few-label,STAD+UCEC,COAD,pooled,warm,3,11,0.7744479495268138,0.7619202450975043,0.012527704429309505,True
few-label,STAD+UCEC,COAD,pooled,warm,3,12,0.795080569528519,0.7733584529781152,0.02172211655040379,True
few-label,STAD+UCEC,COAD,pooled,warm,3,13,0.7983630318015176,0.7779611728886804,0.02040185891283719,True
few-label,STAD+UCEC,COAD,pooled,warm,3,14,0.798704066842868,0.7859607424463433,0.012743324396524702,True
few-label,STAD+UCEC,COAD,pooled,warm,3,15,0.8016028646943474,0.7827476171075972,0.018855247586750168,True
few-label,STAD+UCEC,COAD,pooled,warm,3,16,0.8053542501492029,0.7843185867426186,0.02103566340658436,True
few-label,STAD+UCEC,COAD,pooled,warm,3,17,0.7825475317588882,0.769893510384573,0.01265402137431526,True
few-label,STAD+UCEC,COAD,pooled,warm,3,18,0.819379316224742,0.805699995028694,0.013679321196047978,True
few-label,STAD+UCEC,COAD,pooled,warm,3,19,0.8150311194475233,0.8000310348925046,0.015000084555018667,True
few-label,STAD+UCEC,COAD,pooled,warm,5,0,0.7890271975445478,0.7746730735886644,0.014354123955883313,True
few-label,STAD+UCEC,COAD,pooled,warm,5,1,0.778497740642851,0.7546009460031307,0.023896794639720387,True
few-label,STAD+UCEC,COAD,pooled,warm,5,2,0.7584193025833403,0.7510829407820471,0.007336361801293267,False
few-label,STAD+UCEC,COAD,pooled,warm,5,3,0.7906044846107937,0.7769282870941263,0.013676197516667377,True
few-label,STAD+UCEC,COAD,pooled,warm,5,4,0.7865973228749253,0.7785379013571665,0.008059421517758847,False
few-label,STAD+UCEC,COAD,pooled,warm,5,5,0.7821212379572001,0.7620289014747803,0.020092336482419815,True
few-label,STAD+UCEC,COAD,pooled,warm,5,6,0.8069741665956177,0.7865060461991942,0.02046812039642354,True
few-label,STAD+UCEC,COAD,pooled,warm,5,7,0.8084661949015262,0.7915081038348168,0.016958091066709313,True
few-label,STAD+UCEC,COAD,pooled,warm,5,8,0.7973825560576349,0.777985927566861,0.019396628490773837,True
few-label,STAD+UCEC,COAD,pooled,warm,5,9,0.7914570722141699,0.7687339302537912,0.022723141960378723,True
few-label,STAD+UCEC,COAD,pooled,warm,5,10,0.7834427487424332,0.7743680385045827,0.009074710237850558,False
few-label,STAD+UCEC,COAD,pooled,warm,5,11,0.7700571233694262,0.7461081349964169,0.023948988373009295,True
few-label,STAD+UCEC,COAD,pooled,warm,5,12,0.789155085685054,0.7839842203476761,0.005170865337377872,False
few-label,STAD+UCEC,COAD,pooled,warm,5,13,0.7793503282462272,0.7707227145027542,0.008627613743472984,False
few-label,STAD+UCEC,COAD,pooled,warm,5,14,0.7986614374626992,0.7757080891634021,0.022953348299297183,True
few-label,STAD+UCEC,COAD,pooled,warm,5,15,0.7923949185778838,0.7678227098952025,0.024572208682681285,True
few-label,STAD+UCEC,COAD,pooled,warm,5,16,0.7970841503964533,0.7883837666250775,0.00870038377137583,False
few-label,STAD+UCEC,COAD,pooled,warm,5,17,0.7582487850626652,0.7487633331029556,0.009485451959709623,False
few-label,STAD+UCEC,COAD,pooled,warm,5,18,0.7880040924204962,0.7725926069406704,0.015411485479825737,True
few-label,STAD+UCEC,COAD,pooled,warm,5,19,0.7891550856850542,0.7654495460955243,0.023705539589529923,True
few-label,STAD+UCEC,COAD,pooled,warm,10,0,0.7838264131639526,0.7736935050495128,0.010132908114439787,True
few-label,STAD+UCEC,COAD,pooled,warm,10,1,0.8129849091994202,0.7969117514395567,0.01607315775986351,True
few-label,STAD+UCEC,COAD,pooled,warm,10,2,0.798021996760167,0.7837240779743262,0.014297918785840857,True
few-label,STAD+UCEC,COAD,pooled,warm,10,3,0.7845084832466536,0.765849236662047,0.018659246584606604,True
few-label,STAD+UCEC,COAD,pooled,warm,10,4,0.7591440020462104,0.7433877812576919,0.01575622078851846,True
few-label,STAD+UCEC,COAD,pooled,warm,10,5,0.7790092932048768,0.7508492972877283,0.02815999591714846,True
few-label,STAD+UCEC,COAD,pooled,warm,10,6,0.7953789751897008,0.7739403994989894,0.021438575690711392,True
few-label,STAD+UCEC,COAD,pooled,warm,10,7,0.7976383323386479,0.7807867091531441,0.016851623185503817,True
few-label,STAD+UCEC,COAD,pooled,warm,10,8,0.7713360047744906,0.757501930321692,0.013834074452798606,True
few-label,STAD+UCEC,COAD,pooled,warm,10,9,0.7744905789069827,0.7527660436771659,0.021724535229816766,True
few-label,STAD+UCEC,COAD,pooled,warm,10,10,0.7877909455196521,0.7745350192122784,0.013255926307373711,True
few-label,STAD+UCEC,COAD,pooled,warm,10,11,0.7946116463466621,0.7853622214704639,0.009249424876198287,False
few-label,STAD+UCEC,COAD,pooled,warm,10,12,0.7850200358086793,0.7832901714858022,0.0017298643228771393,False
few-label,STAD+UCEC,COAD,pooled,warm,10,13,0.7974251854378037,0.7893860437256663,0.008039141712137376,False
few-label,STAD+UCEC,COAD,pooled,warm,10,14,0.7906897433711313,0.7863046664799395,0.00438507689119183,False
few-label,STAD+UCEC,COAD,pooled,warm,10,15,0.7804586921306165,0.7553491863427315,0.025109505787884956,True
few-label,STAD+UCEC,COAD,pooled,warm,10,16,0.7657089265922074,0.7540960419917718,0.011612884600435525,True
few-label,STAD+UCEC,COAD,pooled,warm,10,17,0.773296956262256,0.7687389755229874,0.004557980739268608,False
few-label,STAD+UCEC,COAD,pooled,warm,10,18,0.777389376758462,0.7655455929373506,0.011843783821111398,True
few-label,STAD+UCEC,COAD,pooled,warm,10,19,0.7725296274192173,0.7572408579503913,0.015288769468825958,True
few-label,STAD+UCEC,COAD,pooled,warm,25,0,0.7828033080399012,0.7782139977422997,0.004589310297601457,False
few-label,STAD+UCEC,COAD,pooled,warm,25,1,0.7991729900247251,0.7852159583768323,0.013957031647892748,True
few-label,STAD+UCEC,COAD,pooled,warm,25,2,0.8043311450251512,0.7880309791168779,0.016300165908273323,True
few-label,STAD+UCEC,COAD,pooled,warm,25,3,0.7957626396112201,0.7957839682660934,2.1328654873364883e-05,False
few-label,STAD+UCEC,COAD,pooled,warm,25,4,0.7941427231648052,0.7751879711373256,0.018954752027479538,True
few-label,STAD+UCEC,COAD,pooled,warm,25,5,0.8113649927530053,0.8015067294506222,0.009858263302383152,False
few-label,STAD+UCEC,COAD,pooled,warm,25,6,0.7571830505584449,0.7545786066520923,0.002604443906352616,False
few-label,STAD+UCEC,COAD,pooled,warm,25,7,0.7908176315116379,0.7684977568497925,0.022319874661845374,True
few-label,STAD+UCEC,COAD,pooled,warm,25,8,0.7927785829994032,0.7679375197791285,0.024841063220274684,True
few-label,STAD+UCEC,COAD,pooled,warm,25,9,0.7995140250660755,0.7663225352932403,0.03319148977283515,True
few-label,STAD+UCEC,COAD,pooled,warm,25,10,0.797808849859323,0.7903143023257224,0.007494547533600571,False
few-label,STAD+UCEC,COAD,pooled,warm,25,11,0.808295677380851,0.7774739570260921,0.03082172035475883,True
few-label,STAD+UCEC,COAD,pooled,warm,25,12,0.7924375479580525,0.7779578014945444,0.014479746463508136,True
few-label,STAD+UCEC,COAD,pooled,warm,25,13,0.7649842271293374,0.7490350410375237,0.015949186091813727,True
few-label,STAD+UCEC,COAD,pooled,warm,25,14,0.7828459374200699,0.7794203342172558,0.0034256032028141536,False
few-label,STAD+UCEC,COAD,pooled,warm,25,15,0.7964020803137521,0.7839420988368356,0.012459981476916515,True
few-label,STAD+UCEC,COAD,pooled,warm,25,16,0.7929064711399095,0.785286006501498,0.007620464638411484,False
few-label,STAD+UCEC,COAD,pooled,warm,25,17,0.7952510870491942,0.7801743928034892,0.015076694245705013,True
few-label,STAD+UCEC,COAD,pooled,warm,25,18,0.7809276153124732,0.771705870263467,0.009221745049006191,False
few-label,STAD+UCEC,COAD,pooled,warm,25,19,0.7799045101884218,0.7662985681426595,0.013605942045762265,True
few-label,STAD+UCEC,COAD,pooled,warm,40,0,0.7965299684542586,0.7887265715085974,0.007803396945661234,False
few-label,STAD+UCEC,COAD,pooled,warm,40,1,0.7941427231648052,0.7761280590203132,0.018014664144491932,True
few-label,STAD+UCEC,COAD,pooled,warm,40,2,0.7946116463466621,0.779507267806672,0.015104378539990138,True
few-label,STAD+UCEC,COAD,pooled,warm,40,3,0.7845084832466537,0.7670889475745483,0.017419535672105413,True
few-label,STAD+UCEC,COAD,pooled,warm,40,4,0.7807997271719669,0.771964279954846,0.008835447217120929,False
few-label,STAD+UCEC,COAD,pooled,warm,40,5,0.7823343848580442,0.7720520604850296,0.010282324373014573,True
few-label,STAD+UCEC,COAD,pooled,warm,40,6,0.7745332082871514,0.7740143070545255,0.0005189012326259901,False
few-label,STAD+UCEC,COAD,pooled,warm,40,7,0.8124307272572258,0.7884171550065295,0.024013572250696225,True
few-label,STAD+UCEC,COAD,pooled,warm,40,8,0.7917981072555206,0.7872576858207444,0.004540421434776176,False
few-label,STAD+UCEC,COAD,pooled,warm,40,9,0.782163867337369,0.7690386343216533,0.013125233015715665,True
few-label,STAD+UCEC,COAD,pooled,warm,40,10,0.7778582999403189,0.765515600806564,0.012342699133754853,True
few-label,STAD+UCEC,COAD,pooled,warm,40,11,0.763747975104442,0.7519571406746184,0.011790834429823649,True
few-label,STAD+UCEC,COAD,pooled,warm,40,12,0.7945263875863244,0.7784849090554156,0.01604147853090887,True
few-label,STAD+UCEC,COAD,pooled,warm,40,13,0.7827180492795636,0.7791176653535145,0.003600383926049111,False
few-label,STAD+UCEC,COAD,pooled,warm,40,14,0.7820786085770314,0.7623014866629563,0.019777121914075102,True
few-label,STAD+UCEC,COAD,pooled,warm,40,15,0.7973399266774661,0.7806691971826034,0.0166707294948627,True
few-label,STAD+UCEC,COAD,pooled,warm,40,16,0.7886435331230284,0.7836234993628242,0.005020033760204212,False
few-label,STAD+UCEC,COAD,pooled,warm,40,17,0.7798192514280844,0.7649992955295835,0.014819955898500936,True
few-label,STAD+UCEC,COAD,pooled,warm,40,18,0.7892829738255606,0.78890219622593,0.0003807775996305107,False
few-label,STAD+UCEC,COAD,pooled,warm,40,19,0.7946969051069996,0.7967007031366515,0.002003798029651893,False
few-label,STAD+UCEC,COAD,pooled,warm,all,,0.7827180492795635,0.7756862135988254,0.007031835680738063,False
few-label,target-only,STAD,target-only,cold,0,,0.5,0.5,0.0,False
few-label,COAD,STAD,single,warm,0,,0.7648938363224077,0.7775903019920293,0.01269646566962157,True
few-label,target-only,STAD,target-only,cold,3,0,0.6993918779633065,0.6971234934886291,0.002268384474677365,False
few-label,COAD,STAD,single,warm,3,0,0.8020511234796948,0.8037815516768019,0.0017304281971071145,False
few-label,target-only,STAD,target-only,cold,3,1,0.757627293341579,0.7543688041036368,0.0032584892379421415,False
few-label,COAD,STAD,single,warm,3,1,0.8379715522572665,0.8285867398961809,0.00938481236108557,False
few-label,target-only,STAD,target-only,cold,3,2,0.6381158524015668,0.612176455726465,0.02593939667510181,True
few-label,COAD,STAD,single,warm,3,2,0.800453514739229,0.809092219677515,0.008638704938286002,False
few-label,target-only,STAD,target-only,cold,3,3,0.6055967841682127,0.6335030399939325,0.027906255825719817,True
few-label,COAD,STAD,single,warm,3,3,0.806895485466914,0.8177855267933944,0.010890041326480415,True
few-label,target-only,STAD,target-only,cold,3,4,0.7283549783549784,0.718070826204304,0.010284152150674464,True
few-label,COAD,STAD,single,warm,3,4,0.8037002679859823,0.8075205607864581,0.0038202928004757997,False
few-label,target-only,STAD,target-only,cold,3,5,0.7524221809936096,0.7438223450828891,0.008599835910720444,False
few-label,COAD,STAD,single,warm,3,5,0.7933415790558649,0.8069126139526313,0.013571034896766365,True
few-label,target-only,STAD,target-only,cold,3,6,0.6738816738816737,0.6495865601879421,0.024295113693731607,True
few-label,COAD,STAD,single,warm,3,6,0.7966398680684396,0.8118666804799737,0.015226812411534119,True
few-label,target-only,STAD,target-only,cold,3,7,0.6389404246547105,0.6635243513311544,0.024583926676443935,True
few-label,COAD,STAD,single,warm,3,7,0.8127705627705627,0.829265550348061,0.016494987577498343,True
few-label,target-only,STAD,target-only,cold,3,8,0.6945475159760874,0.7353311380812617,0.04078362210517428,True
few-label,COAD,STAD,single,warm,3,8,0.8140589569160998,0.8378530637478272,0.023794106831727446,True
few-label,target-only,STAD,target-only,cold,3,9,0.7148010719439291,0.6974084935375258,0.017392578406403292,True
few-label,COAD,STAD,single,warm,3,9,0.8272521129663987,0.8194251634891119,0.007826949477286793,False
few-label,target-only,STAD,target-only,cold,3,10,0.7114512471655329,0.7179239925180825,0.006472745352549603,False
few-label,COAD,STAD,single,warm,3,10,0.8185425685425685,0.8244543954354236,0.005911826892855188,False
few-label,target-only,STAD,target-only,cold,3,11,0.6815605029890743,0.6574372616807885,0.024123241308285803,True
few-label,COAD,STAD,single,warm,3,11,0.7896825396825395,0.8005443398836135,0.010861800201073968,True
few-label,target-only,STAD,target-only,cold,3,12,0.6416718202432489,0.6663741713186119,0.024702351075363005,True
few-label,COAD,STAD,single,warm,3,12,0.813234384662956,0.8302477930699489,0.017013408406992947,True
few-label,target-only,STAD,target-only,cold,3,13,0.5722016079158936,0.601457020535974,0.029255412620080468,True
few-label,COAD,STAD,single,warm,3,13,0.7755102040816326,0.8059443059342447,0.030434101852612083,True
few-label,target-only,STAD,target-only,cold,3,14,0.6995980210265925,0.7084582385570366,0.008860217530444081,False
few-label,COAD,STAD,single,warm,3,14,0.8129767058338487,0.8258484283572344,0.012871722523385642,True
few-label,target-only,STAD,target-only,cold,3,15,0.6588847660276231,0.6392079004028044,0.01967686562481874,True
few-label,COAD,STAD,single,warm,3,15,0.7917955060812203,0.8011591871288795,0.009363681047659167,False
few-label,target-only,STAD,target-only,cold,3,16,0.5978664192949907,0.6119129644870823,0.014046545192091586,True
few-label,COAD,STAD,single,warm,3,16,0.7934446505875077,0.8068269810066637,0.013382330419156041,True
few-label,target-only,STAD,target-only,cold,3,17,0.7213976499690786,0.7255137862969288,0.004116136327850128,False
few-label,COAD,STAD,single,warm,3,17,0.7940115440115441,0.8213672190194907,0.027355675007946667,True
few-label,target-only,STAD,target-only,cold,3,18,0.6056998556998557,0.6481646273637375,0.04246477166388174,True
few-label,COAD,STAD,single,warm,3,18,0.8093176664605235,0.8144441919634069,0.0051265255028833945,False
few-label,target-only,STAD,target-only,cold,3,19,0.7481447124304267,0.7189501763687007,0.02919453606172595,True
few-label,COAD,STAD,single,warm,3,19,0.8156050298907442,0.8179815969478288,0.0023765670570845554,False
few-label,target-only,STAD,target-only,cold,5,0,0.6534219748505463,0.6546930534774474,0.0012710786269011232,False
few-label,COAD,STAD,single,warm,5,0,0.7980313337456194,0.8171104557657903,0.019079122020170924,True
few-label,target-only,STAD,target-only,cold,5,1,0.6641414141414141,0.6714684367362498,0.0073270225948356416,False
few-label,COAD,STAD,single,warm,5,1,0.7898371469800041,0.8015694764223416,0.011732329442337486,True
few-label,target-only,STAD,target-only,cold,5,2,0.7659245516388372,0.7339977924847494,0.031926759154087825,True
few-label,COAD,STAD,single,warm,5,2,0.8033910533910533,0.814499313001893,0.011108259610839721,True
few-label,target-only,STAD,target-only,cold,5,3,0.7591733663162233,0.7884718498403263,0.029298483524102914,True
few-label,COAD,STAD,single,warm,5,3,0.8172541743970315,0.8277081952262708,0.010454020829239297,True
few-label,target-only,STAD,target-only,cold,5,4,0.7205215419501134,0.6979432195700465,0.022578322380066962,True
few-label,COAD,STAD,single,warm,5,4,0.7985982271696557,0.8181644251448278,0.019566197975172117,True
few-label,target-only,STAD,target-only,cold,5,5,0.7401566687280973,0.7395111801308308,0.0006454885972664304,False
few-label,COAD,STAD,single,warm,5,5,0.8223046794475366,0.8310845545664904,0.00877987511895384,False
few-label,target-only,STAD,target-only,cold,5,6,0.7045454545454545,0.7303023179852952,0.025756863439840738,True
few-label,COAD,STAD,single,warm,5,6,0.8154504225932797,0.8298325917426229,0.014382169149343205,True
few-label,target-only,STAD,target-only,cold,5,7,0.7438672438672439,0.7355291078580265,0.0083381360092174,False
few-label,COAD,STAD,single,warm,5,7,0.8060193774479489,0.8244766321679906,0.01845725472004167,True
few-label,target-only,STAD,target-only,cold,5,8,0.7813337456194599,0.7927194594047424,0.011385713785282525,True
few-label,COAD,STAD,single,warm,5,8,0.7934446505875077,0.8003485419119303,0.006903891324422595,False
few-label,target-only,STAD,target-only,cold,5,9,0.716501752216038,0.7217610998414707,0.0052593476254327864,False
few-label,COAD,STAD,single,warm,5,9,0.8116883116883118,0.8291013609475673,0.017413049259255464,True
few-label,target-only,STAD,target-only,cold,5,10,0.7052154195011338,0.7117187788048158,0.006503359303682066,False
few-label,COAD,STAD,single,warm,5,10,0.8167903525046382,0.8233943257425947,0.006603973237956584,False
few-label,target-only,STAD,target-only,cold,5,11,0.7349515563801278,0.741608510849025,0.006656954468897247,False
few-label,COAD,STAD,single,warm,5,11,0.8061224489795917,0.8173387490158246,0.011216300036232862,True
few-label,target-only,STAD,target-only,cold,5,12,0.7689651618223047,0.7576511821730467,0.011313979649257955,True
few-label,COAD,STAD,single,warm,5,12,0.8263760049474336,0.840467031854511,0.01409102690707742,True
few-label,target-only,STAD,target-only,cold,5,13,0.7643269428983714,0.7665365315807937,0.00220958868242227,False
few-label,COAD,STAD,single,warm,5,13,0.8259637188208616,0.82946404706439,0.0035003282435284166,False
few-label,target-only,STAD,target-only,cold,5,14,0.7773139558853843,0.7531027159313025,0.02421123995408181,True
few-label,COAD,STAD,single,warm,5,14,0.8089569160997732,0.8013703454798886,0.007586570619884547,False
few-label,target-only,STAD,target-only,cold,5,15,0.7352092352092352,0.7247054015752841,0.010503833633951132,True
few-label,COAD,STAD,single,warm,5,15,0.7947845804988662,0.8090205519954624,0.014235971496596167,True
few-label,target-only,STAD,target-only,cold,5,16,0.7092867450010308,0.6674475728945201,0.04183917210651078,True
few-label,COAD,STAD,single,warm,5,16,0.8051432694289836,0.8024287357804344,0.0027145336485492333,False
few-label,target-only,STAD,target-only,cold,5,17,0.755050505050505,0.7205482410179952,0.03450226403250978,True
few-label,COAD,STAD,single,warm,5,17,0.8427643784786643,0.8377773089680224,0.004987069510641873,False
few-label,target-only,STAD,target-only,cold,5,18,0.6495567924139352,0.6608449618959755,0.011288169482040367,True
few-label,COAD,STAD,single,warm,5,18,0.8115337043908472,0.8274580889280477,0.015924384537200575,True
few-label,target-only,STAD,target-only,cold,5,19,0.7682436611008039,0.7378766590533523,0.030367002047451574,True
few-label,COAD,STAD,single,warm,5,19,0.8246753246753247,0.8298010589872689,0.005125734311944186,False
few-label,target-only,STAD,target-only,cold,10,0,0.7695835910121624,0.7853980313813578,0.015814440369195326,True
few-label,COAD,STAD,single,warm,10,0,0.857658214801072,0.8745332129539118,0.016874998152839882,True
few-label,target-only,STAD,target-only,cold,10,1,0.7854050711193569,0.7736018579379258,0.011803213181431071,True
few-label,COAD,STAD,single,warm,10,1,0.8369923727066584,0.8539017166551812,0.016909343948522837,True
few-label,target-only,STAD,target-only,cold,10,2,0.786075036075036,0.7676417109805673,0.01843332509446871,True
few-label,COAD,STAD,single,warm,10,2,0.8256545042259328,0.8259834447865131,0.0003289405605803042,False
few-label,target-only,STAD,target-only,cold,10,3,0.8313234384662955,0.8288878551666293,0.0024355832996661997,False
few-label,COAD,STAD,single,warm,10,3,0.8435374149659863,0.8507886333960251,0.007251218430038731,False
few-label,target-only,STAD,target-only,cold,10,4,0.7384044526901669,0.7484628248298917,0.010058372139724825,True
few-label,COAD,STAD,single,warm,10,4,0.8235930735930735,0.8306156288766211,0.00702255528354756,False
few-label,target-only,STAD,target-only,cold,10,5,0.7840136054421769,0.7773907309796144,0.006622874462562489,False
few-label,COAD,STAD,single,warm,10,5,0.855081426509998,0.8584615620995935,0.00338013558959549,False
few-label,target-only,STAD,target-only,cold,10,6,0.8116367759224903,0.7896166763055513,0.02202009961693896,True
few-label,COAD,STAD,single,warm,10,6,0.8296742939600082,0.8390492415269366,0.00937494756692836,False
few-label,target-only,STAD,target-only,cold,10,7,0.7776231704803133,0.7678566832062228,0.009766487274090463,False
few-label,COAD,STAD,single,warm,10,7,0.8276643990929705,0.8285800928110671,0.0009156937180966329,False
few-label,target-only,STAD,target-only,cold,10,8,0.7755617398474541,0.7428382503999122,0.03272348944754189,True
few-label,COAD,STAD,single,warm,10,8,0.8315295815295816,0.8290479066220439,0.002481674907537701,False
few-label,target-only,STAD,target-only,cold,10,9,0.7964337250051535,0.8001192121436838,0.00368548713853023,False
few-label,COAD,STAD,single,warm,10,9,0.8336425479282622,0.8388616763357216,0.005219128407459417,False
few-label,target-only,STAD,target-only,cold,10,10,0.7569057926200784,0.7404787468316003,0.01642704578847809,True
few-label,COAD,STAD,single,warm,10,10,0.8249845392702536,0.8323514549305937,0.00736691566034009,False
few-label,target-only,STAD,target-only,cold,10,11,0.7838589981447125,0.7918301579892777,0.007971159844565201,False
few-label,COAD,STAD,single,warm,10,11,0.8550298907441765,0.8676207413998054,0.012590850655628927,True
few-label,target-only,STAD,target-only,cold,10,12,0.7450525664811378,0.7354854354658729,0.009567131015264962,False
few-label,COAD,STAD,single,warm,10,12,0.8222016079158936,0.8341244570779895,0.011922849162095961,True
few-label,target-only,STAD,target-only,cold,10,13,0.7755102040816326,0.7928649849752001,0.017354780893567456,True
few-label,COAD,STAD,single,warm,10,13,0.8253452896310038,0.8495053549257874,0.02416006529478354,True
few-label,target-only,STAD,target-only,cold,10,14,0.7481962481962482,0.7512220246719034,0.003025776475655162,False
few-label,COAD,STAD,single,warm,10,14,0.8291589363017934,0.8387551826560833,0.009596246354289906,False
few-label,target-only,STAD,target-only,cold,10,15,0.7875180375180375,0.7779582756456752,0.009559761872362293,False
few-label,COAD,STAD,single,warm,10,15,0.8387445887445888,0.8433655013551657,0.004620912610576955,False
few-label,target-only,STAD,target-only,cold,10,16,0.7426819212533498,0.7233414641590585,0.01934045709429122,True
few-label,COAD,STAD,single,warm,10,16,0.8335394763966193,0.8390078169507665,0.005468340554147244,False
few-label,target-only,STAD,target-only,cold,10,17,0.7946299732014017,0.7711935511440362,0.023436422057365514,True
few-label,COAD,STAD,single,warm,10,17,0.8351886209029067,0.8153975600357383,0.01979106086716842,True
few-label,target-only,STAD,target-only,cold,10,18,0.7730364873222016,0.7780162564236689,0.004979769101467246,False
few-label,COAD,STAD,single,warm,10,18,0.8458049886621315,0.8506566704722834,0.004851681810151942,False
few-label,target-only,STAD,target-only,cold,10,19,0.7178932178932179,0.6988111099043,0.019082107988917962,True
few-label,COAD,STAD,single,warm,10,19,0.8287466501752215,0.8118635398447458,0.016883110330475737,True
few-label,target-only,STAD,target-only,cold,25,0,0.8450834879406307,0.8276964885069956,0.017386999433635086,True
few-label,COAD,STAD,single,warm,25,0,0.8711605854462998,0.8627226413290403,0.00843794411725951,False
few-label,target-only,STAD,target-only,cold,25,1,0.7840136054421769,0.7737586817584655,0.010254923683711392,True
few-label,COAD,STAD,single,warm,25,1,0.8669346526489383,0.869667053652539,0.0027324010036007262,False
few-label,target-only,STAD,target-only,cold,25,2,0.8474541331684189,0.8347759707730085,0.01267816239541042,True
few-label,COAD,STAD,single,warm,25,2,0.8570397856112142,0.869223080605732,0.012183294994517757,True
few-label,target-only,STAD,target-only,cold,25,3,0.814728921871779,0.793396105138956,0.021332816732823057,True
few-label,COAD,STAD,single,warm,25,3,0.8646670789527933,0.860745466291057,0.003921612661736296,False
few-label,target-only,STAD,target-only,cold,25,4,0.8259121830550402,0.8248953304519674,0.0010168526030728264,False
few-label,COAD,STAD,single,warm,25,4,0.8723459080601937,0.8744599284308915,0.0021140203706977445,False
few-label,target-only,STAD,target-only,cold,25,5,0.8229746444032157,0.7945947892621473,0.028379855141068333,True
few-label,COAD,STAD,single,warm,25,5,0.8582251082251082,0.8500381787350912,0.008186929490016981,False
few-label,target-only,STAD,target-only,cold,25,6,0.8301896516182231,0.8211374725242372,0.009052179093985924,False
few-label,COAD,STAD,single,warm,25,6,0.8656977942692229,0.8724599409541591,0.006762146684936243,False
few-label,target-only,STAD,target-only,cold,25,7,0.8455473098330242,0.8519343545661368,0.006387044733112579,False
few-label,COAD,STAD,single,warm,25,7,0.8764687693259121,0.8914640097676806,0.014995240441768476,True
few-label,target-only,STAD,target-only,cold,25,8,0.8273551844980416,0.8275769927366609,0.000221808238619281,False
few-label,COAD,STAD,single,warm,25,8,0.8714698000412286,0.8672074911923586,0.004262308848870022,False
few-label,target-only,STAD,target-only,cold,25,9,0.8377138734281591,0.823748567626893,0.013965305801266092,True
few-label,COAD,STAD,single,warm,25,9,0.8697175840032982,0.8741773911612313,0.004459807157933038,False
few-label,target-only,STAD,target-only,cold,25,10,0.8278705421562563,0.8367649542899434,0.008894412133687024,False
few-label,COAD,STAD,single,warm,25,10,0.8609049680478251,0.8767986762112953,0.015893708163470133,True
few-label,target-only,STAD,target-only,cold,25,11,0.8368893011750154,0.8158078162979441,0.021081484877071288,True
few-label,COAD,STAD,single,warm,25,11,0.8711605854462997,0.8729877826357132,0.0018271971894134875,False
few-label,target-only,STAD,target-only,cold,25,12,0.8413213770356627,0.825181688943778,0.016139688091884707,True
few-label,COAD,STAD,single,warm,25,12,0.8685322613894042,0.8640584555567832,0.004473805832621025,False
few-label,target-only,STAD,target-only,cold,25,13,0.809472273757988,0.811636850106137,0.0021645763481489277,False
few-label,COAD,STAD,single,warm,25,13,0.8519892805607091,0.8557714713177379,0.0037821907570287916,False
few-label,target-only,STAD,target-only,cold,25,14,0.823541537827252,0.8266938733678397,0.003152335540587692,False
few-label,COAD,STAD,single,warm,25,14,0.8681199752628324,0.871054295010002,0.0029343197471696225,False
few-label,target-only,STAD,target-only,cold,25,15,0.841991341991342,0.8296478013069558,0.012343540684386145,True
few-label,COAD,STAD,single,warm,25,15,0.8635848278705422,0.8712966954673209,0.007711867596778665,False
few-label,target-only,STAD,target-only,cold,25,16,0.8347763347763347,0.8202609062184901,0.0145154285578446,True
few-label,COAD,STAD,single,warm,25,16,0.8633271490414348,0.8646393437448893,0.00131219470345445,False
few-label,target-only,STAD,target-only,cold,25,17,0.8336425479282623,0.820643123690974,0.012999424237288282,True
few-label,COAD,STAD,single,warm,25,17,0.8558029272314986,0.8630508979533937,0.007247970721895092,False
few-label,target-only,STAD,target-only,cold,25,18,0.8317357245928674,0.8266929817840166,0.005042742808850753,False
few-label,COAD,STAD,single,warm,25,18,0.8837868480725624,0.8744890229853848,0.00929782508717758,False
few-label,target-only,STAD,target-only,cold,25,19,0.8384869099154814,0.8404023197877093,0.0019154098722279356,False
few-label,COAD,STAD,single,warm,25,19,0.8795093795093796,0.8834902495503588,0.003980870040979245,False
few-label,target-only,STAD,target-only,cold,40,0,0.8538445681302825,0.8516236206329559,0.0022209474973265975,False
few-label,COAD,STAD,single,warm,40,0,0.8836837765409193,0.8939288389575939,0.010245062416674555,True
few-label,target-only,STAD,target-only,cold,40,1,0.839620696763554,0.8352271619295164,0.0043935348340375935,False
few-label,COAD,STAD,single,warm,40,1,0.8788394145537003,0.887227595393227,0.008388180839526749,False
few-label,target-only,STAD,target-only,cold,40,2,0.8656462585034014,0.8688326865969463,0.0031864280935449685,False
few-label,COAD,STAD,single,warm,40,2,0.8799216656359514,0.889058501787537,0.009136836151585559,False
few-label,target-only,STAD,target-only,cold,40,3,0.8567305710162852,0.8612655211791213,0.0045349501628360045,False
few-label,COAD,STAD,single,warm,40,3,0.8790455576169862,0.884456132632405,0.00541057501541875,False
few-label,target-only,STAD,target-only,cold,40,4,0.8402391259534117,0.8414599094054083,0.0012207834519966099,False
few-label,COAD,STAD,single,warm,40,4,0.8754380540094826,0.887633032083077,0.012194978073594376,True
few-label,target-only,STAD,target-only,cold,40,5,0.820088641517213,0.8232580994460321,0.003169457928819175,False
few-label,COAD,STAD,single,warm,40,5,0.8674500103071532,0.8834665962450693,0.016016585937916106,True
few-label,target-only,STAD,target-only,cold,40,6,0.8384869099154815,0.8385355313709543,4.862145547279706e-05,False
few-label,COAD,STAD,single,warm,40,6,0.8870851370851371,0.8958521350753653,0.008766997990228176,False
few-label,target-only,STAD,target-only,cold,40,7,0.8601834673263244,0.842840262380531,0.017343204945793445,True
few-label,COAD,STAD,single,warm,40,7,0.8803339517625232,0.8895383335138348,0.009204381751311663,False
few-label,target-only,STAD,target-only,cold,40,8,0.8620387548958978,0.8683152984626265,0.006276543566728687,False
few-label,COAD,STAD,single,warm,40,8,0.8872397443826014,0.8951698752630536,0.007930130880452135,False
few-label,target-only,STAD,target-only,cold,40,9,0.8527107812822098,0.8410785017188737,0.011632279563336123,True
few-label,COAD,STAD,single,warm,40,9,0.880746237889095,0.8836819316194742,0.002935693730379163,False
few-label,target-only,STAD,target-only,cold,40,10,0.8686868686868687,0.8842994052397248,0.015612536552856104,True
few-label,COAD,STAD,single,warm,40,10,0.891053391053391,0.9033597367507731,0.012306345697382093,True
few-label,target-only,STAD,target-only,cold,40,11,0.8586889301175015,0.833591500883573,0.025097429233928437,True
few-label,COAD,STAD,single,warm,40,11,0.8836837765409193,0.88451856606272,0.0008347895218006052,False
few-label,target-only,STAD,target-only,cold,40,12,0.8577097505668934,0.8457580120562523,0.011951738510641019,True
few-label,COAD,STAD,single,warm,40,12,0.8803854875283447,0.8890847138447675,0.008699226316422837,False
few-label,target-only,STAD,target-only,cold,40,13,0.8672954030096887,0.853352434762489,0.01394296824719965,True
few-label,COAD,STAD,single,warm,40,13,0.8829622758194187,0.8761193126809437,0.006842963138474989,False
few-label,target-only,STAD,target-only,cold,40,14,0.8427128427128427,0.8320925549057501,0.010620287807092677,True
few-label,COAD,STAD,single,warm,40,14,0.8761080189651619,0.8939839802829932,0.017875961317831313,True
few-label,target-only,STAD,target-only,cold,40,15,0.8440527726242012,0.8469141167447349,0.0028613441205337375,False
few-label,COAD,STAD,single,warm,40,15,0.8733250876108019,0.8834545122022142,0.010129424591412306,True
few-label,target-only,STAD,target-only,cold,40,16,0.8522984951556379,0.8495094984627721,0.0027889966928658083,False
few-label,COAD,STAD,single,warm,40,16,0.8878581735724593,0.9019962194427069,0.014138045870247584,True
few-label,target-only,STAD,target-only,cold,40,17,0.8633786848072562,0.861061035857067,0.002317648950189266,False
few-label,COAD,STAD,single,warm,40,17,0.8913626056483199,0.9017460961086787,0.010383490460358802,True
few-label,target-only,STAD,target-only,cold,40,18,0.8427643784786641,0.8483316607033545,0.005567282224690384,False
few-label,COAD,STAD,single,warm,40,18,0.8721397649969078,0.8773110574444232,0.005171292447515352,False
few-label,target-only,STAD,target-only,cold,40,19,0.8525046382189239,0.8549078840848437,0.0024032458659198896,False
few-label,COAD,STAD,single,warm,40,19,0.8802308802308801,0.8880463154518239,0.007815435220943745,False
few-label,target-only,STAD,target-only,cold,all,,0.8534322820037106,0.8715792187572173,0.01814693675350676,True
few-label,COAD,STAD,single,warm,all,,0.8854875283446711,0.9008350103197967,0.015347481975125588,True
few-label,UCEC,STAD,single,warm,0,,0.6900639043496186,0.6863975975665275,0.0036663067830911,False
few-label,UCEC,STAD,single,warm,3,0,0.7374768089053803,0.7353501569322776,0.002126651973102689,False
few-label,UCEC,STAD,single,warm,3,1,0.7489692846835704,0.728496007327425,0.020473277356145347,True
few-label,UCEC,STAD,single,warm,3,2,0.7142857142857142,0.6825699496015858,0.0317157646841284,True
few-label,UCEC,STAD,single,warm,3,3,0.6752216037930324,0.6778304866242659,0.0026088828312335055,False
few-label,UCEC,STAD,single,warm,3,4,0.6676973819830961,0.6840405834365365,0.01634320145344037,True
few-label,UCEC,STAD,single,warm,3,5,0.6971243042671613,0.7221490193670317,0.025024715099870365,True
few-label,UCEC,STAD,single,warm,3,6,0.6976911976911976,0.6918027129168753,0.005888484774322245,False
few-label,UCEC,STAD,single,warm,3,7,0.7055246340960627,0.7170944103130136,0.011569776216950878,True
few-label,UCEC,STAD,single,warm,3,8,0.7191816120387549,0.7286404139315746,0.00945880189281978,False
few-label,UCEC,STAD,single,warm,3,9,0.7462894248608535,0.7310782626324006,0.015211162228452868,True
few-label,UCEC,STAD,single,warm,3,10,0.7208307565450423,0.7131427039729475,0.007688052572094706,False
few-label,UCEC,STAD,single,warm,3,11,0.7264481550195836,0.7201262356420672,0.006321919377516361,False
few-label,UCEC,STAD,single,warm,3,12,0.7051123479694907,0.6996393041463953,0.005473043823095436,False
few-label,UCEC,STAD,single,warm,3,13,0.687950937950938,0.6876094538783792,0.0003414840725587398,False
few-label,UCEC,STAD,single,warm,3,14,0.7180478251906823,0.7156705457455326,0.0023772794451497603,False
few-label,UCEC,STAD,single,warm,3,15,0.7249536178107606,0.7031208572432811,0.021832760567479514,True
few-label,UCEC,STAD,single,warm,3,16,0.6614100185528756,0.6836846428483743,0.022274624295498646,True
few-label,UCEC,STAD,single,warm,3,17,0.7100597814883529,0.7107979155690927,0.0007381340807397496,False
few-label,UCEC,STAD,single,warm,3,18,0.6937229437229437,0.6987463503063012,0.005023406583357426,False
few-label,UCEC,STAD,single,warm,3,19,0.7522160379303237,0.7403384820738593,0.011877555856464328,True
few-label,UCEC,STAD,single,warm,5,0,0.6565656565656566,0.6810408896518849,0.024475233086228343,True
few-label,UCEC,STAD,single,warm,5,1,0.6953205524634096,0.7058625366048737,0.010541984141464122,True
few-label,UCEC,STAD,single,warm,5,2,0.7375798804370233,0.7306674760494783,0.006912404387544924,False
few-label,UCEC,STAD,single,warm,5,3,0.7509791795506081,0.7427959673361973,0.008183212214410762,False
few-label,UCEC,STAD,single,warm,5,4,0.7436611008039579,0.7350875054540585,0.008573595349899321,False
few-label,UCEC,STAD,single,warm,5,5,0.7232529375386517,0.6960156552678143,0.027237282270837437,True
few-label,UCEC,STAD,single,warm,5,6,0.6938260152545866,0.7208180006534467,0.026991985398860052,True
few-label,UCEC,STAD,single,warm,5,7,0.746237889095032,0.7363215593551382,0.009916329739893759,False
few-label,UCEC,STAD,single,warm,5,8,0.7625747268604413,0.7348636631007476,0.027711063759693677,True
few-label,UCEC,STAD,single,warm,5,9,0.7085137085137084,0.705622897833649,0.0028908106800594746,False
few-label,UCEC,STAD,single,warm,5,10,0.7378890950319521,0.7443167604988415,0.006427665466889443,False
few-label,UCEC,STAD,single,warm,5,11,0.7375798804370233,0.7320966509115379,0.005483229525485411,False
few-label,UCEC,STAD,single,warm,5,12,0.7851989280560708,0.7706668801864274,0.01453204786964346,True
few-label,UCEC,STAD,single,warm,5,13,0.7513399299113585,0.7504538383385829,0.000886091572775527,False
few-label,UCEC,STAD,single,warm,5,14,0.7460832817975676,0.7368352715918298,0.009248010205737733,False
few-label,UCEC,STAD,single,warm,5,15,0.7193877551020408,0.7079244632134805,0.011463291888560323,True
few-label,UCEC,STAD,single,warm,5,16,0.7075860647289218,0.6915457832584695,0.016040281470452333,True
few-label,UCEC,STAD,single,warm,5,17,0.7670068027210883,0.7413782965193484,0.025628506201739953,True
few-label,UCEC,STAD,single,warm,5,18,0.7136672850958565,0.7081166279420705,0.005550657153785998,False
few-label,UCEC,STAD,single,warm,5,19,0.7345908060193774,0.7193596356543226,0.015231170365054836,True
few-label,UCEC,STAD,single,warm,10,0,0.7572150072150072,0.7808840439188781,0.023669036703870883,True
few-label,UCEC,STAD,single,warm,10,1,0.7565965780251493,0.7445194588819644,0.012077119143184989,True
few-label,UCEC,STAD,single,warm,10,2,0.7578334364048649,0.7399115852760914,0.017921851128773536,True
few-label,UCEC,STAD,single,warm,10,3,0.8118944547515975,0.7940835444862875,0.01781091026531001,True
few-label,UCEC,STAD,single,warm,10,4,0.7318078746650175,0.7239799983260695,0.007827876338947992,False
few-label,UCEC,STAD,single,warm,10,5,0.7679859822716966,0.7745467456254133,0.006560763353716692,False
few-label,UCEC,STAD,single,warm,10,6,0.7947330447330447,0.7824465958065598,0.012286448926484894,True
few-label,UCEC,STAD,single,warm,10,7,0.7599464028035456,0.7435192039170804,0.016427198886465266,True
few-label,UCEC,STAD,single,warm,10,8,0.7699443413729128,0.7517700979327324,0.01817424344018037,True
few-label,UCEC,STAD,single,warm,10,9,0.7790146361574932,0.7676441132241753,0.011370522933317972,True
few-label,UCEC,STAD,single,warm,10,10,0.75870954442383,0.7542373992000506,0.004472145223779367,False
few-label,UCEC,STAD,single,warm,10,11,0.7928777571634715,0.7827050966603787,0.010172660503092845,True
few-label,UCEC,STAD,single,warm,10,12,0.7531952174809318,0.7477779961872046,0.005417221293727126,False
few-label,UCEC,STAD,single,warm,10,13,0.760204081632653,0.7773363707003709,0.01713228906771791,True
few-label,UCEC,STAD,single,warm,10,14,0.7529375386518243,0.7569779064722327,0.004040367820408397,False
few-label,UCEC,STAD,single,warm,10,15,0.7740672026386312,0.7678345725516194,0.006232630087011803,False
few-label,UCEC,STAD,single,warm,10,16,0.7192846835703979,0.7422553869036845,0.022970703333286657,True
few-label,UCEC,STAD,single,warm,10,17,0.7832921047206762,0.7680502475367526,0.01524185718392368,True
few-label,UCEC,STAD,single,warm,10,18,0.7575757575757576,0.7675415673648278,0.009965809789070246,False
few-label,UCEC,STAD,single,warm,10,19,0.7403112760255617,0.7182870071268447,0.022024268898717003,True
few-label,UCEC,STAD,single,warm,25,0,0.8247268604411462,0.8111041526999072,0.01362270774123897,True
few-label,UCEC,STAD,single,warm,25,1,0.7915893630179344,0.795318670212611,0.0037293071946766787,False
few-label,UCEC,STAD,single,warm,25,2,0.8324572253143682,0.8156339125221024,0.016823312792265788,True
few-label,UCEC,STAD,single,warm,25,3,0.8124098124098125,0.7912813406148788,0.021128471794933712,True
few-label,UCEC,STAD,single,warm,25,4,0.836631622345908,0.8264813840132674,0.010150238332640615,True
few-label,UCEC,STAD,single,warm,25,5,0.7926716141001855,0.7847472216812379,0.007924392418947601,False
few-label,UCEC,STAD,single,warm,25,6,0.7997835497835497,0.7909809437092259,0.008802606074323815,False
few-label,UCEC,STAD,single,warm,25,7,0.8272005772005773,0.8168588676125985,0.010341709587978754,True
few-label,UCEC,STAD,single,warm,25,8,0.8205009276437848,0.819246421154444,0.0012545064893407787,False
few-label,UCEC,STAD,single,warm,25,9,0.8264790764790765,0.8120229995985271,0.014456076880549396,True
few-label,UCEC,STAD,single,warm,25,10,0.80292723149866,0.7970541264205521,0.005873105078107899,False
few-label,UCEC,STAD,single,warm,25,11,0.8414759843331272,0.8308857735082669,0.010590210824860335,True
few-label,UCEC,STAD,single,warm,25,12,0.8244176458462174,0.797003926909165,0.027413718937052356,True
few-label,UCEC,STAD,single,warm,25,13,0.8086992372706658,0.794591103871284,0.014108133399381884,True
few-label,UCEC,STAD,single,warm,25,14,0.8129767058338487,0.8091182072132357,0.003858498620613049,False
few-label,UCEC,STAD,single,warm,25,15,0.8282828282828283,0.8215923573944446,0.006690470888383704,False
few-label,UCEC,STAD,single,warm,25,16,0.8306534735106164,0.8111444244332253,0.01950904907739104,True
few-label,UCEC,STAD,single,warm,25,17,0.8292620078334364,0.8218671370005415,0.0073948708328949175,False
few-label,UCEC,STAD,single,warm,25,18,0.8247783962069676,0.8090662449511594,0.01571215125580816,True
few-label,UCEC,STAD,single,warm,25,19,0.8257060399917542,0.8233211094928397,0.002384930498914528,False
few-label,UCEC,STAD,single,warm,40,0,0.861317254174397,0.8504576098838049,0.010859644290592052,True
few-label,UCEC,STAD,single,warm,40,1,0.8440527726242011,0.8356534542813085,0.008399318342892537,False
few-label,UCEC,STAD,single,warm,40,2,0.8431251288394145,0.8292497093899694,0.013875419449445037,True
few-label,UCEC,STAD,single,warm,40,3,0.8417336631622345,0.8266446833254474,0.015088979836787142,True
few-label,UCEC,STAD,single,warm,40,4,0.8397237682951968,0.8354279404684176,0.004295827826779175,False
few-label,UCEC,STAD,single,warm,40,5,0.8206039991754278,0.8089239267286634,0.011680072446764389,True
few-label,UCEC,STAD,single,warm,40,6,0.8415275200989487,0.8223432154528435,0.01918430464610521,True
few-label,UCEC,STAD,single,warm,40,7,0.8551329622758195,0.841627620601017,0.01350534167480244,True
few-label,UCEC,STAD,single,warm,40,8,0.8466810966810966,0.8394039482546389,0.007277148426457658,False
few-label,UCEC,STAD,single,warm,40,9,0.8656462585034013,0.8548901857038018,0.010756072799599448,True
few-label,UCEC,STAD,single,warm,40,10,0.8447227375798804,0.8467753956130123,0.0020526580331319266,False
few-label,UCEC,STAD,single,warm,40,11,0.8449804164089878,0.8286052631483125,0.01637515326067529,True
few-label,UCEC,STAD,single,warm,40,12,0.8502886002886003,0.8440995295985022,0.0061890706900981085,False
few-label,UCEC,STAD,single,warm,40,13,0.8585858585858586,0.8508845638360493,0.007701294749809295,False
few-label,UCEC,STAD,single,warm,40,14,0.8401875901875903,0.8244825081553391,0.015705082032251183,True
few-label,UCEC,STAD,single,warm,40,15,0.8410121624407338,0.8365137949578803,0.0044983674828535936,False
few-label,UCEC,STAD,single,warm,40,16,0.8476087404658833,0.8558263033327341,0.008217562866850825,False
few-label,UCEC,STAD,single,warm,40,17,0.8511647083075654,0.8455002838607306,0.005664424446834793,False
few-label,UCEC,STAD,single,warm,40,18,0.8410636982065554,0.8295791065029648,0.011484591703590508,True
few-label,UCEC,STAD,single,warm,40,19,0.8386415172129457,0.8357195381205663,0.0029219790923793454,False
few-label,UCEC,STAD,single,warm,all,,0.853483817769532,0.8478307303923345,0.0056530873771974965,False
few-label,COAD+UCEC,STAD,pooled,warm,0,,0.7628324056895487,0.761323093617966,0.0015093120715826691,False
few-label,COAD+UCEC,STAD,pooled,warm,3,0,0.7951453308596166,0.7887042017734299,0.006441129086186659,False
few-label,COAD+UCEC,STAD,pooled,warm,3,1,0.8201401772830345,0.8020728068962605,0.018067370386773973,True
few-label,COAD+UCEC,STAD,pooled,warm,3,2,0.7971552257266543,0.7905002226098583,0.00665500311679601,False
few-label,COAD+UCEC,STAD,pooled,warm,3,3,0.7983920841063699,0.7886906236514404,0.009701460454929478,False
few-label,COAD+UCEC,STAD,pooled,warm,3,4,0.7848897134611421,0.789321310619377,0.0044315971582349345,False
few-label,COAD+UCEC,STAD,pooled,warm,3,5,0.7884972170686456,0.7942826985116065,0.005785481442960871,False
few-label,COAD+UCEC,STAD,pooled,warm,3,6,0.7832405689548547,0.7824468676642002,0.0007937012906544805,False
few-label,COAD+UCEC,STAD,pooled,warm,3,7,0.7935992578849722,0.7901793249331988,0.0034199329517734522,False
few-label,COAD+UCEC,STAD,pooled,warm,3,8,0.8067924139352711,0.8135431193917089,0.0067507054564377444,False
few-label,COAD+UCEC,STAD,pooled,warm,3,9,0.807977736549165,0.7955671292394968,0.012410607309668253,True
few-label,COAD+UCEC,STAD,pooled,warm,3,10,0.8001958359101217,0.8029936659705654,0.0027978300604437623,False
few-label,COAD+UCEC,STAD,pooled,warm,3,11,0.7935477221191507,0.7867493649676013,0.006798357151549417,False
few-label,COAD+UCEC,STAD,pooled,warm,3,12,0.7976190476190476,0.7931592539326442,0.004459793686403368,False
few-label,COAD+UCEC,STAD,pooled,warm,3,13,0.7836013193156051,0.7888960764381757,0.005294757122570659,False
few-label,COAD+UCEC,STAD,pooled,warm,3,14,0.8054009482580912,0.7943192074776938,0.011081740780397364,True
few-label,COAD+UCEC,STAD,pooled,warm,3,15,0.7920531849103277,0.7882042213711081,0.0038489635392195964,False
few-label,COAD+UCEC,STAD,pooled,warm,3,16,0.7749948464234179,0.7798192507564418,0.004824404333023891,False
few-label,COAD+UCEC,STAD,pooled,warm,3,17,0.7916924345495774,0.7907583336558431,0.0009341008937342465,False
few-label,COAD+UCEC,STAD,pooled,warm,3,18,0.7765409193980622,0.7860396089104491,0.00949868951238686,False
few-label,COAD+UCEC,STAD,pooled,warm,3,19,0.8085961657390228,0.8061928786848837,0.0024032870541391693,False
few-label,COAD+UCEC,STAD,pooled,warm,5,0,0.77715934858792,0.7823018087577668,0.005142460169846763,False
few-label,COAD+UCEC,STAD,pooled,warm,5,1,0.791331684188827,0.7875171627285086,0.003814521460318465,False
few-label,COAD+UCEC,STAD,pooled,warm,5,2,0.8120490620490621,0.8112631316798563,0.0007859303692058228,False
few-label,COAD+UCEC,STAD,pooled,warm,5,3,0.8060193774479489,0.8054436312903477,0.0005757461576012535,False
few-label,COAD+UCEC,STAD,pooled,warm,5,4,0.7976705833848692,0.8099229324878581,0.012252349102988891,True
few-label,COAD+UCEC,STAD,pooled,warm,5,5,0.7984951556380129,0.7873332948272116,0.011161860810801283,True
few-label,COAD+UCEC,STAD,pooled,warm,5,6,0.8000927643784786,0.8071175843399804,0.007024819961501727,False
few-label,COAD+UCEC,STAD,pooled,warm,5,7,0.806792413935271,0.8043726153123748,0.0024197986228962076,False
few-label,COAD+UCEC,STAD,pooled,warm,5,8,0.8084930942073799,0.8018376947725722,0.006655399434807752,False
few-label,COAD+UCEC,STAD,pooled,warm,5,9,0.8084415584415584,0.8012312667262999,0.007210291715258554,False
few-label,COAD+UCEC,STAD,pooled,warm,5,10,0.8155534941249227,0.8083112164366026,0.007242277688320087,False
few-label,COAD+UCEC,STAD,pooled,warm,5,11,0.7973613687899402,0.7921138535636512,0.005247515226289079,False
few-label,COAD+UCEC,STAD,pooled,warm,5,12,0.8122552051123479,0.8195982224970839,0.0073430173847359725,False
few-label,COAD+UCEC,STAD,pooled,warm,5,13,0.809781488352917,0.8162798594751536,0.0064983711222366125,False
few-label,COAD+UCEC,STAD,pooled,warm,5,14,0.7935992578849722,0.7972851803163261,0.003685922431353905,False
few-label,COAD+UCEC,STAD,pooled,warm,5,15,0.792723149866007,0.7977973396288307,0.0050741897628237,False
few-label,COAD+UCEC,STAD,pooled,warm,5,16,0.7899917542774685,0.7860696636471417,0.00392209063032678,False
few-label,COAD+UCEC,STAD,pooled,warm,5,17,0.8136466707895279,0.8024887010346742,0.011157969754853725,True
few-label,COAD+UCEC,STAD,pooled,warm,5,18,0.8063285920428777,0.8062865758088652,4.2016234012454134e-05,False
few-label,COAD+UCEC,STAD,pooled,warm,5,19,0.7958668315811173,0.7982825864004025,0.002415754819285243,False
few-label,COAD+UCEC,STAD,pooled,warm,10,0,0.8416305916305916,0.8410835318979977,0.0005470597325939464,False
few-label,COAD+UCEC,STAD,pooled,warm,10,1,0.8101937744794887,0.8117591393584009,0.0015653648789122343,False
few-label,COAD+UCEC,STAD,pooled,warm,10,2,0.8201917130488559,0.7994141500360795,0.020777563012776334,True
few-label,COAD+UCEC,STAD,pooled,warm,10,3,0.8400845186559471,0.8254271471330743,0.01465737152287283,True
few-label,COAD+UCEC,STAD,pooled,warm,10,4,0.8031333745619459,0.8050471705842256,0.0019137960222797012,False
few-label,COAD+UCEC,STAD,pooled,warm,10,5,0.8280251494537209,0.8189866751263095,0.009038474327411339,False
few-label,COAD+UCEC,STAD,pooled,warm,10,6,0.831374974232117,0.8195328550719572,0.01184211916015987,True
few-label,COAD+UCEC,STAD,pooled,warm,10,7,0.8156050298907442,0.8043622793252011,0.011242750565543136,True
few-label,COAD+UCEC,STAD,pooled,warm,10,8,0.8153473510616368,0.8032116574350809,0.012135693626555866,True
few-label,COAD+UCEC,STAD,pooled,warm,10,9,0.8200886415172128,0.8095395940984018,0.01054904741881102,True
few-label,COAD+UCEC,STAD,pooled,warm,10,10,0.8217377860235002,0.8114739184942573,0.01026386752924291,True
few-label,COAD+UCEC,STAD,pooled,warm,10,11,0.857761286332715,0.8534625213714827,0.004298764961232271,False
few-label,COAD+UCEC,STAD,pooled,warm,10,12,0.8035971964543392,0.8064953170912146,0.0028981206368753343,False
few-label,COAD+UCEC,STAD,pooled,warm,10,13,0.8186456400742115,0.8191349054234512,0.0004892653492397647,False
few-label,COAD+UCEC,STAD,pooled,warm,10,14,0.8234900020614306,0.8269266400772859,0.0034366380158552534,False
few-label,COAD+UCEC,STAD,pooled,warm,10,15,0.8302411873840446,0.8272967357290408,0.002944451655003788,False
few-label,COAD+UCEC,STAD,pooled,warm,10,16,0.8098845598845599,0.8087537158862551,0.0011308439983047647,False
few-label,COAD+UCEC,STAD,pooled,warm,10,17,0.830189651618223,0.8121146253766603,0.018075026241562653,True
few-label,COAD+UCEC,STAD,pooled,warm,10,18,0.8306019377447948,0.8300348584436421,0.0005670793011527397,False
few-label,COAD+UCEC,STAD,pooled,warm,10,19,0.8080292723149866,0.8029242349206855,0.005105037394301015,False
few-label,COAD+UCEC,STAD,pooled,warm,25,0,0.8588435374149659,0.844176340598233,0.014667196816732897,True
few-label,COAD+UCEC,STAD,pooled,warm,25,1,0.8443619872191301,0.838674791796451,0.005687195422679148,False
few-label,COAD+UCEC,STAD,pooled,warm,25,2,0.8542053184910328,0.8438410871345807,0.010364231356452036,True
few-label,COAD+UCEC,STAD,pooled,warm,25,3,0.8432797361368789,0.8284581105934308,0.014821625543448125,True
few-label,COAD+UCEC,STAD,pooled,warm,25,4,0.8559059987631417,0.8432781555305038,0.012627843232637881,True
few-label,COAD+UCEC,STAD,pooled,warm,25,5,0.8278705421562564,0.8089320013752446,0.01893854078101187,True
few-label,COAD+UCEC,STAD,pooled,warm,25,6,0.8453927025355596,0.8367562658341958,0.008636436701363825,False
few-label,COAD+UCEC,STAD,pooled,warm,25,7,0.855751391465677,0.8461636321736086,0.009587759292068454,False
few-label,COAD+UCEC,STAD,pooled,warm,25,8,0.868068439497011,0.860042072391925,0.008026367105085974,False
few-label,COAD+UCEC,STAD,pooled,warm,25,9,0.8552875695732839,0.8458242189174321,0.009463350655851799,False
few-label,COAD+UCEC,STAD,pooled,warm,25,10,0.8387445887445887,0.8316799839197604,0.007064604824828291,False
few-label,COAD+UCEC,STAD,pooled,warm,25,11,0.8566790352504637,0.8448120397341562,0.011866995516307544,True
few-label,COAD+UCEC,STAD,pooled,warm,25,12,0.8497732426303855,0.8323760860390873,0.017397156591298146,True
few-label,COAD+UCEC,STAD,pooled,warm,25,13,0.8375077303648731,0.8265884855850558,0.010919244779817316,True
few-label,COAD+UCEC,STAD,pooled,warm,25,14,0.8488455988455987,0.845438983311465,0.0034066155341336835,False
few-label,COAD+UCEC,STAD,pooled,warm,25,15,0.852401566687281,0.8433827925674576,0.009018774119823325,False
few-label,COAD+UCEC,STAD,pooled,warm,25,16,0.8554421768707483,0.8371612477590764,0.018280929111671895,True
few-label,COAD+UCEC,STAD,pooled,warm,25,17,0.8582251082251082,0.8530422537777353,0.0051828544473728755,False
few-label,COAD+UCEC,STAD,pooled,warm,25,18,0.8586889301175015,0.846833340823886,0.01185558929361552,True
few-label,COAD+UCEC,STAD,pooled,warm,25,19,0.8564213564213563,0.8535318814171668,0.002889475004189457,False
few-label,COAD+UCEC,STAD,pooled,warm,40,0,0.8716759431045145,0.8700584319017223,0.0016175112027921879,False
few-label,COAD+UCEC,STAD,pooled,warm,40,1,0.8629663986806845,0.855513802097313,0.007452596583371496,False
few-label,COAD+UCEC,STAD,pooled,warm,40,2,0.8648732220160791,0.8542144636743574,0.010658758341721697,True
few-label,COAD+UCEC,STAD,pooled,warm,40,3,0.8599773242630385,0.8519017856827036,0.00807553858033494,False
few-label,COAD+UCEC,STAD,pooled,warm,40,4,0.8582766439909297,0.8587155369560975,0.00043889296516774756,False
few-label,COAD+UCEC,STAD,pooled,warm,40,5,0.8568851783137498,0.8522790510026521,0.004606127311097663,False
few-label,COAD+UCEC,STAD,pooled,warm,40,6,0.863997113997114,0.8507777013507338,0.013219412646380158,True
few-label,COAD+UCEC,STAD,pooled,warm,40,7,0.872809729952587,0.8620486624135933,0.01076106753899364,True
few-label,COAD+UCEC,STAD,pooled,warm,40,8,0.8673984745413318,0.8606754206517447,0.0067230538895870495,False
few-label,COAD+UCEC,STAD,pooled,warm,40,9,0.8713667285095857,0.8663839852428833,0.00498274326670245,False
few-label,COAD+UCEC,STAD,pooled,warm,40,10,0.8703875489589775,0.868885821793721,0.001501727165256539,False
few-label,COAD+UCEC,STAD,pooled,warm,40,11,0.8631725417439704,0.846710665470051,0.016461876273919374,True
few-label,COAD+UCEC,STAD,pooled,warm,40,12,0.87152133580705,0.8664524568258075,0.0050688789812425306,False
few-label,COAD+UCEC,STAD,pooled,warm,40,13,0.87430426716141,0.8564187756083264,0.01788549155308361,True
few-label,COAD+UCEC,STAD,pooled,warm,40,14,0.8618841475984333,0.8515042642051046,0.010379883393328737,True
few-label,COAD+UCEC,STAD,pooled,warm,40,15,0.8620387548958978,0.8565873332623812,0.005451421633516529,False
few-label,COAD+UCEC,STAD,pooled,warm,40,16,0.8752319109461967,0.8745854696363171,0.000646441309879564,False
few-label,COAD+UCEC,STAD,pooled,warm,40,17,0.8714182642754071,0.8676936620588324,0.0037246022165747794,False
few-label,COAD+UCEC,STAD,pooled,warm,40,18,0.8638940424654711,0.8505200129487726,0.013374029516698527,True
few-label,COAD+UCEC,STAD,pooled,warm,40,19,0.8570913213770357,0.855590629287561,0.0015006920894746756,False
few-label,COAD+UCEC,STAD,pooled,warm,all,,0.8718305504019789,0.8676339500008738,0.004196600401105033,False
few-label,target-only,UCEC,target-only,cold,0,,0.5,0.5,0.0,False
few-label,COAD,UCEC,single,warm,0,,0.5131558492032646,0.5069158174272688,0.006240031775995858,False
few-label,target-only,UCEC,target-only,cold,3,0,0.5351923824329576,0.534719393481125,0.00047298895183267575,False
few-label,COAD,UCEC,single,warm,3,0,0.557151185386708,0.5533783729574426,0.0037728124292654153,False
few-label,target-only,UCEC,target-only,cold,3,1,0.5561212592304703,0.5628253561753154,0.006704096944845084,False
few-label,COAD,UCEC,single,warm,3,1,0.5655849203264671,0.5681401854593895,0.0025552651329223686,False
few-label,target-only,UCEC,target-only,cold,3,2,0.5736883015934706,0.5759429592147531,0.0022546576212825187,False
few-label,COAD,UCEC,single,warm,3,2,0.5744073066459385,0.5711577366836252,0.0032495699623132923,False
few-label,target-only,UCEC,target-only,cold,3,3,0.6168286047415468,0.6126156712977616,0.0042129334437851496,False
few-label,COAD,UCEC,single,warm,3,3,0.5841430237077341,0.5893547314510577,0.005211707743323579,False
few-label,target-only,UCEC,target-only,cold,3,4,0.5400505246793627,0.5520279193103963,0.011977394631033644,True
few-label,COAD,UCEC,single,warm,3,4,0.5389623008161679,0.5425476748622997,0.003585374046131795,False
few-label,target-only,UCEC,target-only,cold,3,5,0.5935678196657599,0.5896792907340573,0.0038885289317025507,False
few-label,COAD,UCEC,single,warm,3,5,0.5705790905557715,0.566295813854168,0.0042832767016034445,False
few-label,target-only,UCEC,target-only,cold,3,6,0.5765060240963855,0.5832242088611673,0.006718184764781809,False
few-label,COAD,UCEC,single,warm,3,6,0.5532063738826273,0.5474039145438739,0.005802459338753341,False
few-label,target-only,UCEC,target-only,cold,3,7,0.6049358725223475,0.6147576333906978,0.009821760868350293,False
few-label,COAD,UCEC,single,warm,3,7,0.5768946754760979,0.5811293859821568,0.004234710506058947,False
few-label,target-only,UCEC,target-only,cold,3,8,0.5747570928876797,0.5751815389828165,0.0004244460951368101,False
few-label,COAD,UCEC,single,warm,3,8,0.5829965021375826,0.5875588207880978,0.004562318650515262,False
few-label,target-only,UCEC,target-only,cold,3,9,0.5896618732996503,0.6105867022880208,0.02092482898837056,True
few-label,COAD,UCEC,single,warm,3,9,0.5797512631169841,0.5869925841560443,0.007241321039060167,False
few-label,target-only,UCEC,target-only,cold,3,10,0.5955888068402643,0.5822769123635355,0.013311894476728758,True
few-label,COAD,UCEC,single,warm,3,10,0.5362611737271668,0.5331623251189151,0.003098848608251603,False
few-label,target-only,UCEC,target-only,cold,3,11,0.6230275942479596,0.6326203463574795,0.00959275210951993,False
few-label,COAD,UCEC,single,warm,3,11,0.5544500582977069,0.5494017723981621,0.005048285899544758,False
few-label,target-only,UCEC,target-only,cold,3,12,0.5905752040419744,0.578377427395263,0.0121977766467114,True
few-label,COAD,UCEC,single,warm,3,12,0.55971628449281,0.5569061669100648,0.0028101175827451863,False
few-label,target-only,UCEC,target-only,cold,3,13,0.5862611737271667,0.584995343151999,0.0012658305751677146,False
few-label,COAD,UCEC,single,warm,3,13,0.5418966187329965,0.5465694727804564,0.004672854047459873,False
few-label,target-only,UCEC,target-only,cold,3,14,0.5896618732996503,0.5836472847143506,0.006014588585299685,False
few-label,COAD,UCEC,single,warm,3,14,0.5998834045860864,0.6035174673902687,0.0036340628041823253,False
few-label,target-only,UCEC,target-only,cold,3,15,0.5260007773027595,0.5369151992664375,0.010914421963677978,True
few-label,COAD,UCEC,single,warm,3,15,0.5650991061018267,0.5599604400276308,0.005138666074195886,False
few-label,target-only,UCEC,target-only,cold,3,16,0.6228332685581033,0.6247090783591154,0.001875809801012096,False
few-label,COAD,UCEC,single,warm,3,16,0.5973183054799844,0.5991476678047816,0.0018293623247971347,False
few-label,target-only,UCEC,target-only,cold,3,17,0.5054216867469878,0.5108708143030446,0.005449127556056754,False
few-label,COAD,UCEC,single,warm,3,17,0.5374465604352896,0.5325946246962111,0.0048519357390784945,False
few-label,target-only,UCEC,target-only,cold,3,18,0.6407500971628449,0.6381798935009365,0.00257020366190841,False
few-label,COAD,UCEC,single,warm,3,18,0.576894675476098,0.572015656736033,0.004879018740064911,False
few-label,target-only,UCEC,target-only,cold,3,19,0.5379712397979013,0.5384039111090403,0.00043267131113899904,False
few-label,COAD,UCEC,single,warm,3,19,0.5547026816945201,0.5479607697115871,0.006741911982932947,False
few-label,target-only,UCEC,target-only,cold,5,0,0.5758647493198601,0.5903647984950776,0.014500049175217522,True
few-label,COAD,UCEC,single,warm,5,0,0.5598717450446948,0.5523047250957963,0.0075670199488985235,False
few-label,target-only,UCEC,target-only,cold,5,1,0.6108045083560046,0.6181148144351083,0.007310306079103657,False
few-label,COAD,UCEC,single,warm,5,1,0.6032452390205986,0.6141146554771255,0.010869416456526948,True
few-label,target-only,UCEC,target-only,cold,5,2,0.6205207928488146,0.6313765321432929,0.010855739294478362,True
few-label,COAD,UCEC,single,warm,5,2,0.5898561989895064,0.5915042856456983,0.0016480866561919827,False
few-label,target-only,UCEC,target-only,cold,5,3,0.5692382432957637,0.5694278238089165,0.00018958051315287605,False
few-label,COAD,UCEC,single,warm,5,3,0.5642635056354449,0.5639043377492297,0.0003591678862152614,False
few-label,target-only,UCEC,target-only,cold,5,4,0.5728332685581033,0.5784165445525986,0.005583275994495263,False
few-label,COAD,UCEC,single,warm,5,4,0.5849591916051302,0.5903683794319674,0.005409187826837192,False
few-label,target-only,UCEC,target-only,cold,5,5,0.572541780023319,0.5848897385924534,0.012347958569134398,True
few-label,COAD,UCEC,single,warm,5,5,0.5546055188495919,0.5648452734155938,0.010239754566001902,True
few-label,target-only,UCEC,target-only,cold,5,6,0.5601438010104935,0.5643147611280199,0.004170960117526379,False
few-label,COAD,UCEC,single,warm,5,6,0.5393898173338515,0.5422669828275358,0.0028771654936843305,False
few-label,target-only,UCEC,target-only,cold,5,7,0.59498639720171,0.6130612715227546,0.0180748743210446,True
few-label,COAD,UCEC,single,warm,5,7,0.5878157792460162,0.5907614911948341,0.002945711948817875,False
few-label,target-only,UCEC,target-only,cold,5,8,0.5289739603575594,0.5414637496945783,0.012489789337018942,True
few-label,COAD,UCEC,single,warm,5,8,0.5274776525456665,0.5273110035238225,0.00016664902184393426,False
few-label,target-only,UCEC,target-only,cold,5,9,0.5684415079673533,0.5694265571798988,0.0009850492125454968,False
few-label,COAD,UCEC,single,warm,5,9,0.5790128254955305,0.6010526928647595,0.022039867369229027,True
few-label,target-only,UCEC,target-only,cold,5,10,0.5540419743490089,0.5467671409008713,0.007274833448137619,False
few-label,COAD,UCEC,single,warm,5,10,0.5837738048970074,0.578418448892057,0.005355356004950407,False
few-label,target-only,UCEC,target-only,cold,5,11,0.6079867858530899,0.6051391089312095,0.002847676921880371,False
few-label,COAD,UCEC,single,warm,5,11,0.5804119704624952,0.5810536276418895,0.0006416571793943504,False
few-label,target-only,UCEC,target-only,cold,5,12,0.5575981344733774,0.5562962868946453,0.001301847578732085,False
few-label,COAD,UCEC,single,warm,5,12,0.5510687912942092,0.5489306803563296,0.0021381109378795227,False
few-label,target-only,UCEC,target-only,cold,5,13,0.5745239020598523,0.5793180191687087,0.004794117108856466,False
few-label,COAD,UCEC,single,warm,5,13,0.582763311309755,0.5815766456850211,0.001186665624733907,False
few-label,target-only,UCEC,target-only,cold,5,14,0.5436844150796735,0.5437331152263147,4.870014664126732e-05,False
few-label,COAD,UCEC,single,warm,5,14,0.5841624562767198,0.589341472365393,0.005179016088673216,False
few-label,target-only,UCEC,target-only,cold,5,15,0.5801982122036533,0.5788207185001295,0.0013774937035238022,False
few-label,COAD,UCEC,single,warm,5,15,0.5876214535561601,0.5794246323078898,0.00819682124827037,False
few-label,target-only,UCEC,target-only,cold,5,16,0.5719976680917217,0.5822226056239181,0.010224937532196443,True
few-label,COAD,UCEC,single,warm,5,16,0.5827827438787407,0.5811476177949151,0.0016351260838256554,False
few-label,target-only,UCEC,target-only,cold,5,17,0.5892732219199377,0.6014821872150972,0.012208965295159468,True
few-label,COAD,UCEC,single,warm,5,17,0.5787019043917605,0.576642832034169,0.002059072357591507,False
few-label,target-only,UCEC,target-only,cold,5,18,0.6058880684026429,0.6071008139059363,0.001212745503293422,False
few-label,COAD,UCEC,single,warm,5,18,0.5872328021764477,0.5915434621890678,0.004310660012620149,False
few-label,target-only,UCEC,target-only,cold,5,19,0.6154488923435678,0.6207110816261501,0.005262189282582264,False
few-label,COAD,UCEC,single,warm,5,19,0.609560823940925,0.6135604137863757,0.0039995898454506795,False
few-label,target-only,UCEC,target-only,cold,10,0,0.5856781966575981,0.5870631591740549,0.0013849625164568113,False
few-label,COAD,UCEC,single,warm,10,0,0.6239409249902838,0.6224008737878095,0.0015400512024742463,False
few-label,target-only,UCEC,target-only,cold,10,1,0.6758258841818889,0.6895804358682601,0.013754551686371186,True
few-label,COAD,UCEC,single,warm,10,1,0.6194908666925767,0.6324140455828301,0.012923178890253406,True
few-label,target-only,UCEC,target-only,cold,10,2,0.6445588806840264,0.6541002625687278,0.009541381884701328,False
few-label,COAD,UCEC,single,warm,10,2,0.6032452390205986,0.6111395677791072,0.007894328758508595,False
few-label,target-only,UCEC,target-only,cold,10,3,0.5873299650213758,0.5968720571831096,0.00954209216173385,False
few-label,COAD,UCEC,single,warm,10,3,0.5743101438010105,0.5745150351349074,0.00020489133389689496,False
few-label,target-only,UCEC,target-only,cold,10,4,0.6009910610182666,0.6204824147605361,0.019491353742269513,True
few-label,COAD,UCEC,single,warm,10,4,0.5846482705013603,0.5920442375003621,0.007395966999001802,False
few-label,target-only,UCEC,target-only,cold,10,5,0.6272833268558103,0.644663264614163,0.01737993775835267,True
few-label,COAD,UCEC,single,warm,10,5,0.6531092110376991,0.6496658483298495,0.0034433627078496176,False
few-label,target-only,UCEC,target-only,cold,10,6,0.5889234356781966,0.5791161655206227,0.009807270157573877,False
few-label,COAD,UCEC,single,warm,10,6,0.6293820443062574,0.6188260296866606,0.010556014619596876,True
few-label,target-only,UCEC,target-only,cold,10,7,0.6346288379323747,0.6407131390587083,0.006084301126333624,False
few-label,COAD,UCEC,single,warm,10,7,0.6126506024096385,0.6174116970358379,0.004761094626199336,False
few-label,target-only,UCEC,target-only,cold,10,8,0.652914885347843,0.6586482230409904,0.005733337693147322,False
few-label,COAD,UCEC,single,warm,10,8,0.5771667314418967,0.5752670084276946,0.0018997230142020483,False
few-label,target-only,UCEC,target-only,cold,10,9,0.6583948698017876,0.6658465640775251,0.007451694275737442,False
few-label,COAD,UCEC,single,warm,10,9,0.6089778468713563,0.6171018044103744,0.008123957539018178,False
few-label,target-only,UCEC,target-only,cold,10,10,0.6006218422075399,0.6063931525057816,0.005771310298241739,False
few-label,COAD,UCEC,single,warm,10,10,0.6274193548387097,0.6285168646288503,0.0010975097901405606,False
few-label,target-only,UCEC,target-only,cold,10,11,0.6462883793237466,0.6552117879895762,0.008923408665829635,False
few-label,COAD,UCEC,single,warm,10,11,0.6282549553050913,0.6292963651640727,0.0010414098589813792,False
few-label,target-only,UCEC,target-only,cold,10,12,0.5977069568596968,0.6008187731337954,0.003111816274098622,False
few-label,COAD,UCEC,single,warm,10,12,0.5872910998834044,0.5920788666844644,0.004787766801059967,False
few-label,target-only,UCEC,target-only,cold,10,13,0.6311892732219199,0.6369618349687073,0.005772561746787419,False
few-label,COAD,UCEC,single,warm,10,13,0.618558103381267,0.616456144678118,0.0021019587031489984,False
few-label,target-only,UCEC,target-only,cold,10,14,0.609249902837155,0.6197544182990808,0.010504515461925878,True
few-label,COAD,UCEC,single,warm,10,14,0.6015157403808784,0.5998490942720606,0.0016666461088178375,False
few-label,target-only,UCEC,target-only,cold,10,15,0.6193159735717062,0.623006193146951,0.0036902195752448463,False
few-label,COAD,UCEC,single,warm,10,15,0.6115429459774583,0.6118865458190637,0.0003435998416053687,False
few-label,target-only,UCEC,target-only,cold,10,16,0.5819860085503303,0.5843678810479883,0.0023818724976579775,False
few-label,COAD,UCEC,single,warm,10,16,0.5698795180722892,0.5694986317293961,0.0003808863428931275,False
few-label,target-only,UCEC,target-only,cold,10,17,0.6457442673921493,0.6473537530040323,0.0016094856118830103,False
few-label,COAD,UCEC,single,warm,10,17,0.6595996890788962,0.667204560406174,0.007604871327277829,False
few-label,target-only,UCEC,target-only,cold,10,18,0.6176059075009717,0.618087137376044,0.00048122987507237536,False
few-label,COAD,UCEC,single,warm,10,18,0.6049747376603186,0.6074604972293507,0.0024857595690320755,False
few-label,target-only,UCEC,target-only,cold,10,19,0.6206956859696853,0.6227989262229634,0.002103240253278127,False
few-label,COAD,UCEC,single,warm,10,19,0.5958025650991061,0.5960461776571075,0.000243612558001427,False
few-label,target-only,UCEC,target-only,cold,25,0,0.638087835211815,0.6416589447075014,0.0035711094956863976,False
few-label,COAD,UCEC,single,warm,25,0,0.666673144189662,0.6710916470722789,0.004418502882616915,False
few-label,target-only,UCEC,target-only,cold,25,1,0.6501165954139136,0.6611735961949776,0.011057000781063975,True
few-label,COAD,UCEC,single,warm,25,1,0.6630198212203653,0.6679276482501483,0.004907827029782985,False
few-label,target-only,UCEC,target-only,cold,25,2,0.6729498639720171,0.6864298709315133,0.013480006959496249,True
few-label,COAD,UCEC,single,warm,25,2,0.6967353284104159,0.700502338051364,0.0037670096409481157,False
few-label,target-only,UCEC,target-only,cold,25,3,0.6667897396035756,0.671379474359497,0.004589734755921393,False
few-label,COAD,UCEC,single,warm,25,3,0.6795375048581422,0.6808562499806141,0.001318745122471876,False
few-label,target-only,UCEC,target-only,cold,25,4,0.6783715507190051,0.6946859402224059,0.016314389503400806,True
few-label,COAD,UCEC,single,warm,25,4,0.7179362611737271,0.7138462829727097,0.004089978201017419,False
few-label,target-only,UCEC,target-only,cold,25,5,0.703478429848426,0.7018489118108604,0.0016295180375656138,False
few-label,COAD,UCEC,single,warm,25,5,0.7089584143023707,0.711460222191467,0.0025018078890962636,False
few-label,target-only,UCEC,target-only,cold,25,6,0.6234551107656432,0.6269134391736076,0.0034583284079644505,False
few-label,COAD,UCEC,single,warm,25,6,0.6564516129032257,0.6623066081108905,0.005854995207664748,False
few-label,target-only,UCEC,target-only,cold,25,7,0.699436455499417,0.7084031831591322,0.008966727659715179,False
few-label,COAD,UCEC,single,warm,25,7,0.7021570151574038,0.7030285096539903,0.0008714944965865223,False
few-label,target-only,UCEC,target-only,cold,25,8,0.6205790905557714,0.6418636064549184,0.021284515899146927,True
few-label,COAD,UCEC,single,warm,25,8,0.6809172172561213,0.6868802516093698,0.00596303435324852,False
few-label,target-only,UCEC,target-only,cold,25,9,0.6464244073066459,0.6503871272888825,0.003962719982236629,False
few-label,COAD,UCEC,single,warm,25,9,0.6685581033812669,0.670442197446205,0.0018840940649381688,False
few-label,target-only,UCEC,target-only,cold,25,10,0.6689078896230082,0.6676244402804868,0.0012834493425213367,False
few-label,COAD,UCEC,single,warm,25,10,0.6616789739603575,0.6577644448349997,0.003914529125357724,False
few-label,target-only,UCEC,target-only,cold,25,11,0.7032646715895841,0.7005639183651127,0.002700753224471386,False
few-label,COAD,UCEC,single,warm,25,11,0.7239214924212981,0.7257250635285852,0.0018035711072871274,False
few-label,target-only,UCEC,target-only,cold,25,12,0.6688884570540226,0.6701577918593941,0.0012693348053715026,False
few-label,COAD,UCEC,single,warm,25,12,0.6691799455888068,0.6671014277254439,0.002078517863362883,False
few-label,target-only,UCEC,target-only,cold,25,13,0.6998834045860862,0.7160424847468269,0.016159080160740635,True
few-label,COAD,UCEC,single,warm,25,13,0.6914885347842985,0.6992762894354392,0.007787754651140677,False
few-label,target-only,UCEC,target-only,cold,25,14,0.6904197434900894,0.6941079791490201,0.0036882356589307275,False
few-label,COAD,UCEC,single,warm,25,14,0.6802565099106103,0.6784042674798518,0.0018522424307584329,False
few-label,target-only,UCEC,target-only,cold,25,15,0.6540225417800234,0.6506201531439944,0.003402388636029041,False
few-label,COAD,UCEC,single,warm,25,15,0.6511465215701515,0.6449258767825039,0.006220644787647611,False
few-label,target-only,UCEC,target-only,cold,25,16,0.6645549941702292,0.6655430310273488,0.0009880368571195675,False
few-label,COAD,UCEC,single,warm,25,16,0.6434900893898173,0.6408619103570248,0.0026281790327925547,False
few-label,target-only,UCEC,target-only,cold,25,17,0.6813058686358336,0.6919701723856153,0.010664303749781667,True
few-label,COAD,UCEC,single,warm,25,17,0.6998251068791294,0.7091022819942243,0.00927717511509496,False
few-label,target-only,UCEC,target-only,cold,25,18,0.6914302370773415,0.7041125951503513,0.01268235807300977,True
few-label,COAD,UCEC,single,warm,25,18,0.6992226972405752,0.6984821135054249,0.0007405837351502909,False
few-label,target-only,UCEC,target-only,cold,25,19,0.6639331519626894,0.6772811578779268,0.013348005915237326,True
few-label,COAD,UCEC,single,warm,25,19,0.6675670423630004,0.6684748664434036,0.0009078240804032411,False
few-label,target-only,UCEC,target-only,cold,40,0,0.7093664982510688,0.7163751214860778,0.007008623235009059,False
few-label,COAD,UCEC,single,warm,40,0,0.7167508744656045,0.7209606411264892,0.004209766660884684,False
few-label,target-only,UCEC,target-only,cold,40,1,0.7209871745044695,0.7185942641533603,0.002392910351109223,False
few-label,COAD,UCEC,single,warm,40,1,0.7491061018266613,0.7482921136919654,0.0008139881346959088,False
few-label,target-only,UCEC,target-only,cold,40,2,0.6911193159735716,0.7131927183723035,0.0220734023987319,True
few-label,COAD,UCEC,single,warm,40,2,0.7228915662650602,0.7372980146650903,0.014406448400030025,True
few-label,target-only,UCEC,target-only,cold,40,3,0.6434900893898173,0.6582840043447314,0.014793914954914111,True
few-label,COAD,UCEC,single,warm,40,3,0.6850563544500582,0.6911362984618978,0.006079944011839644,False
few-label,target-only,UCEC,target-only,cold,40,4,0.6696657598134472,0.6811849709003519,0.01151921108690468,True
few-label,COAD,UCEC,single,warm,40,4,0.6828410415856976,0.6829607567695273,0.00011971518382969393,False
few-label,target-only,UCEC,target-only,cold,40,5,0.7052467936261173,0.7024266064525594,0.00282018717355792,False
few-label,COAD,UCEC,single,warm,40,5,0.7285075787019044,0.7226852244937338,0.005822354208170566,False
few-label,target-only,UCEC,target-only,cold,40,6,0.6705790905557714,0.673637131204265,0.0030580406484936873,False
few-label,COAD,UCEC,single,warm,40,6,0.6742129809560824,0.6746296875048465,0.00041670654876413415,False
few-label,target-only,UCEC,target-only,cold,40,7,0.6790322580645162,0.6946024666397383,0.015570208575222177,True
few-label,COAD,UCEC,single,warm,40,7,0.7056548775748154,0.7100108268521464,0.004355949277331073,False
few-label,target-only,UCEC,target-only,cold,40,8,0.7113291877186163,0.7159101739192223,0.004580986200605985,False
few-label,COAD,UCEC,single,warm,40,8,0.7018072289156626,0.7021639123724475,0.00035668345678485647,False
few-label,target-only,UCEC,target-only,cold,40,9,0.6953556160124368,0.7061838768048275,0.010828260792390743,True
few-label,COAD,UCEC,single,warm,40,9,0.7260007773027595,0.7224196416585006,0.0035811356442588815,False
few-label,target-only,UCEC,target-only,cold,40,10,0.6223668869024486,0.6405752446333265,0.018208357730877922,True
few-label,COAD,UCEC,single,warm,40,10,0.6625534395647105,0.67448595244255,0.011932512877839585,True
few-label,target-only,UCEC,target-only,cold,40,11,0.693354061406918,0.7040608110202393,0.010706749613321298,True
few-label,COAD,UCEC,single,warm,40,11,0.6862806062961524,0.6901387863899597,0.0038581800938073396,False
few-label,target-only,UCEC,target-only,cold,40,12,0.6891371939370385,0.7009690452468827,0.01183185130984421,True
few-label,COAD,UCEC,single,warm,40,12,0.6846482705013602,0.6909252338351707,0.006276963333810448,False
few-label,target-only,UCEC,target-only,cold,40,13,0.6958414302370772,0.7118851314212111,0.016043701184133896,True
few-label,COAD,UCEC,single,warm,40,13,0.7083948698017879,0.7215672488758755,0.013172379074087637,True
few-label,target-only,UCEC,target-only,cold,40,14,0.6793626117372717,0.6927039014696632,0.01334128973239146,True
few-label,COAD,UCEC,single,warm,40,14,0.6932180334240187,0.7054648587198881,0.012246825295869401,True
few-label,target-only,UCEC,target-only,cold,40,15,0.6928682471822775,0.6990968715579309,0.006228624375653413,False
few-label,COAD,UCEC,single,warm,40,15,0.6925184609405364,0.6887546659129036,0.003763795027632799,False
few-label,target-only,UCEC,target-only,cold,40,16,0.6973183054799845,0.7024915124115119,0.005173206931527341,False
few-label,COAD,UCEC,single,warm,40,16,0.7025456665371163,0.7027558526997879,0.00021018616267165502,False
few-label,target-only,UCEC,target-only,cold,40,17,0.6788184998056743,0.6893401645893624,0.0105216647836881,True
few-label,COAD,UCEC,single,warm,40,17,0.7013408472600079,0.704315740847408,0.002974893587400107,False
few-label,target-only,UCEC,target-only,cold,40,18,0.6802953750485814,0.7063288152875586,0.026033440238977246,True
few-label,COAD,UCEC,single,warm,40,18,0.7212980956082394,0.732942254292974,0.011644158684734562,True
few-label,target-only,UCEC,target-only,cold,40,19,0.6855033035367275,0.6842692012822533,0.0012341022544741787,False
few-label,COAD,UCEC,single,warm,40,19,0.7091527399922268,0.7053536391084452,0.0037991008837816587,False
few-label,target-only,UCEC,target-only,cold,all,,0.7196268946754761,0.7424931897461491,0.02286629507067295,True
few-label,COAD,UCEC,single,warm,all,,0.7406335017489312,0.7624631373276396,0.02182963557870843,True
few-label,STAD,UCEC,single,warm,0,,0.5496890788962301,0.5500773207253862,0.0003882418291560885,False
few-label,STAD,UCEC,single,warm,3,0,0.5340069957248348,0.5313412485114448,0.0026657472133899685,False
few-label,STAD,UCEC,single,warm,3,1,0.5489700738437622,0.5546595401405466,0.005689466296784462,False
few-label,STAD,UCEC,single,warm,3,2,0.5803342401865527,0.5832236009666113,0.0028893607800586363,False
few-label,STAD,UCEC,single,warm,3,3,0.5544694908666926,0.5556572420020582,0.0011877511353656223,False
few-label,STAD,UCEC,single,warm,3,4,0.5257092887679751,0.5182078137287448,0.007501475039230265,False
few-label,STAD,UCEC,single,warm,3,5,0.5752817722502914,0.5640817380852121,0.011200034165079309,True
few-label,STAD,UCEC,single,warm,3,6,0.5559269335406141,0.5673125815267855,0.011385647986171477,True
few-label,STAD,UCEC,single,warm,3,7,0.5237854644383988,0.5289729439632183,0.0051874795248194605,False
few-label,STAD,UCEC,single,warm,3,8,0.5455693742712786,0.5564521537728147,0.010882779501536044,True
few-label,STAD,UCEC,single,warm,3,9,0.5520209871745045,0.5631666577874307,0.01114567061292615,True
few-label,STAD,UCEC,single,warm,3,10,0.5401671200932763,0.5372930339106431,0.0028740861826331843,False
few-label,STAD,UCEC,single,warm,3,11,0.5522930431403031,0.5659520020831365,0.01365895894283331,True
few-label,STAD,UCEC,single,warm,3,12,0.55971628449281,0.550141774613275,0.00957450987953501,False
few-label,STAD,UCEC,single,warm,3,13,0.5284687135639332,0.5326762006288815,0.004207487064948334,False
few-label,STAD,UCEC,single,warm,3,14,0.5496502137582588,0.5570656641452257,0.007415450386966893,False
few-label,STAD,UCEC,single,warm,3,15,0.518247182277497,0.5263403734752997,0.008093191197802718,False
few-label,STAD,UCEC,single,warm,3,16,0.5634084726000776,0.5656045971157533,0.002196124515675635,False
few-label,STAD,UCEC,single,warm,3,17,0.4975514963078119,0.49620231093965994,0.0013491853681519839,False
few-label,STAD,UCEC,single,warm,3,18,0.5656237854644384,0.5666965833573718,0.0010727978929334636,False
few-label,STAD,UCEC,single,warm,3,19,0.5186941313641663,0.5101598497015113,0.008534281662655019,False
few-label,STAD,UCEC,single,warm,5,0,0.577555382821609,0.5714106563959354,0.006144726425673652,False
few-label,STAD,UCEC,single,warm,5,1,0.585075787019044,0.5883666371030702,0.0032908500840262978,False
few-label,STAD,UCEC,single,warm,5,2,0.5942285270112708,0.5887747584061463,0.005453768605124476,False
few-label,STAD,UCEC,single,warm,5,3,0.5310532452390206,0.5379740013295045,0.006920756090483815,False
few-label,STAD,UCEC,single,warm,5,4,0.5184609405363388,0.5188043735796226,0.00034343304328376956,False
few-label,STAD,UCEC,single,warm,5,5,0.5573260785075786,0.5587203270241174,0.0013942485165387986,False
few-label,STAD,UCEC,single,warm,5,6,0.5152157015157404,0.5154068935821494,0.00019119206640905162,False
few-label,STAD,UCEC,single,warm,5,7,0.5412942090944423,0.5539622956514286,0.012668086556986369,True
few-label,STAD,UCEC,single,warm,5,8,0.5444422852701127,0.5522385001935084,0.007796214923395661,False
few-label,STAD,UCEC,single,warm,5,9,0.5365137971239797,0.5458744017655722,0.009360604641592496,False
few-label,STAD,UCEC,single,warm,5,10,0.5666731441896619,0.5702176708929645,0.0035445267033026306,False
few-label,STAD,UCEC,single,warm,5,11,0.5629809560823942,0.5662038743623278,0.0032229182799335954,False
few-label,STAD,UCEC,single,warm,5,12,0.5214146910221531,0.5256597860724477,0.004245095050294578,False
few-label,STAD,UCEC,single,warm,5,13,0.5391760590750098,0.5574390514990444,0.01826299242403462,True
few-label,STAD,UCEC,single,warm,5,14,0.5577730275942478,0.5568645448088623,0.0009084827853855781,False
few-label,STAD,UCEC,single,warm,5,15,0.5385736494364555,0.5416866812891191,0.0031130318526636502,False
few-label,STAD,UCEC,single,warm,5,16,0.5700738437621453,0.5706815156816483,0.0006076719195029501,False
few-label,STAD,UCEC,single,warm,5,17,0.5465993004275165,0.5567327179433043,0.01013341751578778,True
few-label,STAD,UCEC,single,warm,5,18,0.556548775748154,0.5619021376973566,0.005353361949202662,False
few-label,STAD,UCEC,single,warm,5,19,0.5869801787796347,0.5870815667694738,0.0001013879898390524,False
few-label,STAD,UCEC,single,warm,10,0,0.6142829382044306,0.6170502665889576,0.002767328384526979,False
few-label,STAD,UCEC,single,warm,10,1,0.630470268169452,0.6411414886101354,0.010671220440683471,True
few-label,STAD,UCEC,single,warm,10,2,0.5770501360279828,0.5987205616467333,0.021670425618750433,True
few-label,STAD,UCEC,single,warm,10,3,0.5678585308977846,0.5677668396894464,9.169120833818489e-05,False
few-label,STAD,UCEC,single,warm,10,4,0.5648464827050136,0.5663819299378698,0.0015354472328562574,False
few-label,STAD,UCEC,single,warm,10,5,0.6363194714341236,0.6421227813323118,0.005803309898188225,False
few-label,STAD,UCEC,single,warm,10,6,0.6099689078896229,0.5941406544916505,0.015828253397972336,True
few-label,STAD,UCEC,single,warm,10,7,0.5939370384764866,0.6018786510806696,0.007941612604183024,False
few-label,STAD,UCEC,single,warm,10,8,0.5708122813835989,0.5815913322198137,0.010779050836214887,True
few-label,STAD,UCEC,single,warm,10,9,0.6101826661484647,0.6065162837269533,0.003666382421511405,False
few-label,STAD,UCEC,single,warm,10,10,0.5832296929654099,0.5904360339950013,0.00720634102959139,False
few-label,STAD,UCEC,single,warm,10,11,0.6163233579479207,0.6122094585389484,0.004113899408972332,False
few-label,STAD,UCEC,single,warm,10,12,0.5929071123202487,0.5868745961476654,0.00603251617258338,False
few-label,STAD,UCEC,single,warm,10,13,0.6048970073843761,0.6083423501810774,0.0034453427967012784,False
few-label,STAD,UCEC,single,warm,10,14,0.5725806451612903,0.5876933331583698,0.015112687997079544,True
few-label,STAD,UCEC,single,warm,10,15,0.5990478041197046,0.6031666513164008,0.004118847196696196,False
few-label,STAD,UCEC,single,warm,10,16,0.5665565487757481,0.5724819985231417,0.0059254497473936185,False
few-label,STAD,UCEC,single,warm,10,17,0.6120287602020987,0.6118707690112961,0.00015799119080261992,False
few-label,STAD,UCEC,single,warm,10,18,0.5902642829382044,0.5937033471508661,0.0034390642126617132,False
few-label,STAD,UCEC,single,warm,10,19,0.5846871356393315,0.597397326025187,0.012710190385855524,True
few-label,STAD,UCEC,single,warm,25,0,0.6745627671978236,0.6736141714986965,0.0009485956991270861,False
few-label,STAD,UCEC,single,warm,25,1,0.6736105713175281,0.6735190557414189,9.151557610920236e-05,False
few-label,STAD,UCEC,single,warm,25,2,0.6907112320248736,0.6803760560120117,0.010335176012861935,True
few-label,STAD,UCEC,single,warm,25,3,0.6722308589195491,0.6706399952875612,0.0015908636319879044,False
few-label,STAD,UCEC,single,warm,25,4,0.6923630003886513,0.6951951346985557,0.002832134309904366,False
few-label,STAD,UCEC,single,warm,25,5,0.6954139137193935,0.6974943406338345,0.0020804269144409915,False
few-label,STAD,UCEC,single,warm,25,6,0.6661484648270501,0.6694129736690135,0.003264508841963387,False
few-label,STAD,UCEC,single,warm,25,7,0.6681888845705404,0.6745900108901154,0.006401126319575012,False
few-label,STAD,UCEC,single,warm,25,8,0.6820054411193159,0.6873644922651916,0.0053590511458756485,False
few-label,STAD,UCEC,single,warm,25,9,0.6680334240186552,0.6687453650497458,0.0007119410310906238,False
few-label,STAD,UCEC,single,warm,25,10,0.6568596968519239,0.653759085899367,0.0031006109525568704,False
few-label,STAD,UCEC,single,warm,25,11,0.7029926156237855,0.6990023753812883,0.003990240242497167,False
few-label,STAD,UCEC,single,warm,25,12,0.6620287602020987,0.6635214334216976,0.0014926732195988945,False
few-label,STAD,UCEC,single,warm,25,13,0.7108045083560047,0.7090183573507381,0.0017861510052665786,False
few-label,STAD,UCEC,single,warm,25,14,0.6697629226583753,0.6653461981339581,0.004416724524417215,False
few-label,STAD,UCEC,single,warm,25,15,0.6421103769918384,0.6430260716047363,0.000915694612897977,False
few-label,STAD,UCEC,single,warm,25,16,0.6701904391760589,0.6697005727773415,0.0004898663987173979,False
few-label,STAD,UCEC,single,warm,25,17,0.6905557714729886,0.7042045449903787,0.013648773517390023,True
few-label,STAD,UCEC,single,warm,25,18,0.6828993392926546,0.6845821456945667,0.0016828064019120959,False
few-label,STAD,UCEC,single,warm,25,19,0.6804508356004664,0.6863050407783008,0.005854205177834415,False
few-label,STAD,UCEC,single,warm,40,0,0.7251846094053633,0.7246299972951641,0.0005546121101992485,False
few-label,STAD,UCEC,single,warm,40,1,0.7209288767975126,0.7226745307482152,0.0017456539507025859,False
few-label,STAD,UCEC,single,warm,40,2,0.7264865915273999,0.7309659535963047,0.0044793620689047575,False
few-label,STAD,UCEC,single,warm,40,3,0.6872522347454333,0.6898313535749769,0.0025791188295436474,False
few-label,STAD,UCEC,single,warm,40,4,0.7130586863583366,0.7189672734024442,0.005908587044107572,False
few-label,STAD,UCEC,single,warm,40,5,0.707520404197435,0.7047612221638136,0.0027591820336213546,False
few-label,STAD,UCEC,single,warm,40,6,0.6608239409249902,0.6594365624296787,0.0013873784953114532,False
few-label,STAD,UCEC,single,warm,40,7,0.7159347065682082,0.7129567624785376,0.00297794408967067,False
few-label,STAD,UCEC,single,warm,40,8,0.7309755149630781,0.7315447979789242,0.0005692830158461337,False
few-label,STAD,UCEC,single,warm,40,9,0.7143801010493587,0.7120536018724463,0.002326499176912411,False
few-label,STAD,UCEC,single,warm,40,10,0.6783909832879906,0.688098323711649,0.009707340423658395,False
few-label,STAD,UCEC,single,warm,40,11,0.702195880295375,0.7002482083656776,0.0019476719296974698,False
few-label,STAD,UCEC,single,warm,40,12,0.7032841041585698,0.707950423381193,0.004666319222623172,False
few-label,STAD,UCEC,single,warm,40,13,0.7271861640108823,0.7380957760644457,0.010909612053563333,True
few-label,STAD,UCEC,single,warm,40,14,0.7023319082782744,0.7064908621904133,0.004158953912138941,False
few-label,STAD,UCEC,single,warm,40,15,0.6854450058297707,0.6824465107398564,0.0029984950899143437,False
few-label,STAD,UCEC,single,warm,40,16,0.705829770695686,0.7062706667493648,0.0004408960536788076,False
few-label,STAD,UCEC,single,warm,40,17,0.6949669646327244,0.6996413332289668,0.004674368596242373,False
few-label,STAD,UCEC,single,warm,40,18,0.6987368830159347,0.711380813507736,0.012643930491801236,True
few-label,STAD,UCEC,single,warm,40,19,0.701476875242907,0.7000133873868017,0.0014634878561052833,False
few-label,STAD,UCEC,single,warm,all,,0.7539059463661095,0.7666510338051844,0.012745087439074876,True
few-label,COAD+STAD,UCEC,pooled,warm,0,,0.5412164788184999,0.5410147618171709,0.00020171700132898263,False
few-label,COAD+STAD,UCEC,pooled,warm,3,0,0.5565682083171395,0.5604741954877055,0.0039059871705660054,False
few-label,COAD+STAD,UCEC,pooled,warm,3,1,0.5634667703070346,0.5645453095070122,0.0010785391999775795,False
few-label,COAD+STAD,UCEC,pooled,warm,3,2,0.5771667314418967,0.5707935375096715,0.00637319393222513,False
few-label,COAD+STAD,UCEC,pooled,warm,3,3,0.568402642829382,0.5677440466197241,0.0006585962096579134,False
few-label,COAD+STAD,UCEC,pooled,warm,3,4,0.5407112320248736,0.5387205509708991,0.0019906810539744857,False
few-label,COAD+STAD,UCEC,pooled,warm,3,5,0.5691410804508356,0.5741757587913282,0.005034678340492649,False
few-label,COAD+STAD,UCEC,pooled,warm,3,6,0.5719976680917217,0.562358398520905,0.009639269570816733,False
few-label,COAD+STAD,UCEC,pooled,warm,3,7,0.5596968519238243,0.557183218621905,0.002513633301919338,False
few-label,COAD+STAD,UCEC,pooled,warm,3,8,0.5700738437621453,0.5780267265439528,0.007952882781807502,False
few-label,COAD+STAD,UCEC,pooled,warm,3,9,0.5766031869413136,0.5874037843041582,0.010800597362844555,True
few-label,COAD+STAD,UCEC,pooled,warm,3,10,0.5532063738826273,0.5490277262552739,0.004178647627353427,False
few-label,COAD+STAD,UCEC,pooled,warm,3,11,0.5564904780411971,0.5503545367795428,0.0061359412616542874,False
few-label,COAD+STAD,UCEC,pooled,warm,3,12,0.5625340069957248,0.5535642485405396,0.008969758455185106,False
few-label,COAD+STAD,UCEC,pooled,warm,3,13,0.5181888845705402,0.5205232720242294,0.0023343874536891907,False
few-label,COAD+STAD,UCEC,pooled,warm,3,14,0.5698212203653322,0.5722742704085799,0.0024530500432476954,False
few-label,COAD+STAD,UCEC,pooled,warm,3,15,0.5500194325689856,0.5536747122428566,0.003655279673871026,False
few-label,COAD+STAD,UCEC,pooled,warm,3,16,0.5847842984842597,0.5858128186668232,0.001028520182563497,False
few-label,COAD+STAD,UCEC,pooled,warm,3,17,0.5154877574815391,0.5130553381071076,0.002432419374431505,False
few-label,COAD+STAD,UCEC,pooled,warm,3,18,0.5765060240963855,0.5706064528815317,0.005899571214853849,False
few-label,COAD+STAD,UCEC,pooled,warm,3,19,0.5326078507578702,0.5306324966471874,0.0019753541106828365,False
few-label,COAD+STAD,UCEC,pooled,warm,5,0,0.5647298872910999,0.5629063112713698,0.0018235760197300444,False
few-label,COAD+STAD,UCEC,pooled,warm,5,1,0.5893703847648659,0.5927381100914297,0.0033677253265638196,False
few-label,COAD+STAD,UCEC,pooled,warm,5,2,0.5913913719393703,0.588216266668554,0.003175105270816325,False
few-label,COAD+STAD,UCEC,pooled,warm,5,3,0.5413330742324135,0.5371655500617877,0.004167524170625825,False
few-label,COAD+STAD,UCEC,pooled,warm,5,4,0.5546832491255344,0.5583022879803365,0.0036190388548021923,False
few-label,COAD+STAD,UCEC,pooled,warm,5,5,0.5635250680139914,0.5674257206040607,0.003900652590069331,False
few-label,COAD+STAD,UCEC,pooled,warm,5,6,0.5218422075398368,0.5206034294088508,0.0012387781309859403,False
few-label,COAD+STAD,UCEC,pooled,warm,5,7,0.5616789739603575,0.5672218460287622,0.005542872068404758,False
few-label,COAD+STAD,UCEC,pooled,warm,5,8,0.5437232802176447,0.545666032636795,0.0019427524191503176,False
few-label,COAD+STAD,UCEC,pooled,warm,5,9,0.5642246404974738,0.5668997518532046,0.0026751113557308415,False
few-label,COAD+STAD,UCEC,pooled,warm,5,10,0.5791877186164011,0.5840982971230883,0.004910578506687191,False
few-label,COAD+STAD,UCEC,pooled,warm,5,11,0.5690439176059076,0.5707137795541493,0.001669861948241702,False
few-label,COAD+STAD,UCEC,pooled,warm,5,12,0.5436261173727166,0.554575547373771,0.010949430001054417,True
few-label,COAD+STAD,UCEC,pooled,warm,5,13,0.5633501748931209,0.5728082162464636,0.009458041353342717,False
few-label,COAD+STAD,UCEC,pooled,warm,5,14,0.5823552273610572,0.5858885233275768,0.003533295966519634,False
few-label,COAD+STAD,UCEC,pooled,warm,5,15,0.5770890011659541,0.5770095341041952,7.946706175887552e-05,False
few-label,COAD+STAD,UCEC,pooled,warm,5,16,0.5793237465993004,0.5817586577629227,0.0024349111636222665,False
few-label,COAD+STAD,UCEC,pooled,warm,5,17,0.5799455888068402,0.5811718342454809,0.001226245438640694,False
few-label,COAD+STAD,UCEC,pooled,warm,5,18,0.5682277497085115,0.5715673644806885,0.0033396147721769243,False
few-label,COAD+STAD,UCEC,pooled,warm,5,19,0.5918383210260396,0.58941440737074,0.002423913655299592,False
few-label,COAD+STAD,UCEC,pooled,warm,10,0,0.6325495530509133,0.6275259482292269,0.0050236048216864004,False
few-label,COAD+STAD,UCEC,pooled,warm,10,1,0.603983676642052,0.611054807499038,0.007071130856985963,False
few-label,COAD+STAD,UCEC,pooled,warm,10,2,0.5788573649436455,0.5913480030379874,0.012490638094341922,True
few-label,COAD+STAD,UCEC,pooled,warm,10,3,0.5816556548775749,0.5854717944352681,0.003816139557693221,False
few-label,COAD+STAD,UCEC,pooled,warm,10,4,0.5698989506412747,0.5673991545689534,0.002499796072321314,False
few-label,COAD+STAD,UCEC,pooled,warm,10,5,0.6371356393315195,0.6386416466452455,0.0015060073137259655,False
few-label,COAD+STAD,UCEC,pooled,warm,10,6,0.6220171006607074,0.605253402909847,0.016763697750860396,True
few-label,COAD+STAD,UCEC,pooled,warm,10,7,0.6083754372328022,0.6118335241932205,0.003458086960418272,False
few-label,COAD+STAD,UCEC,pooled,warm,10,8,0.5706179556937427,0.5785474621974992,0.007929506503756456,False
few-label,COAD+STAD,UCEC,pooled,warm,10,9,0.5866498251068792,0.5920454000195189,0.005395574912639645,False
few-label,COAD+STAD,UCEC,pooled,warm,10,10,0.6096774193548387,0.6148515167307741,0.005174097375935438,False
few-label,COAD+STAD,UCEC,pooled,warm,10,11,0.6170034978624174,0.6204649371367568,0.003461439274339395,False
few-label,COAD+STAD,UCEC,pooled,warm,10,12,0.5935872522347454,0.5892028319695133,0.004384420265232114,False
few-label,COAD+STAD,UCEC,pooled,warm,10,13,0.6008938981733384,0.5983418208399097,0.0025520773334286595,False
few-label,COAD+STAD,UCEC,pooled,warm,10,14,0.578682471822775,0.578400033542324,0.0002824382804509362,False
few-label,COAD+STAD,UCEC,pooled,warm,10,15,0.601127089001166,0.5988234126328833,0.002303676368282659,False
few-label,COAD+STAD,UCEC,pooled,warm,10,16,0.5523707734162456,0.5535808497629778,0.0012100763467322029,False
few-label,COAD+STAD,UCEC,pooled,warm,10,17,0.626117372716673,0.6301361391380427,0.004018766421369668,False
few-label,COAD+STAD,UCEC,pooled,warm,10,18,0.5952001554605519,0.6008468079561711,0.005646652495619131,False
few-label,COAD+STAD,UCEC,pooled,warm,10,19,0.5774387874076953,0.5782173945390319,0.000778607131336595,False
few-label,COAD+STAD,UCEC,pooled,warm,25,0,0.6686358336572095,0.6664818233357068,0.002154010321502642,False
few-label,COAD+STAD,UCEC,pooled,warm,25,1,0.6621453556160124,0.6672460087452065,0.005100653129194055,False
few-label,COAD+STAD,UCEC,pooled,warm,25,2,0.6817139525845317,0.684113851840741,0.0023998992562093147,False
few-label,COAD+STAD,UCEC,pooled,warm,25,3,0.6691022153128643,0.6691842942708985,8.207895803424847e-05,False
few-label,COAD+STAD,UCEC,pooled,warm,25,4,0.687776914108045,0.68470126064509,0.003075653462955019,False
few-label,COAD+STAD,UCEC,pooled,warm,25,5,0.6901671200932763,0.6932403004558706,0.0030731803625942966,False
few-label,COAD+STAD,UCEC,pooled,warm,25,6,0.6646715895841431,0.672689393584443,0.008017804000299944,False
few-label,COAD+STAD,UCEC,pooled,warm,25,7,0.6744461717839098,0.6787576461907772,0.0043114744068674105,False
few-label,COAD+STAD,UCEC,pooled,warm,25,8,0.6630586863583365,0.6726038537227458,0.009545167364409246,False
few-label,COAD+STAD,UCEC,pooled,warm,25,9,0.6650019432568985,0.6602422061714469,0.004759737085451632,False
few-label,COAD+STAD,UCEC,pooled,warm,25,10,0.6496307811892732,0.642274296811474,0.007356484377799233,False
few-label,COAD+STAD,UCEC,pooled,warm,25,11,0.7113680528565876,0.7099902445538173,0.0013778083027702337,False
few-label,COAD+STAD,UCEC,pooled,warm,25,12,0.6598328799067237,0.6579648999215089,0.0018679799852148182,False
few-label,COAD+STAD,UCEC,pooled,warm,25,13,0.6972988729109988,0.7017684411683232,0.004469568257324363,False
few-label,COAD+STAD,UCEC,pooled,warm,25,14,0.6661484648270501,0.6646275745361074,0.0015208902909427113,False
few-label,COAD+STAD,UCEC,pooled,warm,25,15,0.6529343179168285,0.6455544721358655,0.007379845780963068,False
few-label,COAD+STAD,UCEC,pooled,warm,25,16,0.6595025262339681,0.6589476161064404,0.0005549101275277302,False
few-label,COAD+STAD,UCEC,pooled,warm,25,17,0.6799455888068402,0.6920868654508077,0.012141276643967469,True
few-label,COAD+STAD,UCEC,pooled,warm,25,18,0.672191993781578,0.6726913193301776,0.0004993255485995496,False
few-label,COAD+STAD,UCEC,pooled,warm,25,19,0.6727166731441897,0.6739343449251376,0.0012176717809478932,False
few-label,COAD+STAD,UCEC,pooled,warm,40,0,0.7132530120481928,0.7158659654811566,0.0026129534329637494,False
few-label,COAD+STAD,UCEC,pooled,warm,40,1,0.7275359502526235,0.7248114346527768,0.0027245155998467663,False
few-label,COAD+STAD,UCEC,pooled,warm,40,2,0.7194714341235912,0.7268263663604215,0.007354932236830369,False
few-label,COAD+STAD,UCEC,pooled,warm,40,3,0.6849008938981733,0.6881498333554168,0.0032489394572434716,False
few-label,COAD+STAD,UCEC,pooled,warm,40,4,0.698775748153906,0.699228657658731,0.00045290950482501646,False
few-label,COAD+STAD,UCEC,pooled,warm,40,5,0.7101049358725223,0.7052260824673293,0.004878853405193007,False
few-label,COAD+STAD,UCEC,pooled,warm,40,6,0.6607073455110766,0.6561553888465351,0.0045519566645414455,False
few-label,COAD+STAD,UCEC,pooled,warm,40,7,0.6997668091721725,0.703480938781414,0.0037141296092415566,False
few-label,COAD+STAD,UCEC,pooled,warm,40,8,0.7130003886513798,0.7122722245255813,0.0007281641257985694,False
few-label,COAD+STAD,UCEC,pooled,warm,40,9,0.7020598523124757,0.7033728160902065,0.0013129637777308245,False
few-label,COAD+STAD,UCEC,pooled,warm,40,10,0.6740186552662262,0.6824396186561463,0.008420963389920155,False
few-label,COAD+STAD,UCEC,pooled,warm,40,11,0.6783326855810339,0.6790895130139891,0.0007568274329552427,False
few-label,COAD+STAD,UCEC,pooled,warm,40,12,0.6871939370384764,0.6913409443730393,0.004147007334562858,False
few-label,COAD+STAD,UCEC,pooled,warm,40,13,0.7110571317528176,0.7225276809089174,0.011470549156099796,True
few-label,COAD+STAD,UCEC,pooled,warm,40,14,0.6869024485036922,0.6982188236263953,0.011316375122703115,True
few-label,COAD+STAD,UCEC,pooled,warm,40,15,0.6719393703847649,0.6732819878134507,0.0013426174286857995,False
few-label,COAD+STAD,UCEC,pooled,warm,40,16,0.6977652545666536,0.6963177580995124,0.0014474964671412627,False
few-label,COAD+STAD,UCEC,pooled,warm,40,17,0.6856004663816557,0.6918139817375195,0.006213515355863786,False
few-label,COAD+STAD,UCEC,pooled,warm,40,18,0.7089778468713563,0.7198685567545691,0.010890709883212724,True
few-label,COAD+STAD,UCEC,pooled,warm,40,19,0.6945200155460551,0.6934647596503316,0.001055255895723528,False
few-label,COAD+STAD,UCEC,pooled,warm,all,,0.7338904003109211,0.7505638114156439,0.016673411104722757,True
