experiment,source,target,base,arm,k,draw_seed,auc,fold_auc,fold_gap,fold_diverged
few-label,target-only,COAD,target-only,cold,0,,0.5,0.5,0.0,False
few-label,UCEC,COAD,single,warm,0,,0.7038536959672607,0.6787065820089653,0.025147113958295386,True
few-label,target-only,COAD,target-only,cold,3,0,0.6573024128229176,0.6786363962640031,0.021333983441085502,True
few-label,UCEC,COAD,single,warm,3,0,0.7041094722482736,0.6914421831065326,0.012667289141740978,True
few-label,target-only,COAD,target-only,cold,3,1,0.6555546082359962,0.6626326890035926,0.0070780807675964175,False
few-label,UCEC,COAD,single,warm,3,1,0.6905106999744224,0.719082484270667,0.02857178429624463,True
few-label,target-only,COAD,target-only,cold,3,2,0.5439935203342143,0.561692449556402,0.01769892922218763,True
few-label,UCEC,COAD,single,warm,3,2,0.6418705772018074,0.6547472430471437,0.01287666584533631,True
few-label,target-only,COAD,target-only,cold,3,3,0.6487339074089863,0.6427122298974335,0.006021677511552803,False
few-label,UCEC,COAD,single,warm,3,3,0.7279392957626396,0.7104542124542126,0.01748508330842702,True
few-label,target-only,COAD,target-only,cold,3,4,0.6780202915849602,0.6981910375842848,0.020170745999324557,True
few-label,UCEC,COAD,single,warm,3,4,0.6633131554267201,0.6546421654038338,0.008670990022886294,False
few-label,target-only,COAD,target-only,cold,3,5,0.7380424588626482,0.7532712884048535,0.01522882954220528,True
few-label,UCEC,COAD,single,warm,3,5,0.7116548725381533,0.6979803287851947,0.013674543752958623,True
few-label,target-only,COAD,target-only,cold,3,6,0.7613607298149885,0.7580752655707969,0.003285464244191627,False
few-label,UCEC,COAD,single,warm,3,6,0.7441384602267882,0.7144295408332152,0.029708919393573008,True
few-label,target-only,COAD,target-only,cold,3,7,0.7018927444794952,0.7100335757148071,0.00814083123531184,False
few-label,UCEC,COAD,single,warm,3,7,0.6746099411714555,0.6826291563451445,0.008019215173689087,False
few-label,target-only,COAD,target-only,cold,3,8,0.6451104100946371,0.7026401095869815,0.05752969949234443,True
few-label,UCEC,COAD,single,warm,3,8,0.7571404211782762,0.7419094009818936,0.015231020196382561,True
few-label,target-only,COAD,target-only,cold,3,9,0.6005627078182284,0.6964862579768241,0.09592355015859566,True
few-label,UCEC,COAD,single,warm,3,9,0.7288345127461847,0.721350127253305,0.007484385492879664,False
few-label,target-only,COAD,target-only,cold,3,10,0.7405575922926082,0.7577689300658517,0.017211337773243462,True
few-label,UCEC,COAD,single,warm,3,10,0.7166851393980731,0.702706146110317,0.013978993287756092,True
few-label,target-only,COAD,target-only,cold,3,11,0.5827436269076647,0.6219380296411081,0.039194402733443434,True
few-label,UCEC,COAD,single,warm,3,11,0.720777559894279,0.7062014730828038,0.014576086811475264,True
few-label,target-only,COAD,target-only,cold,3,12,0.6817716770398158,0.6471625635205575,0.03460911351925833,True
few-label,UCEC,COAD,single,warm,3,12,0.6999317929917299,0.6765561096742825,0.023375683317447438,True
few-label,target-only,COAD,target-only,cold,3,13,0.6006053371983971,0.6781533957050343,0.07754805850663715,True
few-label,UCEC,COAD,single,warm,3,13,0.7210759655554608,0.6839504191053347,0.03712554645012611,True
few-label,target-only,COAD,target-only,cold,3,14,0.5902037684372069,0.672990789140243,0.08278702070303612,True
few-label,UCEC,COAD,single,warm,3,14,0.711740131298491,0.7079993106860039,0.00374082061248715,False
few-label,target-only,COAD,target-only,cold,3,15,0.6503111944752323,0.6693463611859839,0.01903516671075156,True
few-label,UCEC,COAD,single,warm,3,15,0.6837326285275813,0.692696238661482,0.008963610133900679,False
few-label,target-only,COAD,target-only,cold,3,16,0.6866314263790604,0.7060168363579485,0.019385409978888157,True
few-label,UCEC,COAD,single,warm,3,16,0.701509080057976,0.7010672817748289,0.0004417982831470546,False
few-label,target-only,COAD,target-only,cold,3,17,0.5743882683945776,0.6340684397253413,0.059680171330763754,True
few-label,UCEC,COAD,single,warm,3,17,0.7237189871259271,0.728856514168828,0.005137527042900936,False
few-label,target-only,COAD,target-only,cold,3,18,0.5923778668258164,0.6740294477121687,0.08165158088635227,True
few-label,UCEC,COAD,single,warm,3,18,0.7270014493989257,0.7123163745115086,0.014685074887417104,True
few-label,target-only,COAD,target-only,cold,3,19,0.6873134964617614,0.7436985697189271,0.056385073257165685,True
few-label,UCEC,COAD,single,warm,3,19,0.7565009804757439,0.7258959414743923,0.030605039001351586,True
few-label,target-only,COAD,target-only,cold,5,0,0.5053713019012703,0.5856447153199884,0.08027341341871808,True
few-label,UCEC,COAD,single,warm,5,0,0.5952340352971268,0.6346690340995206,0.03943499880239376,True
few-label,target-only,COAD,target-only,cold,5,1,0.6139909625714042,0.5951881984836305,0.018802764087773705,True
few-label,UCEC,COAD,single,warm,5,1,0.7047489129508058,0.6826873479053222,0.022061565045483622,True
few-label,target-only,COAD,target-only,cold,5,2,0.5293716429363118,0.5463232524950499,0.01695160955873809,True
few-label,UCEC,COAD,single,warm,5,2,0.6465598090203768,0.6513475439930255,0.004787734972648727,False
few-label,target-only,COAD,target-only,cold,5,3,0.6723079546423395,0.6834723674207289,0.011164412778389421,True
few-label,UCEC,COAD,single,warm,5,3,0.7345042203086366,0.7077323066980465,0.02677191361059006,True
few-label,target-only,COAD,target-only,cold,5,4,0.6292949100520079,0.651759433052879,0.022464523000871095,True
few-label,UCEC,COAD,single,warm,5,4,0.7093955153892063,0.6900397461966479,0.019355769192558436,True
few-label,target-only,COAD,target-only,cold,5,5,0.6506948588967516,0.723910714740407,0.07321585584365542,True
few-label,UCEC,COAD,single,warm,5,5,0.7409838860942962,0.7153500957279507,0.0256337903663455,True
few-label,target-only,COAD,target-only,cold,5,6,0.7206070423736038,0.7415481283033418,0.02094108592973798,True
few-label,UCEC,COAD,single,warm,5,6,0.7654957796913633,0.7401994105971266,0.025296369094236715,True
few-label,target-only,COAD,target-only,cold,5,7,0.6742262767499361,0.6889801941961823,0.014753917446246212,True
few-label,UCEC,COAD,single,warm,5,7,0.7472930343592804,0.735541546779382,0.011751487579898412,True
few-label,target-only,COAD,target-only,cold,5,8,0.7405149629124393,0.7424407941721746,0.0019258312597352223,False
few-label,UCEC,COAD,single,warm,5,8,0.7345468496888055,0.7255115673799886,0.009035282308816894,False
few-label,target-only,COAD,target-only,cold,5,9,0.6420410947224827,0.6596861129601944,0.017645018237711696,True
few-label,UCEC,COAD,single,warm,5,9,0.6909369937761105,0.7247301750990927,0.033793181322982146,True
few-label,target-only,COAD,target-only,cold,5,10,0.7087560746866741,0.7378336249428603,0.02907755025618619,True
few-label,UCEC,COAD,single,warm,5,10,0.7253389035723421,0.7154780571409172,0.00986084643142493,False
few-label,target-only,COAD,target-only,cold,5,11,0.5793332764941599,0.6046912540179671,0.025357977523807196,True
few-label,UCEC,COAD,single,warm,5,11,0.6921306164208373,0.6847907443984902,0.007339872022347094,False
few-label,target-only,COAD,target-only,cold,5,12,0.6614800920794611,0.6595077819124493,0.001972310167011826,False
few-label,UCEC,COAD,single,warm,5,12,0.7038110665870918,0.6777686323937566,0.026042434193335184,True
few-label,target-only,COAD,target-only,cold,5,13,0.6827521527836986,0.6869827720001502,0.004230619216451625,False
few-label,UCEC,COAD,single,warm,5,13,0.7112285787364652,0.7069668692776936,0.004261709458771579,False
few-label,target-only,COAD,target-only,cold,5,14,0.6674908346832636,0.7062755394776248,0.038784704794361136,True
few-label,UCEC,COAD,single,warm,5,14,0.7299428766305738,0.7173412219469817,0.01260165468359209,True
few-label,target-only,COAD,target-only,cold,5,15,0.6966493307187313,0.7417323491360235,0.04508301841729223,True
few-label,UCEC,COAD,single,warm,5,15,0.7581635263023275,0.7382770551196568,0.01988647118267073,True
few-label,target-only,COAD,target-only,cold,5,16,0.5122772614886181,0.5885372890377856,0.0762600275491675,True
few-label,UCEC,COAD,single,warm,5,16,0.6286128399693068,0.6507631403132892,0.022150300343982354,True
few-label,target-only,COAD,target-only,cold,5,17,0.5791627589734845,0.6148350708653589,0.035672311891874475,True
few-label,UCEC,COAD,single,warm,5,17,0.6736720948077415,0.6780898951539468,0.004417800346205314,False
few-label,target-only,COAD,target-only,cold,5,18,0.6841589223292693,0.6619850230316964,0.022173899297572963,True
few-label,UCEC,COAD,single,warm,5,18,0.7023190382811834,0.6796843196525421,0.022634718628641304,True
few-label,target-only,COAD,target-only,cold,5,19,0.48870321425526475,0.5372982983583777,0.04859508410311297,True
few-label,UCEC,COAD,single,warm,5,19,0.6165487253815329,0.5979498037546696,0.018598921626863385,True
few-label,target-only,COAD,target-only,cold,10,0,0.7277687782419644,0.7061635123124697,0.021605265929494744,True
few-label,UCEC,COAD,single,warm,10,0,0.7373603887799471,0.7239644181813993,0.013395970598547802,True
few-label,target-only,COAD,target-only,cold,10,1,0.760550771591781,0.7239298821558007,0.0366208894359803,True
few-label,UCEC,COAD,single,warm,10,1,0.7547105465086538,0.724169684006824,0.030540862501829746,True
few-label,target-only,COAD,target-only,cold,10,2,0.6373518629039133,0.6764195091017335,0.039067646197820216,True
few-label,UCEC,COAD,single,warm,10,2,0.6613095745587859,0.6675917587873894,0.0062821842286034935,False
few-label,target-only,COAD,target-only,cold,10,3,0.6616932389803052,0.6534094088632322,0.00828383011707301,False
few-label,UCEC,COAD,single,warm,10,3,0.6932816096853952,0.6680006626386963,0.02528094704669892,True
few-label,target-only,COAD,target-only,cold,10,4,0.6604996163355784,0.6745760646172761,0.01407644828169774,True
few-label,UCEC,COAD,single,warm,10,4,0.6520589990621536,0.6721322973616916,0.020073298299537967,True
few-label,target-only,COAD,target-only,cold,10,5,0.6885923778668258,0.7262099988723623,0.03761762100553645,True
few-label,UCEC,COAD,single,warm,10,5,0.6988234291073409,0.6969721261305174,0.0018513029768234546,False
few-label,target-only,COAD,target-only,cold,10,6,0.7364651717964021,0.7452769502372283,0.008811778440826146,False
few-label,UCEC,COAD,single,warm,10,6,0.738298235143661,0.7112705020897673,0.02702773305389372,True
few-label,target-only,COAD,target-only,cold,10,7,0.7371046124989342,0.7360100778069993,0.0010945346919348786,False
few-label,UCEC,COAD,single,warm,10,7,0.7263193793162248,0.7266300075297096,0.0003106282134848204,False
few-label,target-only,COAD,target-only,cold,10,8,0.683093187825049,0.6868754978884076,0.003782310063358607,False
few-label,UCEC,COAD,single,warm,10,8,0.7036405490664166,0.6939676240674254,0.009672924998991195,False
few-label,target-only,COAD,target-only,cold,10,9,0.6092164719924972,0.6671320815342663,0.05791560954176911,True
few-label,UCEC,COAD,single,warm,10,9,0.6078097024469263,0.6427471878777739,0.034937485430847515,True
few-label,target-only,COAD,target-only,cold,10,10,0.5940404126523999,0.6597814904944994,0.06574107784209948,True
few-label,UCEC,COAD,single,warm,10,10,0.6712422201381192,0.6919036081980472,0.02066138805992801,True
few-label,target-only,COAD,target-only,cold,10,11,0.6558956432773467,0.686578811566895,0.030683168289548313,True
few-label,UCEC,COAD,single,warm,10,11,0.6808764600562707,0.685925334017191,0.0050488739609203526,False
few-label,target-only,COAD,target-only,cold,10,12,0.7612754710546509,0.7651443497471302,0.003868878692479316,False
few-label,UCEC,COAD,single,warm,10,12,0.7278114076221331,0.7363501575661457,0.008538749944012602,False
few-label,target-only,COAD,target-only,cold,10,13,0.6960098900161992,0.7007529194296821,0.004743029413482924,False
few-label,UCEC,COAD,single,warm,10,13,0.7432858726234121,0.7266395615308227,0.016646311092589405,True
few-label,target-only,COAD,target-only,cold,10,14,0.5543098303350669,0.6247588340711479,0.07044900373608098,True
few-label,UCEC,COAD,single,warm,10,14,0.5940404126524,0.6397446052237512,0.045704192571351165,True
few-label,target-only,COAD,target-only,cold,10,15,0.7111006905959588,0.7284529659902053,0.01735227539424644,True
few-label,UCEC,COAD,single,warm,10,15,0.7565862392360816,0.725337389191411,0.031248850044670595,True
few-label,target-only,COAD,target-only,cold,10,16,0.5842356552135732,0.6226840880624396,0.03844843284886634,True
few-label,UCEC,COAD,single,warm,10,16,0.6454940745161565,0.6573390418474828,0.01184496733132634,True
few-label,target-only,COAD,target-only,cold,10,17,0.6960951487765368,0.7074943181611504,0.011399169384613606,True
few-label,UCEC,COAD,single,warm,10,17,0.7047489129508058,0.684634832121426,0.02011408082937982,True
few-label,target-only,COAD,target-only,cold,10,18,0.6749509762128059,0.7366421278159112,0.06169115160310534,True
few-label,UCEC,COAD,single,warm,10,18,0.7069656407195839,0.7310203283971903,0.024054687677606434,True
few-label,target-only,COAD,target-only,cold,10,19,0.6381618211271208,0.658933178374092,0.02077135724697121,True
few-label,UCEC,COAD,single,warm,10,19,0.7057293886946884,0.6994861931073452,0.006243195587343209,False
few-label,target-only,COAD,target-only,cold,25,0,0.6557677551368404,0.659267381079695,0.0034996259428545784,False
few-label,UCEC,COAD,single,warm,25,0,0.6992923522891977,0.6976087915725453,0.0016835607166524325,False
few-label,target-only,COAD,target-only,cold,25,1,0.7409838860942961,0.7456748056643787,0.004690919570082608,False
few-label,UCEC,COAD,single,warm,25,1,0.7533890357234206,0.7443478610653387,0.009041174658081963,False
few-label,target-only,COAD,target-only,cold,25,2,0.764898968369,0.7668586384927001,0.00195967012370013,False
few-label,UCEC,COAD,single,warm,25,2,0.77171966919601,0.7442552850437656,0.027464384152244392,True
few-label,target-only,COAD,target-only,cold,25,3,0.7119959075795038,0.7138864396113652,0.0018905320318614027,False
few-label,UCEC,COAD,single,warm,25,3,0.6986529115866655,0.7100216973250737,0.01136878573840816,True
few-label,target-only,COAD,target-only,cold,25,4,0.7313922755563135,0.7222315222017308,0.009160753354582662,False
few-label,UCEC,COAD,single,warm,25,4,0.6934521272060704,0.6945354314669111,0.0010833042608406895,False
few-label,target-only,COAD,target-only,cold,25,5,0.6996333873305483,0.7063901856722115,0.006756798341663206,False
few-label,UCEC,COAD,single,warm,25,5,0.7104186205132578,0.7118010386391717,0.0013824181259138868,False
few-label,target-only,COAD,target-only,cold,25,6,0.6525705516241793,0.6926847688888405,0.040114217264661134,True
few-label,UCEC,COAD,single,warm,25,6,0.70423736038878,0.7142774940495894,0.010040133660809358,True
few-label,target-only,COAD,target-only,cold,25,7,0.6905106999744225,0.7131138162290098,0.02260311625458733,True
few-label,UCEC,COAD,single,warm,25,7,0.7282377014238214,0.722029472568698,0.006208228855123399,False
few-label,target-only,COAD,target-only,cold,25,8,0.7180066501833063,0.7266987024891692,0.008692052305862896,False
few-label,UCEC,COAD,single,warm,25,8,0.7254667917128486,0.7263161386776085,0.0008493469647599117,False
few-label,target-only,COAD,target-only,cold,25,9,0.7117827606786598,0.7167902897058805,0.005007529027220792,False
few-label,UCEC,COAD,single,warm,25,9,0.7567567567567567,0.7341063956456211,0.02265036111113561,True
few-label,target-only,COAD,target-only,cold,25,10,0.682880040924205,0.6920054096295407,0.009125368705335757,False
few-label,UCEC,COAD,single,warm,25,10,0.6915338050984738,0.7044736787542151,0.01293987365574123,True
few-label,target-only,COAD,target-only,cold,25,11,0.7329695626225594,0.7295436238152226,0.0034259388073367703,False
few-label,UCEC,COAD,single,warm,25,11,0.7286639952255094,0.7248788947453297,0.0037851004801796595,False
few-label,target-only,COAD,target-only,cold,25,12,0.6853525449739961,0.6967359642453983,0.011383419271402184,True
few-label,UCEC,COAD,single,warm,25,12,0.7209480774149545,0.7185964239335639,0.0023516534813905476,False
few-label,target-only,COAD,target-only,cold,25,13,0.6428084235655214,0.65290780955776,0.010099385992238585,True
few-label,UCEC,COAD,single,warm,25,13,0.702191150140677,0.6868462890414231,0.015344861099253926,True
few-label,target-only,COAD,target-only,cold,25,14,0.6561940489385285,0.6831740975564212,0.026980048617892716,True
few-label,UCEC,COAD,single,warm,25,14,0.707647710802285,0.7069977920126876,0.0006499187895973035,False
few-label,target-only,COAD,target-only,cold,25,15,0.6570892659220735,0.7035204235795101,0.04643115765743655,True
few-label,UCEC,COAD,single,warm,25,15,0.7100349560917384,0.7269976392359709,0.01696268314423255,True
few-label,target-only,COAD,target-only,cold,25,16,0.645621962656663,0.6673185194481123,0.021696556791449217,True
few-label,UCEC,COAD,single,warm,25,16,0.6655725125756672,0.6773233725338988,0.011750859958231663,True
few-label,target-only,COAD,target-only,cold,25,17,0.6851820274533208,0.727120863358202,0.04193883590488123,True
few-label,UCEC,COAD,single,warm,25,17,0.7172819507204364,0.7298048513882675,0.012522900667831016,True
few-label,target-only,COAD,target-only,cold,25,18,0.5626651888481542,0.5889136957051555,0.026248506857001308,True
few-label,UCEC,COAD,single,warm,25,18,0.6518032227811409,0.6543586148486844,0.002555392067543516,False
few-label,target-only,COAD,target-only,cold,25,19,0.7362946542757269,0.7403008446369916,0.004006190361264705,False
few-label,UCEC,COAD,single,warm,25,19,0.719242902208202,0.7250706883318602,0.005827786123658196,False
few-label,target-only,COAD,target-only,cold,40,0,0.636072981498849,0.6692773831045926,0.03320440160574356,True
few-label,UCEC,COAD,single,warm,40,0,0.6929405746440446,0.6937428143411262,0.000802239697081597,False
few-label,target-only,COAD,target-only,cold,40,1,0.6859919856765283,0.6862882520767327,0.00029626640020441464,False
few-label,UCEC,COAD,single,warm,40,1,0.692173245801006,0.6877161184286308,0.004457127372375247,False
few-label,target-only,COAD,target-only,cold,40,2,0.6602012106743967,0.6771388212912542,0.0169376106168575,True
few-label,UCEC,COAD,single,warm,40,2,0.6995481285702106,0.7092406627356975,0.009692534165486877,False
few-label,target-only,COAD,target-only,cold,40,3,0.6535083979878933,0.680141147498645,0.026632749510751674,True
few-label,UCEC,COAD,single,warm,40,3,0.6896581123710461,0.7047695993733729,0.015111487002326784,True
few-label,target-only,COAD,target-only,cold,40,4,0.6416148009207947,0.6567587231261511,0.01514392220535643,True
few-label,UCEC,COAD,single,warm,40,4,0.6720521783613267,0.6924905975630901,0.02043841920176337,True
few-label,target-only,COAD,target-only,cold,40,5,0.6966919600989002,0.6995440985143071,0.0028521384154068796,False
few-label,UCEC,COAD,single,warm,40,5,0.705814647455026,0.7065241247773522,0.0007094773223261797,False
few-label,target-only,COAD,target-only,cold,40,6,0.627248699803905,0.6510508043209136,0.023802104517008593,True
few-label,UCEC,COAD,single,warm,40,6,0.6832210759655555,0.6910313471147631,0.007810271149207626,False
few-label,target-only,COAD,target-only,cold,40,7,0.6960098900161991,0.6782319938695311,0.017777896146667915,True
few-label,UCEC,COAD,single,warm,40,7,0.7281950720436525,0.7080878023554289,0.020107269688223628,True
few-label,target-only,COAD,target-only,cold,40,8,0.6203427402165572,0.6346854739655137,0.014342733748956449,True
few-label,UCEC,COAD,single,warm,40,8,0.6451104100946372,0.6494541597098697,0.0043437496152325394,False
few-label,target-only,COAD,target-only,cold,40,9,0.6934521272060704,0.6763033848530373,0.017148742353033097,True
few-label,UCEC,COAD,single,warm,40,9,0.697842953363458,0.6822610687337599,0.015581884629698117,True
few-label,target-only,COAD,target-only,cold,40,10,0.6395259612925228,0.665415624208077,0.025889662915554168,True
few-label,UCEC,COAD,single,warm,40,10,0.6917043226191492,0.7024844386001288,0.01078011598097961,True
few-label,target-only,COAD,target-only,cold,40,11,0.6276323642254241,0.6390237719358871,0.011391407710462986,True
few-label,UCEC,COAD,single,warm,40,11,0.6816011595191406,0.6803350126647049,0.0012661468544357124,False
few-label,target-only,COAD,target-only,cold,40,12,0.6843720692301134,0.7059390166271994,0.021566947397085978,True
few-label,UCEC,COAD,single,warm,40,12,0.7554778753516923,0.7479669032280751,0.007510972123617177,False
few-label,target-only,COAD,target-only,cold,40,13,0.6145451445135988,0.6308530706301312,0.016307926116532423,True
few-label,UCEC,COAD,single,warm,40,13,0.6792139142296871,0.6842835529801766,0.005069638750489491,False
few-label,target-only,COAD,target-only,cold,40,14,0.5890101457924801,0.6280313713650357,0.03902122557255561,True
few-label,UCEC,COAD,single,warm,40,14,0.6518032227811408,0.6718525589493811,0.02004933616824034,True
few-label,target-only,COAD,target-only,cold,40,15,0.6373944922840822,0.6416088170353315,0.0042143247512492765,False
few-label,UCEC,COAD,single,warm,40,15,0.6787449910478303,0.6777410956030618,0.0010038954447684212,False
few-label,target-only,COAD,target-only,cold,40,16,0.6535936567482309,0.6875369513527408,0.033943294604509955,True
few-label,UCEC,COAD,single,warm,40,16,0.724656833489641,0.7330681705473165,0.008411337057675494,False
few-label,target-only,COAD,target-only,cold,40,17,0.6497996419132066,0.6564602168216865,0.006660574908479933,False
few-label,UCEC,COAD,single,warm,40,17,0.6992923522891977,0.6940296890023802,0.0052626632868175705,False
few-label,target-only,COAD,target-only,cold,40,18,0.6063603035211869,0.6338244328770644,0.027464129355877498,True
few-label,UCEC,COAD,single,warm,40,18,0.6730752834853782,0.6786517569928693,0.005576473507491131,False
few-label,target-only,COAD,target-only,cold,40,19,0.7326285275812089,0.7479363806225772,0.01530785304136828,True
few-label,UCEC,COAD,single,warm,40,19,0.7277687782419644,0.72369963248712,0.0040691457548444054,False
few-label,target-only,COAD,target-only,cold,all,,0.6261403359195158,0.6544832976248071,0.02834296170529127,True
few-label,UCEC,COAD,single,warm,all,,0.6822832296018415,0.6923641305731673,0.010080900971325746,True
few-label,STAD,COAD,single,warm,0,,0.7561599454343935,0.7372439201535528,0.018916025280840687,True
few-label,STAD,COAD,single,warm,3,0,0.7567141273765879,0.7543584911722945,0.0023556362042934653,False
few-label,STAD,COAD,single,warm,3,1,0.7701850115099327,0.750482656205099,0.019702355304833663,True
few-label,STAD,COAD,single,warm,3,2,0.7275130019609516,0.7197295500483186,0.007783451912632966,False
few-label,STAD,COAD,single,warm,3,3,0.7566714979964192,0.7292902539367285,0.027381244059690668,True
few-label,STAD,COAD,single,warm,3,4,0.7532185182027452,0.7302104844840693,0.02300803371867588,True
few-label,STAD,COAD,single,warm,3,5,0.7730838093614119,0.7454671420932593,0.027616667268152595,True
few-label,STAD,COAD,single,warm,3,6,0.768778241964362,0.7449442280107622,0.023834013953599742,True
few-label,STAD,COAD,single,warm,3,7,0.7557336516327052,0.7314072269449629,0.024326424687742376,True
few-label,STAD,COAD,single,warm,3,8,0.7618296529968455,0.7580334356694834,0.003796217327362017,False
few-label,STAD,COAD,single,warm,3,9,0.761019694773638,0.758813471147632,0.0022062236260059764,False
few-label,STAD,COAD,single,warm,3,10,0.7702276408901014,0.7522413017303783,0.01798633915972314,True
few-label,STAD,COAD,single,warm,3,11,0.7474635518799556,0.7407111507603067,0.006752401119648921,False
few-label,STAD,COAD,single,warm,3,12,0.7662204791542331,0.7560439651378082,0.010176514016424831,True
few-label,STAD,COAD,single,warm,3,13,0.7608491772529627,0.7278864202111471,0.032962757041815616,True
few-label,STAD,COAD,single,warm,3,14,0.7582914144428341,0.7475535924959956,0.010737821946838477,True
few-label,STAD,COAD,single,warm,3,15,0.7520675249381874,0.74485912167938,0.00720840325880745,False
few-label,STAD,COAD,single,warm,3,16,0.7760678659732287,0.7602002745130848,0.015867591460143937,True
few-label,STAD,COAD,single,warm,3,17,0.7511296785744734,0.7373789535522405,0.013750725022232957,True
few-label,STAD,COAD,single,warm,3,18,0.7544973996078097,0.7492145973302875,0.005282802277522203,False
few-label,STAD,COAD,single,warm,3,19,0.7592718901867167,0.7699082133247973,0.010636323138080606,True
few-label,STAD,COAD,single,warm,5,0,0.7278966663824707,0.7372852753557818,0.009388608973311063,False
few-label,STAD,COAD,single,warm,5,1,0.7501065734504221,0.7254539244822263,0.024652648968195745,True
few-label,STAD,COAD,single,warm,5,2,0.7218006650183306,0.7067035755814306,0.015097089436900024,True
few-label,STAD,COAD,single,warm,5,3,0.7625117230795464,0.7341978640359971,0.028313859043549328,True
few-label,STAD,COAD,single,warm,5,4,0.7610196947736381,0.7485839150367453,0.012435779736892805,True
few-label,STAD,COAD,single,warm,5,5,0.7550942109301731,0.7488981743182339,0.006196036611939237,False
few-label,STAD,COAD,single,warm,5,6,0.7790519225850456,0.7561287246902937,0.022923197894751945,True
few-label,STAD,COAD,single,warm,5,7,0.7649415977491688,0.7616629490998905,0.003278648649278293,False
few-label,STAD,COAD,single,warm,5,8,0.7524511893597067,0.7450564800971952,0.007394709262511512,False
few-label,STAD,COAD,single,warm,5,9,0.7500639440702532,0.7223209766069747,0.027742967463278534,True
few-label,STAD,COAD,single,warm,5,10,0.7605507715917811,0.7459834310013059,0.014567340590475153,True
few-label,STAD,COAD,single,warm,5,11,0.7111006905959587,0.7073222230709818,0.003778467524976903,False
few-label,STAD,COAD,single,warm,5,12,0.7645153039474807,0.7412269758818913,0.023288328065589337,True
few-label,STAD,COAD,single,warm,5,13,0.7387245289453491,0.7477644128463393,0.009039883900990198,False
few-label,STAD,COAD,single,warm,5,14,0.7529201125415637,0.7380793808420423,0.014840731699521381,True
few-label,STAD,COAD,single,warm,5,15,0.7610196947736381,0.7299942739044031,0.031025420869234988,True
few-label,STAD,COAD,single,warm,5,16,0.7436695370449313,0.7464485209152538,0.0027789838703224934,False
few-label,STAD,COAD,single,warm,5,17,0.7202233779520846,0.7035794826931867,0.016643895258897867,True
few-label,STAD,COAD,single,warm,5,18,0.7669025492369341,0.7413333660712011,0.025569183165732978,True
few-label,STAD,COAD,single,warm,5,19,0.743967942706113,0.7317384159479492,0.0122295267581638,True
few-label,STAD,COAD,single,warm,10,0,0.7594850370875608,0.7539626218424629,0.005522415245097889,False
few-label,STAD,COAD,single,warm,10,1,0.7684798363031802,0.7472054725589978,0.021274363744182345,True
few-label,STAD,COAD,single,warm,10,2,0.7505328672521101,0.7529261845954995,0.002393317343389434,False
few-label,STAD,COAD,single,warm,10,3,0.7410691448546338,0.7252209278639269,0.01584821699070693,True
few-label,STAD,COAD,single,warm,10,4,0.6773808508824282,0.6831357099812909,0.005754859098862752,False
few-label,STAD,COAD,single,warm,10,5,0.7405149629124391,0.7475516458053697,0.007036682892930579,False
few-label,STAD,COAD,single,warm,10,6,0.7612754710546509,0.7405827710301394,0.020692700024511512,True
few-label,STAD,COAD,single,warm,10,7,0.7624264643192088,0.7493339668717027,0.013092497447506068,True
few-label,STAD,COAD,single,warm,10,8,0.7201807485719157,0.7118294732962062,0.008351275275709558,False
few-label,STAD,COAD,single,warm,10,9,0.6970329951402507,0.7031358882207939,0.006102893080543126,False
few-label,STAD,COAD,single,warm,10,10,0.7240600221672776,0.7311527245787425,0.0070927024114648685,False
few-label,STAD,COAD,single,warm,10,11,0.7539858470457841,0.7452253462635787,0.00876050078220536,False
few-label,STAD,COAD,single,warm,10,12,0.7694603120470629,0.7494306102702328,0.020029701776830056,True
few-label,STAD,COAD,single,warm,10,13,0.7690766476255434,0.744444649965504,0.02463199766003943,True
few-label,STAD,COAD,single,warm,10,14,0.7164293631170604,0.7290753098275442,0.012645946710483802,True
few-label,STAD,COAD,single,warm,10,15,0.7649842271293376,0.7469832388178962,0.018000988311441368,True
few-label,STAD,COAD,single,warm,10,16,0.7310086111347942,0.717782473236793,0.0132261378980012,True
few-label,STAD,COAD,single,warm,10,17,0.7554778753516923,0.7301162370124634,0.025361638339228887,True
few-label,STAD,COAD,single,warm,10,18,0.69920709352886,0.7248305002952471,0.02562340676638708,True
few-label,STAD,COAD,single,warm,10,19,0.7377014238212977,0.7300700141742843,0.007631409647013365,False
few-label,STAD,COAD,single,warm,25,0,0.7320317162588456,0.7068200902595143,0.025211625999331244,True
few-label,STAD,COAD,single,warm,25,1,0.8026685991985677,0.7773013557114848,0.025367243487082858,True
few-label,STAD,COAD,single,warm,25,2,0.7821212379572002,0.7514919695222575,0.030629268434942736,True
few-label,STAD,COAD,single,warm,25,3,0.7287918833660159,0.7185838732050251,0.01020801016099071,True
few-label,STAD,COAD,single,warm,25,4,0.7483161394833319,0.7351901748808402,0.013125964602491713,True
few-label,STAD,COAD,single,warm,25,5,0.7916275897348453,0.7737612730423058,0.017866316692539463,True
few-label,STAD,COAD,single,warm,25,6,0.7008696393554438,0.7158869367419516,0.01501729738650781,True
few-label,STAD,COAD,single,warm,25,7,0.7672009548981158,0.7506568507626105,0.016544104135505333,True
few-label,STAD,COAD,single,warm,25,8,0.7512575667149799,0.7235190540453699,0.027738512669610027,True
few-label,STAD,COAD,single,warm,25,9,0.7520675249381874,0.7316843408715306,0.020383184066656845,True
few-label,STAD,COAD,single,warm,25,10,0.7405575922926081,0.732642530976692,0.007915061315916128,False
few-label,STAD,COAD,single,warm,25,11,0.7411970329951403,0.7191696349000221,0.022027398095118222,True
few-label,STAD,COAD,single,warm,25,12,0.736038877994714,0.7299402788538837,0.00609859914083033,False
few-label,STAD,COAD,single,warm,25,13,0.7264472674567313,0.7128989988274992,0.013548268629232085,True
few-label,STAD,COAD,single,warm,25,14,0.736720948077415,0.7432478911356766,0.006526943058261625,False
few-label,STAD,COAD,single,warm,25,15,0.7295592122090544,0.740852715363639,0.01129350315458455,True
few-label,STAD,COAD,single,warm,25,16,0.7266604143575752,0.7221685018060391,0.004491912551536137,False
few-label,STAD,COAD,single,warm,25,17,0.720138119191747,0.7326558486200988,0.012517729428351831,True
few-label,STAD,COAD,single,warm,25,18,0.674226276749936,0.6792291189997247,0.005002842249788753,False
few-label,STAD,COAD,single,warm,25,19,0.7460567823343849,0.7282994920780421,0.01775729025634276,True
few-label,STAD,COAD,single,warm,40,0,0.686759314519567,0.6922451417610306,0.0054858272414636255,False
few-label,STAD,COAD,single,warm,40,1,0.6985676528263279,0.7088035327796997,0.010235879953371718,True
few-label,STAD,COAD,single,warm,40,2,0.7086708159263364,0.7092472272844667,0.0005764113581302466,False
few-label,STAD,COAD,single,warm,40,3,0.702617443942365,0.7164815285674273,0.013864084625062278,True
few-label,STAD,COAD,single,warm,40,4,0.6700912268735613,0.6797223440798417,0.009631117206280404,False
few-label,STAD,COAD,single,warm,40,5,0.7193281609685396,0.7060616617741741,0.01326649919436551,True
few-label,STAD,COAD,single,warm,40,6,0.6991644641486913,0.7198203964192047,0.020655932270513433,True
few-label,STAD,COAD,single,warm,40,7,0.7368914655980903,0.7243579722164628,0.012533493381627459,True
few-label,STAD,COAD,single,warm,40,8,0.7029158496035468,0.703947435109302,0.001031585505755217,False
few-label,STAD,COAD,single,warm,40,9,0.72900503026686,0.7007396630182131,0.028265367248646922,True
few-label,STAD,COAD,single,warm,40,10,0.6872282377014237,0.6950131175786588,0.007784879877235085,False
few-label,STAD,COAD,single,warm,40,11,0.6706454088157559,0.6844260118123078,0.013780602996551927,True
few-label,STAD,COAD,single,warm,40,12,0.7506181260124477,0.7490641474271067,0.0015539785853410093,False
few-label,STAD,COAD,single,warm,40,13,0.7018927444794951,0.7081183310234949,0.006225586543999739,False
few-label,STAD,COAD,single,warm,40,14,0.6541904680705942,0.6745681032528102,0.020377635182216025,True
few-label,STAD,COAD,single,warm,40,15,0.7297723591098986,0.723141072929057,0.0066312861808415224,False
few-label,STAD,COAD,single,warm,40,16,0.717622985761787,0.7287211976482086,0.011098211886421683,True
few-label,STAD,COAD,single,warm,40,17,0.6864609088583852,0.6953080669744027,0.00884715811601755,False
few-label,STAD,COAD,single,warm,40,18,0.6587518117486574,0.6676099276978125,0.008858115949155088,False
few-label,STAD,COAD,single,warm,40,19,0.774447949526814,0.768955635338952,0.005492314187862002,False
few-label,STAD,COAD,single,warm,all,,0.6792565436098559,0.6906024337573493,0.011345890147493431,True
few-label,STAD+UCEC,COAD,pooled,warm,0,,0.752152783698525,0.7326489924618029,0.01950379123672208,True
few-label,STAD+UCEC,COAD,pooled,warm,3,0,0.7558615397732116,0.7405900879436133,0.015271451829598326,True
few-label,STAD+UCEC,COAD,pooled,warm,3,1,0.7576946031204707,0.7379675616229737,0.019727041497496933,True
few-label,STAD+UCEC,COAD,pooled,warm,3,2,0.7186460908858385,0.7135589045181895,0.005087186367649044,False
few-label,STAD+UCEC,COAD,pooled,warm,3,3,0.7501918322107596,0.7230327384741486,0.027159093736610962,True
few-label,STAD+UCEC,COAD,pooled,warm,3,4,0.7477619575411373,0.7278424356731208,0.019919521868016488,True
few-label,STAD+UCEC,COAD,pooled,warm,3,5,0.7731690681217496,0.7429573346767985,0.030211733444951094,True
few-label,STAD+UCEC,COAD,pooled,warm,3,6,0.7608065478727939,0.7368933570015993,0.02391319087119459,True
few-label,STAD+UCEC,COAD,pooled,warm,3,7,0.7630232756415721,0.7467533419906806,0.016269933650891577,True
few-label,STAD+UCEC,COAD,pooled,warm,3,8,0.7732543268820871,0.7530237919423619,0.020230534939725153,True
few-label,STAD+UCEC,COAD,pooled,warm,3,9,0.7533464063432517,0.742248660475572,0.011097745867679643,True
few-label,STAD+UCEC,COAD,pooled,warm,3,10,0.7610196947736381,0.7385781531719963,0.0224415416016418,True
few-label,STAD+UCEC,COAD,pooled,warm,3,11,0.7395344871685565,0.7149179892159039,0.02461649795265264,True
few-label,STAD+UCEC,COAD,pooled,warm,3,12,0.7713786341546595,0.7442037344207155,0.027174899733943936,True
few-label,STAD+UCEC,COAD,pooled,warm,3,13,0.7451615653508399,0.7125946360822231,0.03256692926861682,True
few-label,STAD+UCEC,COAD,pooled,warm,3,14,0.7608065478727939,0.7343295903037712,0.026476957569022685,True
few-label,STAD+UCEC,COAD,pooled,warm,3,15,0.7553926165913548,0.7407703584069025,0.014622258184452286,True
few-label,STAD+UCEC,COAD,pooled,warm,3,16,0.7551794696905106,0.7339674561342884,0.021212013556222264,True
few-label,STAD+UCEC,COAD,pooled,warm,3,17,0.7523233012192003,0.736601417670931,0.01572188354826931,True
few-label,STAD+UCEC,COAD,pooled,warm,3,18,0.7530053713019013,0.7386490646063635,0.01435630669553778,True
few-label,STAD+UCEC,COAD,pooled,warm,3,19,0.7598260721289112,0.7508728643088126,0.008953207820098563,False
few-label,STAD+UCEC,COAD,pooled,warm,5,0,0.7171966919600988,0.7163235786612152,0.000873113298883621,False
few-label,STAD+UCEC,COAD,pooled,warm,5,1,0.7541989939466279,0.7306080428453815,0.023590951101246427,True
few-label,STAD+UCEC,COAD,pooled,warm,5,2,0.7094807741495438,0.6820326796672378,0.027448094482306007,True
few-label,STAD+UCEC,COAD,pooled,warm,5,3,0.759442407707392,0.7312318132050009,0.028210594502391162,True
few-label,STAD+UCEC,COAD,pooled,warm,5,4,0.7527069656407196,0.7328836350673491,0.01982333057337049,True
few-label,STAD+UCEC,COAD,pooled,warm,5,5,0.7525790775002132,0.7254897506223226,0.027089326877890674,True
few-label,STAD+UCEC,COAD,pooled,warm,5,6,0.7716344104356723,0.7404953906294522,0.031139019806220025,True
few-label,STAD+UCEC,COAD,pooled,warm,5,7,0.7558615397732117,0.7351938215155693,0.020667718257642353,True
few-label,STAD+UCEC,COAD,pooled,warm,5,8,0.7387245289453491,0.7308212985293422,0.007903230416006934,False
few-label,STAD+UCEC,COAD,pooled,warm,5,9,0.7459288941938784,0.7261022088360718,0.019826685357806628,True
few-label,STAD+UCEC,COAD,pooled,warm,5,10,0.7456731179128656,0.7271786153821904,0.018494502530675194,True
few-label,STAD+UCEC,COAD,pooled,warm,5,11,0.7281524426634836,0.717272896197921,0.01087954646556255,True
few-label,STAD+UCEC,COAD,pooled,warm,5,12,0.7611902122943133,0.7344244791950849,0.02676573309922836,True
few-label,STAD+UCEC,COAD,pooled,warm,5,13,0.7440532014664507,0.7292440256422381,0.014809175824212595,True
few-label,STAD+UCEC,COAD,pooled,warm,5,14,0.7517691192770057,0.7325708144332771,0.019198304843728642,True
few-label,STAD+UCEC,COAD,pooled,warm,5,15,0.7608918066331315,0.734535548474476,0.0263562581586555,True
few-label,STAD+UCEC,COAD,pooled,warm,5,16,0.7359536192343764,0.7202880520119845,0.015665567222391874,True
few-label,STAD+UCEC,COAD,pooled,warm,5,17,0.7136158240259187,0.6957294051529404,0.01788641887297837,True
few-label,STAD+UCEC,COAD,pooled,warm,5,18,0.7605081422116122,0.7340982736230999,0.026409868588512353,True
few-label,STAD+UCEC,COAD,pooled,warm,5,19,0.7217580356381618,0.6974240342025844,0.0243340014355774,True
few-label,STAD+UCEC,COAD,pooled,warm,10,0,0.733054821382897,0.7266375548207723,0.006417266562124713,False
few-label,STAD+UCEC,COAD,pooled,warm,10,1,0.7529201125415638,0.7235787248721708,0.029341387669392982,True
few-label,STAD+UCEC,COAD,pooled,warm,10,2,0.7161735868360473,0.7158679851539833,0.00030560168206394955,False
few-label,STAD+UCEC,COAD,pooled,warm,10,3,0.7200954898115782,0.6996525378516442,0.020442951959934064,True
few-label,STAD+UCEC,COAD,pooled,warm,10,4,0.6634410435672266,0.6674033220448314,0.003962278477604886,False
few-label,STAD+UCEC,COAD,pooled,warm,10,5,0.7282377014238212,0.7165881188214852,0.01164958260233595,True
few-label,STAD+UCEC,COAD,pooled,warm,10,6,0.7510870491943047,0.7322831286004076,0.018803920593897128,True
few-label,STAD+UCEC,COAD,pooled,warm,10,7,0.7589734845255349,0.7480143064482687,0.010959178077266207,True
few-label,STAD+UCEC,COAD,pooled,warm,10,8,0.7177508739022935,0.702031846670377,0.015719027231916538,True
few-label,STAD+UCEC,COAD,pooled,warm,10,9,0.6680876460056271,0.6804916609375397,0.012404014931912566,True
few-label,STAD+UCEC,COAD,pooled,warm,10,10,0.714937334811152,0.7110338661118204,0.003903468699331558,False
few-label,STAD+UCEC,COAD,pooled,warm,10,11,0.7247420922499788,0.7075209534479644,0.01722113880201437,True
few-label,STAD+UCEC,COAD,pooled,warm,10,12,0.7572683093187825,0.7415387864921132,0.015729522826669284,True
few-label,STAD+UCEC,COAD,pooled,warm,10,13,0.7583340438230027,0.7380717747440686,0.020262269078934136,True
few-label,STAD+UCEC,COAD,pooled,warm,10,14,0.6923437633216812,0.6893638529075471,0.002979910414134146,False
few-label,STAD+UCEC,COAD,pooled,warm,10,15,0.7670304373774406,0.7273013605615393,0.03972907681590132,True
few-label,STAD+UCEC,COAD,pooled,warm,10,16,0.7299002472504049,0.7185555222114309,0.01134472503897399,True
few-label,STAD+UCEC,COAD,pooled,warm,10,17,0.7375735356807912,0.7074835746841704,0.030089960996620757,True
few-label,STAD+UCEC,COAD,pooled,warm,10,18,0.7090971097280245,0.7021214095955903,0.006975700132434204,False
few-label,STAD+UCEC,COAD,pooled,warm,10,19,0.7420069912183477,0.7282800936788028,0.013726897539544924,True
few-label,STAD+UCEC,COAD,pooled,warm,25,0,0.7391508227470373,0.7176104830290531,0.02154033971798419,True
few-label,STAD+UCEC,COAD,pooled,warm,25,1,0.7767925654360985,0.7537671591897014,0.02302540624639715,True
few-label,STAD+UCEC,COAD,pooled,warm,25,2,0.776451530394748,0.7467447392065069,0.029706791188241155,True
few-label,STAD+UCEC,COAD,pooled,warm,25,3,0.7232074345639014,0.7096791203941155,0.013528314169785838,True
few-label,STAD+UCEC,COAD,pooled,warm,25,4,0.710120214852076,0.6964407644655907,0.013679450386485326,True
few-label,STAD+UCEC,COAD,pooled,warm,25,5,0.7579930087816523,0.7393004560263746,0.018692552755277703,True
few-label,STAD+UCEC,COAD,pooled,warm,25,6,0.7209907067951232,0.720871153452087,0.00011955334303626053,False
few-label,STAD+UCEC,COAD,pooled,warm,25,7,0.7548810640293291,0.7288236835436438,0.02605738048568529,True
few-label,STAD+UCEC,COAD,pooled,warm,25,8,0.7302412822917554,0.7074929322580763,0.022748350033679143,True
few-label,STAD+UCEC,COAD,pooled,warm,25,9,0.754667917128485,0.7267133945167709,0.02795452261171416,True
few-label,STAD+UCEC,COAD,pooled,warm,25,10,0.7358683604740388,0.7381336759896839,0.0022653155156451277,False
few-label,STAD+UCEC,COAD,pooled,warm,25,11,0.7240173927871089,0.714287340872743,0.009730051914365823,False
few-label,STAD+UCEC,COAD,pooled,warm,25,12,0.730582317333106,0.718136960082839,0.012445357250266964,True
few-label,STAD+UCEC,COAD,pooled,warm,25,13,0.7241026515474465,0.7005680723337129,0.023534579213733586,True
few-label,STAD+UCEC,COAD,pooled,warm,25,14,0.7268309318782505,0.7158584020525429,0.010972529825707622,True
few-label,STAD+UCEC,COAD,pooled,warm,25,15,0.7303691704322619,0.7277811625095637,0.002588007922698199,False
few-label,STAD+UCEC,COAD,pooled,warm,25,16,0.6890186716685139,0.6767920581570036,0.012226613511510331,True
few-label,STAD+UCEC,COAD,pooled,warm,25,17,0.7228663995225509,0.7303617013021183,0.007495301779567365,False
few-label,STAD+UCEC,COAD,pooled,warm,25,18,0.691491175718305,0.6736993208711184,0.017791854847186594,True
few-label,STAD+UCEC,COAD,pooled,warm,25,19,0.7373177593997783,0.7213897352233997,0.01592802417637862,True
few-label,STAD+UCEC,COAD,pooled,warm,40,0,0.6980134708841333,0.6901667939805973,0.00784667690353602,False
few-label,STAD+UCEC,COAD,pooled,warm,40,1,0.7002301986529116,0.699860701584634,0.0003694970682776022,False
few-label,STAD+UCEC,COAD,pooled,warm,40,2,0.7150652229516583,0.7084112112647365,0.0066540116869218124,False
few-label,STAD+UCEC,COAD,pooled,warm,40,3,0.7123795720010231,0.7090485047888224,0.003331067212200667,False
few-label,STAD+UCEC,COAD,pooled,warm,40,4,0.6811748657174524,0.679992829800675,0.0011820359167774575,False
few-label,STAD+UCEC,COAD,pooled,warm,40,5,0.7347173672094808,0.7142633409842942,0.02045402622518655,True
few-label,STAD+UCEC,COAD,pooled,warm,40,6,0.7148520760508142,0.718110292058157,0.0032582160073427735,False
few-label,STAD+UCEC,COAD,pooled,warm,40,7,0.7411117742348027,0.7175428265875137,0.023568947647289007,True
few-label,STAD+UCEC,COAD,pooled,warm,40,8,0.7045357660499617,0.6956494222978831,0.00888634375207864,False
few-label,STAD+UCEC,COAD,pooled,warm,40,9,0.725125756671498,0.6997471017893064,0.025378654882191598,True
few-label,STAD+UCEC,COAD,pooled,warm,40,10,0.693324239065564,0.6925860138978311,0.0007382251677328089,False
few-label,STAD+UCEC,COAD,pooled,warm,40,11,0.6998891636115611,0.6984202802603995,0.0014688833511615762,False
few-label,STAD+UCEC,COAD,pooled,warm,40,12,0.7582914144428339,0.7394432725500253,0.01884814189280859,True
few-label,STAD+UCEC,COAD,pooled,warm,40,13,0.7055588711740131,0.7056342113144496,7.534014043653059e-05,False
few-label,STAD+UCEC,COAD,pooled,warm,40,14,0.6784892147668173,0.6897449774654343,0.011255762698616945,True
few-label,STAD+UCEC,COAD,pooled,warm,40,15,0.7251683860516668,0.7127901454167591,0.012378240634907667,True
few-label,STAD+UCEC,COAD,pooled,warm,40,16,0.7350584022508312,0.7329400460512675,0.002118356199563687,False
few-label,STAD+UCEC,COAD,pooled,warm,40,17,0.7082871515048171,0.6993352127294531,0.008951938775364043,False
few-label,STAD+UCEC,COAD,pooled,warm,40,18,0.689913888652059,0.6870381111220237,0.0028757775300353172,False
few-label,STAD+UCEC,COAD,pooled,warm,40,19,0.7606360303521187,0.7456839662048202,0.014952064147298438,True
few-label,STAD+UCEC,COAD,pooled,warm,all,,0.707391934521272,0.7052254766087934,0.002166457912478603,False
few-label,target-only,STAD,target-only,cold,0,,0.5,0.5,0.0,False
few-label,COAD,STAD,single,warm,0,,0.6178107606679035,0.6243128594294821,0.00650209876157859,False
few-label,target-only,STAD,target-only,cold,3,0,0.6611008039579469,0.6433597039145835,0.017741100043363378,True
few-label,COAD,STAD,single,warm,3,0,0.7215007215007214,0.7015811966662255,0.019919524834495883,True
few-label,target-only,STAD,target-only,cold,3,1,0.7314471243042672,0.6917198241010193,0.039727300203247884,True
few-label,COAD,STAD,single,warm,3,1,0.7349000206143063,0.7157484878056926,0.019151532808613703,True
few-label,target-only,STAD,target-only,cold,3,2,0.6173469387755103,0.5917406848346898,0.0256062539408205,True
few-label,COAD,STAD,single,warm,3,2,0.6715625644197073,0.6445225220107806,0.027040042408926657,True
few-label,target-only,STAD,target-only,cold,3,3,0.6163162234590807,0.6292493678285762,0.012933144369495553,True
few-label,COAD,STAD,single,warm,3,3,0.7049062049062049,0.6912621473744365,0.01364405753176845,True
few-label,target-only,STAD,target-only,cold,3,4,0.7228921871779015,0.7064231284516362,0.01646905872626525,True
few-label,COAD,STAD,single,warm,3,4,0.7275304061018347,0.7116930631267356,0.01583734297509909,True
few-label,target-only,STAD,target-only,cold,3,5,0.7205730777159348,0.7182021262921723,0.002370951423762535,False
few-label,COAD,STAD,single,warm,3,5,0.7050092764378478,0.7049940005355746,1.5275902273237385e-05,False
few-label,target-only,STAD,target-only,cold,3,6,0.6453308596165739,0.6283766520049504,0.016954207611623473,True
few-label,COAD,STAD,single,warm,3,6,0.6604308390022675,0.687895607680438,0.027464768678170492,True
few-label,target-only,STAD,target-only,cold,3,7,0.6125541125541125,0.6562013872243216,0.043647274670209124,True
few-label,COAD,STAD,single,warm,3,7,0.7203669346526489,0.713306422613021,0.007060512039627875,False
few-label,target-only,STAD,target-only,cold,3,8,0.7347454133168418,0.753137676524754,0.018392263207912207,True
few-label,COAD,STAD,single,warm,3,8,0.7428880643166358,0.7495075731566894,0.006619508840053578,False
few-label,target-only,STAD,target-only,cold,3,9,0.6757884972170687,0.6488944105054791,0.02689408671158955,True
few-label,COAD,STAD,single,warm,3,9,0.6651205936920221,0.6604922286557745,0.004628365036247639,False
few-label,target-only,STAD,target-only,cold,3,10,0.7157287157287157,0.7187591876958728,0.003030471967157111,False
few-label,COAD,STAD,single,warm,3,10,0.7175324675324675,0.7093758327387707,0.008156634793696771,False
few-label,target-only,STAD,target-only,cold,3,11,0.6708410636982065,0.6618464336204919,0.008994630077714616,False
few-label,COAD,STAD,single,warm,3,11,0.686456400742115,0.6770890243976659,0.009367376344449063,False
few-label,target-only,STAD,target-only,cold,3,12,0.6752731395588538,0.6695147138900228,0.005758425668831002,False
few-label,COAD,STAD,single,warm,3,12,0.6966089466089466,0.7014654018270499,0.004856455218103295,False
few-label,target-only,STAD,target-only,cold,3,13,0.5258194186765616,0.5524616107881851,0.026642192111623553,True
few-label,COAD,STAD,single,warm,3,13,0.6627499484642341,0.6644800730105197,0.0017301245462856274,False
few-label,target-only,STAD,target-only,cold,3,14,0.6835188620902907,0.6759288492571036,0.007590012833187054,False
few-label,COAD,STAD,single,warm,3,14,0.7237682951968667,0.7032861184690186,0.020482176727848134,True
few-label,target-only,STAD,target-only,cold,3,15,0.7005256648113791,0.6607967514123854,0.03972891339899376,True
few-label,COAD,STAD,single,warm,3,15,0.7031539888682745,0.6956096967751506,0.0075442920931239055,False
few-label,target-only,STAD,target-only,cold,3,16,0.5619459905174191,0.5529887750038806,0.008957215513538563,False
few-label,COAD,STAD,single,warm,3,16,0.6719233147804576,0.6696385682906392,0.0022847464898184677,False
few-label,target-only,STAD,target-only,cold,3,17,0.6605339105339105,0.6751311656220468,0.014597255088136252,True
few-label,COAD,STAD,single,warm,3,17,0.6988249845392702,0.7003569919314265,0.0015320073921563093,False
few-label,target-only,STAD,target-only,cold,3,18,0.6121418264275407,0.6217640218722054,0.009622195444664694,False
few-label,COAD,STAD,single,warm,3,18,0.7142857142857143,0.7097353966866581,0.0045503175990562195,False
few-label,target-only,STAD,target-only,cold,3,19,0.7465471036899608,0.7036803648455676,0.04286673884439318,True
few-label,COAD,STAD,single,warm,3,19,0.6987734487734488,0.6924857716564359,0.006287677117012946,False
few-label,target-only,STAD,target-only,cold,5,0,0.593588950731808,0.6112032031631356,0.017614252431327637,True
few-label,COAD,STAD,single,warm,5,0,0.6806328592042877,0.6902526303933538,0.009619771189066095,False
few-label,target-only,STAD,target-only,cold,5,1,0.6512574726860442,0.6539752085338617,0.0027177358478175373,False
few-label,COAD,STAD,single,warm,5,1,0.7075860647289218,0.6979695603061263,0.009616504422795491,False
few-label,target-only,STAD,target-only,cold,5,2,0.7680890538033395,0.7131174177662174,0.054971636037122074,True
few-label,COAD,STAD,single,warm,5,2,0.7438157081014223,0.7407235682589084,0.0030921398425138857,False
few-label,target-only,STAD,target-only,cold,5,3,0.7125850340136054,0.745038678300327,0.032453644286721595,True
few-label,COAD,STAD,single,warm,5,3,0.7415996701710987,0.7253163169306879,0.01628335324041086,True
few-label,target-only,STAD,target-only,cold,5,4,0.7063492063492064,0.6941990495217074,0.012150156827498981,True
few-label,COAD,STAD,single,warm,5,4,0.7114512471655328,0.6985834188894882,0.012867828276044602,True
few-label,target-only,STAD,target-only,cold,5,5,0.7062461348175635,0.683304382802919,0.022941752014644434,True
few-label,COAD,STAD,single,warm,5,5,0.7324778396206968,0.7062640002458358,0.026213839374860992,True
few-label,target-only,STAD,target-only,cold,5,6,0.6967120181405896,0.6935553692410656,0.0031566488995239395,False
few-label,COAD,STAD,single,warm,5,6,0.7001649144506287,0.7094046788436003,0.009239764392971583,False
few-label,target-only,STAD,target-only,cold,5,7,0.6863533292104721,0.6980054590392658,0.011652129828793711,True
few-label,COAD,STAD,single,warm,5,7,0.7310348381776954,0.7170889547589353,0.01394588341876013,True
few-label,target-only,STAD,target-only,cold,5,8,0.7195423623995053,0.7194574369768837,8.492542262161784e-05,False
few-label,COAD,STAD,single,warm,5,8,0.7147495361781075,0.6958289542860941,0.0189205818920134,True
few-label,target-only,STAD,target-only,cold,5,9,0.721655328798186,0.7034902869380993,0.018165041860086606,True
few-label,COAD,STAD,single,warm,5,9,0.7170686456400741,0.7095074494845459,0.007561196155528194,False
few-label,target-only,STAD,target-only,cold,5,10,0.6555864770150485,0.675086220226094,0.019499743211045528,True
few-label,COAD,STAD,single,warm,5,10,0.7551020408163265,0.7386038474859,0.01649819333042646,True
few-label,target-only,STAD,target-only,cold,5,11,0.6646567717996289,0.7165251594655407,0.05186838766591184,True
few-label,COAD,STAD,single,warm,5,11,0.7283034425891569,0.7256954715344438,0.0026079710547131096,False
few-label,target-only,STAD,target-only,cold,5,12,0.7316017316017317,0.7185815204375565,0.013020211164175177,True
few-label,COAD,STAD,single,warm,5,12,0.7242836528550815,0.7167834947079246,0.007500158147156877,False
few-label,target-only,STAD,target-only,cold,5,13,0.734436198721913,0.7374029396049233,0.0029667408830102993,False
few-label,COAD,STAD,single,warm,5,13,0.7369099154813441,0.7250198689507026,0.011890046530641518,True
few-label,target-only,STAD,target-only,cold,5,14,0.7403628117913832,0.7091368440590763,0.031225967732306903,True
few-label,COAD,STAD,single,warm,5,14,0.6984642341785199,0.6793626519021634,0.0191015822763565,True
few-label,target-only,STAD,target-only,cold,5,15,0.7021748093176665,0.6833233833176864,0.01885142599998013,True
few-label,COAD,STAD,single,warm,5,15,0.7038754895897752,0.6869034046043803,0.01697208498539493,True
few-label,target-only,STAD,target-only,cold,5,16,0.7119150690579261,0.655027112093934,0.05688795696399207,True
few-label,COAD,STAD,single,warm,5,16,0.6971758400329828,0.6738566307463462,0.023319209286636666,True
few-label,target-only,STAD,target-only,cold,5,17,0.7335085549371264,0.6978824662472581,0.035626088689868274,True
few-label,COAD,STAD,single,warm,5,17,0.7505668934240362,0.7198060320769388,0.030760861347097324,True
few-label,target-only,STAD,target-only,cold,5,18,0.6580601937744794,0.6611838697349219,0.0031236759604424957,False
few-label,COAD,STAD,single,warm,5,18,0.7185116470830757,0.7106513149873056,0.007860332095770084,False
few-label,target-only,STAD,target-only,cold,5,19,0.7019686662543806,0.685431576832574,0.01653708942180654,True
few-label,COAD,STAD,single,warm,5,19,0.7315501958359101,0.7287461265650572,0.0028040692708528603,False
few-label,target-only,STAD,target-only,cold,10,0,0.7476293547722119,0.7431845142605555,0.004444840511656389,False
few-label,COAD,STAD,single,warm,10,0,0.793805400948258,0.7835908721193104,0.010214528828947578,True
few-label,target-only,STAD,target-only,cold,10,1,0.7943722943722944,0.788804950940522,0.0055673434317723425,False
few-label,COAD,STAD,single,warm,10,1,0.744949494949495,0.7346455785245026,0.010303916424992399,True
few-label,target-only,STAD,target-only,cold,10,2,0.7103689960832819,0.6926283430101909,0.017740653073090917,True
few-label,COAD,STAD,single,warm,10,2,0.7548443619872192,0.7313518296402829,0.023492532346936268,True
few-label,target-only,STAD,target-only,cold,10,3,0.7835497835497836,0.7878830370767786,0.004333253526995096,False
few-label,COAD,STAD,single,warm,10,3,0.7656153370439085,0.7455095961390571,0.0201057409048514,True
few-label,target-only,STAD,target-only,cold,10,4,0.7379406307977736,0.7203032563850718,0.017637374412701856,True
few-label,COAD,STAD,single,warm,10,4,0.7413935271078128,0.7261877030511934,0.01520582405661941,True
few-label,target-only,STAD,target-only,cold,10,5,0.7564935064935066,0.7226842921058523,0.033809214387654274,True
few-label,COAD,STAD,single,warm,10,5,0.7423727066584208,0.7193989548130337,0.02297375184538708,True
few-label,target-only,STAD,target-only,cold,10,6,0.7758194186765615,0.7600075579154958,0.015811860761065666,True
few-label,COAD,STAD,single,warm,10,6,0.7616986188414759,0.7524969767297662,0.009201642111709707,False
few-label,target-only,STAD,target-only,cold,10,7,0.7300556586270871,0.7032363212497197,0.026819337377367414,True
few-label,COAD,STAD,single,warm,10,7,0.7356730571016286,0.7127048956118679,0.022968161489760663,True
few-label,target-only,STAD,target-only,cold,10,8,0.7211915069057926,0.7209973709070894,0.0001941359987032154,False
few-label,COAD,STAD,single,warm,10,8,0.7242836528550813,0.6990815873843698,0.025202065470711577,True
few-label,target-only,STAD,target-only,cold,10,9,0.7715934858792002,0.7519839525575451,0.019609533321655048,True
few-label,COAD,STAD,single,warm,10,9,0.7623170480313338,0.7360342203291931,0.026282827702140743,True
few-label,target-only,STAD,target-only,cold,10,10,0.7622139764996907,0.7581723757291324,0.004041600770558262,False
few-label,COAD,STAD,single,warm,10,10,0.7504638218923932,0.7476016864614922,0.0028621354309010805,False
few-label,target-only,STAD,target-only,cold,10,11,0.7794269222840652,0.7643446061077341,0.015082316176331045,True
few-label,COAD,STAD,single,warm,10,11,0.7846320346320347,0.7696087430821625,0.015023291549872142,True
few-label,target-only,STAD,target-only,cold,10,12,0.7298495155638012,0.6960003460609265,0.03384916950287464,True
few-label,COAD,STAD,single,warm,10,12,0.7269635126777984,0.7257202635727772,0.0012432491050211603,False
few-label,target-only,STAD,target-only,cold,10,13,0.7010410224695939,0.6828552969338255,0.01818572553576836,True
few-label,COAD,STAD,single,warm,10,13,0.7468563182848897,0.7303143448086518,0.01654197347623798,True
few-label,target-only,STAD,target-only,cold,10,14,0.728097299525871,0.7154550049661323,0.012642294559738643,True
few-label,COAD,STAD,single,warm,10,14,0.7438157081014224,0.7425203430272528,0.0012953650741696077,False
few-label,target-only,STAD,target-only,cold,10,15,0.7286126571840857,0.7129041935962435,0.01570846358784228,True
few-label,COAD,STAD,single,warm,10,15,0.7609771181199754,0.7426697646603638,0.01830735345961154,True
few-label,target-only,STAD,target-only,cold,10,16,0.7119150690579262,0.6808563992934744,0.03105866976445182,True
few-label,COAD,STAD,single,warm,10,16,0.7607194392908678,0.7635513015199165,0.0028318622290486317,False
few-label,target-only,STAD,target-only,cold,10,17,0.7745310245310245,0.7399764175688621,0.03455460696216239,True
few-label,COAD,STAD,single,warm,10,17,0.7619562976705834,0.7313546109630688,0.03060168670751462,True
few-label,target-only,STAD,target-only,cold,10,18,0.7101628530199958,0.690347473988016,0.01981537903197983,True
few-label,COAD,STAD,single,warm,10,18,0.7380437023294166,0.7254917562698006,0.01255194605961607,True
few-label,target-only,STAD,target-only,cold,10,19,0.6994949494949495,0.6795397423489208,0.01995520714602872,True
few-label,COAD,STAD,single,warm,10,19,0.7391259534116676,0.7282313201355,0.010894633276167687,True
few-label,target-only,STAD,target-only,cold,25,0,0.8064831993403422,0.7734797585503618,0.03300344078998041,True
few-label,COAD,STAD,single,warm,25,0,0.8121005978148835,0.8071276735680664,0.0049729242468171675,False
few-label,target-only,STAD,target-only,cold,25,1,0.7782415996701711,0.7657490572047255,0.012492542465445622,True
few-label,COAD,STAD,single,warm,25,1,0.7839105339105339,0.7681268885685638,0.015783645341970076,True
few-label,target-only,STAD,target-only,cold,25,2,0.7977221191506905,0.7747082550076424,0.02301386414304807,True
few-label,COAD,STAD,single,warm,25,2,0.7725211296639868,0.7635046351174998,0.009016494546487008,False
few-label,target-only,STAD,target-only,cold,25,3,0.7713358070500929,0.743411558174856,0.027924248875236812,True
few-label,COAD,STAD,single,warm,25,3,0.7943207586064729,0.786624778092381,0.007695980514091927,False
few-label,target-only,STAD,target-only,cold,25,4,0.8040094825809112,0.8149937162587021,0.010984233677790889,True
few-label,COAD,STAD,single,warm,25,4,0.7979797979797979,0.7904093002414246,0.007570497738373261,False
few-label,target-only,STAD,target-only,cold,25,5,0.8151927437641723,0.8016967032621773,0.013496040501994933,True
few-label,COAD,STAD,single,warm,25,5,0.8033910533910533,0.7807985717076837,0.02259248168336958,True
few-label,target-only,STAD,target-only,cold,25,6,0.7929292929292929,0.7984227639634303,0.005493471034137332,False
few-label,COAD,STAD,single,warm,25,6,0.7997320140177283,0.791031718406618,0.008700295611110298,False
few-label,target-only,STAD,target-only,cold,25,7,0.8148835291692434,0.8182531697261413,0.0033696405568978127,False
few-label,COAD,STAD,single,warm,25,7,0.8091630591630592,0.7926774570416811,0.016485602121378062,True
few-label,target-only,STAD,target-only,cold,25,8,0.7842712842712842,0.771419273743075,0.012852010528209279,True
few-label,COAD,STAD,single,warm,25,8,0.7780869923727065,0.7689233744954801,0.009163617877226415,False
few-label,target-only,STAD,target-only,cold,25,9,0.7996804782519068,0.7747973211235246,0.024883157128382183,True
few-label,COAD,STAD,single,warm,25,9,0.7970521541950113,0.7831725248899617,0.013879629305049601,True
few-label,target-only,STAD,target-only,cold,25,10,0.790146361574933,0.7607602016774052,0.029386159897527797,True
few-label,COAD,STAD,single,warm,25,10,0.8056586270871985,0.7996666146229319,0.005992012464266616,False
few-label,target-only,STAD,target-only,cold,25,11,0.825036075036075,0.8100645988632256,0.01497147617284944,True
few-label,COAD,STAD,single,warm,25,11,0.8219954648526075,0.8226064111014983,0.000610946248890798,False
few-label,target-only,STAD,target-only,cold,25,12,0.8441043083900227,0.8220805477190851,0.022023760670937587,True
few-label,COAD,STAD,single,warm,25,12,0.8214285714285714,0.8076256238485875,0.013802947579983904,True
few-label,target-only,STAD,target-only,cold,25,13,0.762574726860441,0.7539286446713873,0.008646082189053717,False
few-label,COAD,STAD,single,warm,25,13,0.7661822304679446,0.7638622393625831,0.0023199911053615185,False
few-label,target-only,STAD,target-only,cold,25,14,0.7955060812203669,0.7837035860135987,0.011802495206768238,True
few-label,COAD,STAD,single,warm,25,14,0.8144712430426715,0.7983131942155663,0.016158048827105143,True
few-label,target-only,STAD,target-only,cold,25,15,0.8040094825809111,0.7659946485594002,0.038014834021510846,True
few-label,COAD,STAD,single,warm,25,15,0.7815914244485673,0.7674611737092425,0.014130250739324834,True
few-label,target-only,STAD,target-only,cold,25,16,0.8071531642960214,0.7532269667720131,0.05392619752400829,True
few-label,COAD,STAD,single,warm,25,16,0.8127705627705628,0.7905419964200361,0.022228566350526724,True
few-label,target-only,STAD,target-only,cold,25,17,0.8006081220366934,0.7883496406303384,0.012258481406354993,True
few-label,COAD,STAD,single,warm,25,17,0.7827252112966399,0.7795138046851949,0.0032114066114449225,False
few-label,target-only,STAD,target-only,cold,25,18,0.8141620284477427,0.8103968366642362,0.0037651917835064275,False
few-label,COAD,STAD,single,warm,25,18,0.8072562358276644,0.7926382131136063,0.014618022714058099,True
few-label,target-only,STAD,target-only,cold,25,19,0.8194186765615338,0.8078208085312817,0.01159786803025209,True
few-label,COAD,STAD,single,warm,25,19,0.8122036693465264,0.8025684136481821,0.009635255698344336,False
few-label,target-only,STAD,target-only,cold,40,0,0.8217893217893217,0.7988883152634157,0.022901006525905987,True
few-label,COAD,STAD,single,warm,40,0,0.8129251700680271,0.8039536112942136,0.008971558773813504,False
few-label,target-only,STAD,target-only,cold,40,1,0.7983405483405484,0.7877602909138142,0.010580257426734185,True
few-label,COAD,STAD,single,warm,40,1,0.8119459905174191,0.8074682255572867,0.004477764960132413,False
few-label,target-only,STAD,target-only,cold,40,2,0.8158111729540302,0.7925028700130087,0.023308302941021486,True
few-label,COAD,STAD,single,warm,40,2,0.8286951144094001,0.8186208471388378,0.010074267270562376,True
few-label,target-only,STAD,target-only,cold,40,3,0.8114821686250258,0.7926627195746241,0.01881944905040167,True
few-label,COAD,STAD,single,warm,40,3,0.8203463203463204,0.8035534998540383,0.016792820492282035,True
few-label,target-only,STAD,target-only,cold,40,4,0.7954030096887239,0.7802266241962742,0.015176385492449707,True
few-label,COAD,STAD,single,warm,40,4,0.8146258503401361,0.8072777918485727,0.007348058491563392,False
few-label,target-only,STAD,target-only,cold,40,5,0.7717996289424861,0.7457191351782565,0.026080493764229606,True
few-label,COAD,STAD,single,warm,40,5,0.7815914244485673,0.7619264120445797,0.01966501240398766,True
few-label,target-only,STAD,target-only,cold,40,6,0.8061739847454134,0.7970979648792961,0.00907601986611728,False
few-label,COAD,STAD,single,warm,40,6,0.8078231292517006,0.7964689275234944,0.011354201728206226,True
few-label,target-only,STAD,target-only,cold,40,7,0.8249845392702535,0.814279228669195,0.010705310601058504,True
few-label,COAD,STAD,single,warm,40,7,0.8178210678210678,0.8157644937249977,0.002056574096070074,False
few-label,target-only,STAD,target-only,cold,40,8,0.8131313131313133,0.8064164039901549,0.006714909141158354,False
few-label,COAD,STAD,single,warm,40,8,0.8214801071943929,0.8166728417559395,0.004807265438453445,False
few-label,target-only,STAD,target-only,cold,40,9,0.8010204081632654,0.8020481215592875,0.0010277133960221452,False
few-label,COAD,STAD,single,warm,40,9,0.8124098124098124,0.7948807653586496,0.01752904705116276,True
few-label,target-only,STAD,target-only,cold,40,10,0.8100907029478457,0.8036621914126434,0.006428511535202297,False
few-label,COAD,STAD,single,warm,40,10,0.8223046794475365,0.8207464375920454,0.0015582418554911381,False
few-label,target-only,STAD,target-only,cold,40,11,0.8427643784786641,0.8162761278535363,0.02648825062512783,True
few-label,COAD,STAD,single,warm,40,11,0.8199855699855699,0.7990835370737616,0.020902032911808366,True
few-label,target-only,STAD,target-only,cold,40,12,0.8124613481756339,0.8019655382825495,0.010495809893084407,True
few-label,COAD,STAD,single,warm,40,12,0.8203463203463203,0.8171883689561124,0.0031579513902079137,False
few-label,target-only,STAD,target-only,cold,40,13,0.8275097917955061,0.8185816327308224,0.008928159064683694,False
few-label,COAD,STAD,single,warm,40,13,0.8139558853844567,0.7979975786788913,0.015958306705565417,True
few-label,target-only,STAD,target-only,cold,40,14,0.8250360750360751,0.81356073727532,0.011475337760755155,True
few-label,COAD,STAD,single,warm,40,14,0.823953823953824,0.7978590262796674,0.026094797674156567,True
few-label,target-only,STAD,target-only,cold,40,15,0.8117398474541332,0.8012771567641561,0.010462690689977072,True
few-label,COAD,STAD,single,warm,40,15,0.8099876314162028,0.7836873513463436,0.026300280069859183,True
few-label,target-only,STAD,target-only,cold,40,16,0.8193156050298908,0.7991473763481434,0.02016822868174739,True
few-label,COAD,STAD,single,warm,40,16,0.8126159554730983,0.8053970578696161,0.007218897603482155,False
few-label,target-only,STAD,target-only,cold,40,17,0.8234900020614305,0.8157276246011801,0.007762377460250436,False
few-label,COAD,STAD,single,warm,40,17,0.8132343846629561,0.7997575800360337,0.013476804626922356,True
few-label,target-only,STAD,target-only,cold,40,18,0.7844258915687488,0.7715642909052832,0.012861600663465533,True
few-label,COAD,STAD,single,warm,40,18,0.7946815089672232,0.7655653236392059,0.029116185328017297,True
few-label,target-only,STAD,target-only,cold,40,19,0.8032879818594104,0.7838282909040347,0.019459690955375697,True
few-label,COAD,STAD,single,warm,40,19,0.8138528138528138,0.8045166965456485,0.009336117307165326,False
few-label,target-only,STAD,target-only,cold,all,,0.8123067408781693,0.7974861645203113,0.01482057635785805,True
few-label,COAD,STAD,single,warm,all,,0.8171511028653886,0.8061985363928494,0.010952566472539171,True
few-label,UCEC,STAD,single,warm,0,,0.5267985982271697,0.5054684227434814,0.02133017548368832,True
few-label,UCEC,STAD,single,warm,3,0,0.6109565038136467,0.575177537929245,0.03577896588440177,True
few-label,UCEC,STAD,single,warm,3,1,0.6158008658008658,0.5865975090349589,0.029203356765906907,True
few-label,UCEC,STAD,single,warm,3,2,0.5513811585240157,0.5349472046090202,0.01643395391499547,True
few-label,UCEC,STAD,single,warm,3,3,0.5384972170686456,0.5393736786197159,0.00087646155107024,False
few-label,UCEC,STAD,single,warm,3,4,0.62847866419295,0.5986714107092845,0.02980725348366542,True
few-label,UCEC,STAD,single,warm,3,5,0.6457946815089672,0.6271774702671881,0.018617211241779175,True
few-label,UCEC,STAD,single,warm,3,6,0.5712224283652855,0.5604769097605853,0.010745518604700188,True
few-label,UCEC,STAD,single,warm,3,7,0.6086373943516801,0.6045635619158669,0.004073832435813163,False
few-label,UCEC,STAD,single,warm,3,8,0.6594516594516595,0.6503848437174239,0.009066815734235623,False
few-label,UCEC,STAD,single,warm,3,9,0.59992784992785,0.5863318080175545,0.013596041910295509,True
few-label,UCEC,STAD,single,warm,3,10,0.638476602762317,0.6354334825669874,0.003043120195329596,False
few-label,UCEC,STAD,single,warm,3,11,0.5847763347763347,0.5697668270321141,0.015009507744220607,True
few-label,UCEC,STAD,single,warm,3,12,0.5978664192949907,0.5712838292729336,0.026582590022057095,True
few-label,UCEC,STAD,single,warm,3,13,0.4996907854050711,0.4742286218590136,0.025462163546057515,True
few-label,UCEC,STAD,single,warm,3,14,0.6351267779839209,0.5965736101409805,0.03855316784294038,True
few-label,UCEC,STAD,single,warm,3,15,0.6311585240156669,0.5850238547439334,0.046134669271733486,True
few-label,UCEC,STAD,single,warm,3,16,0.5177283034425891,0.5048578109115087,0.012870492531080413,True
few-label,UCEC,STAD,single,warm,3,17,0.5969387755102041,0.5876739187309381,0.009264856779266029,False
few-label,UCEC,STAD,single,warm,3,18,0.569779426922284,0.567634860896278,0.0021445660260059896,False
few-label,UCEC,STAD,single,warm,3,19,0.6316223459080602,0.5962249431914415,0.03539740271661873,True
few-label,UCEC,STAD,single,warm,5,0,0.5368996083281797,0.5475435281730084,0.010643919844828709,True
few-label,UCEC,STAD,single,warm,5,1,0.5915790558647701,0.6055391821960386,0.01396012633126853,True
few-label,UCEC,STAD,single,warm,5,2,0.685271078128221,0.6494767357482875,0.03579434237993351,True
few-label,UCEC,STAD,single,warm,5,3,0.657905586477015,0.6462536463775688,0.011651940099446256,True
few-label,UCEC,STAD,single,warm,5,4,0.6146155431869716,0.5901723672372385,0.02444317594973311,True
few-label,UCEC,STAD,single,warm,5,5,0.6517212945784374,0.603848211287264,0.04787308329117346,True
few-label,UCEC,STAD,single,warm,5,6,0.630952380952381,0.6364579884558101,0.0055056075034291,False
few-label,UCEC,STAD,single,warm,5,7,0.6273448773448773,0.6053613837880307,0.02198349355684659,True
few-label,UCEC,STAD,single,warm,5,8,0.656411049268192,0.6485982687798556,0.007812780488336446,False
few-label,UCEC,STAD,single,warm,5,9,0.6441455370026798,0.6465358275858948,0.002390290583214938,False
few-label,UCEC,STAD,single,warm,5,10,0.6233766233766234,0.612015901129596,0.011360722247027333,True
few-label,UCEC,STAD,single,warm,5,11,0.6350752422180994,0.6205743729679275,0.01450086925017191,True
few-label,UCEC,STAD,single,warm,5,12,0.6914038342609772,0.6409844354641041,0.05041939879687307,True
few-label,UCEC,STAD,single,warm,5,13,0.6296639868068439,0.6162136736161308,0.013450313190713103,True
few-label,UCEC,STAD,single,warm,5,14,0.6285817357245929,0.6234088343316575,0.0051729013929353584,False
few-label,UCEC,STAD,single,warm,5,15,0.6148216862502577,0.6119014884013996,0.002920197848858108,False
few-label,UCEC,STAD,single,warm,5,16,0.5917336631622345,0.5592537236629053,0.03247993949932926,True
few-label,UCEC,STAD,single,warm,5,17,0.6597608740465883,0.6183161832841454,0.04144469076244295,True
few-label,UCEC,STAD,single,warm,5,18,0.5962172747887033,0.5744731957469683,0.02174407904173503,True
few-label,UCEC,STAD,single,warm,5,19,0.6379097093382807,0.6060748232203592,0.03183488611792151,True
few-label,UCEC,STAD,single,warm,10,0,0.7042877757163472,0.6956692609727232,0.008618514743623962,False
few-label,UCEC,STAD,single,warm,10,1,0.6849618635332921,0.67285138181968,0.012110481713612176,True
few-label,UCEC,STAD,single,warm,10,2,0.6445578231292517,0.6256907890287958,0.01886703410045587,True
few-label,UCEC,STAD,single,warm,10,3,0.7166563595135025,0.6978064039776707,0.018849955535831797,True
few-label,UCEC,STAD,single,warm,10,4,0.6357452071737786,0.6068598553641926,0.028885351809585957,True
few-label,UCEC,STAD,single,warm,10,5,0.6853741496598639,0.6589877907764873,0.026386358883376593,True
few-label,UCEC,STAD,single,warm,10,6,0.7157802514945372,0.6974325586281387,0.01834769286639848,True
few-label,UCEC,STAD,single,warm,10,7,0.6678004535147392,0.6452372499872037,0.02256320352753549,True
few-label,UCEC,STAD,single,warm,10,8,0.6780045351473922,0.6450049730246477,0.032999562122744575,True
few-label,UCEC,STAD,single,warm,10,9,0.722531436817151,0.6880142127772597,0.034517224039891325,True
few-label,UCEC,STAD,single,warm,10,10,0.695887445887446,0.6641344648983345,0.0317529809891115,True
few-label,UCEC,STAD,single,warm,10,11,0.703308596165739,0.6844976672910874,0.018810928874651633,True
few-label,UCEC,STAD,single,warm,10,12,0.6648629148629149,0.6399987958546658,0.02486411900824914,True
few-label,UCEC,STAD,single,warm,10,13,0.6816120387548958,0.6752154808289711,0.006396557925924751,False
few-label,UCEC,STAD,single,warm,10,14,0.6589878375592662,0.644354645723914,0.014633191835352166,True
few-label,UCEC,STAD,single,warm,10,15,0.691609977324263,0.682464030457731,0.009145946866532029,False
few-label,UCEC,STAD,single,warm,10,16,0.6852195423623995,0.6504872157075222,0.034732326654877244,True
few-label,UCEC,STAD,single,warm,10,17,0.7123273551844981,0.6672284898380252,0.045098865346472894,True
few-label,UCEC,STAD,single,warm,10,18,0.61002886002886,0.6050709969784983,0.004957863050361722,False
few-label,UCEC,STAD,single,warm,10,19,0.6388888888888888,0.6116564291880616,0.027232459700827216,True
few-label,UCEC,STAD,single,warm,25,0,0.7924139352710782,0.7564360702667927,0.03597786500428546,True
few-label,UCEC,STAD,single,warm,25,1,0.7272211915069058,0.6997984235091824,0.027422767997723363,True
few-label,UCEC,STAD,single,warm,25,2,0.7541743970315399,0.729889340480777,0.02428505655076285,True
few-label,UCEC,STAD,single,warm,25,3,0.7095959595959596,0.6899899508905851,0.019606008705374434,True
few-label,UCEC,STAD,single,warm,25,4,0.7694289837146979,0.7595479183000233,0.009881065414674595,False
few-label,UCEC,STAD,single,warm,25,5,0.7695835910121624,0.7367271742056997,0.032856416806462785,True
few-label,UCEC,STAD,single,warm,25,6,0.733044733044733,0.7060734221879321,0.026971310856800934,True
few-label,UCEC,STAD,single,warm,25,7,0.753865182436611,0.7377066467886129,0.016158535647998185,True
few-label,UCEC,STAD,single,warm,25,8,0.760307153164296,0.7371037235016502,0.02320342966264577,True
few-label,UCEC,STAD,single,warm,25,9,0.7606163677592249,0.7247068751724387,0.03590949258678622,True
few-label,UCEC,STAD,single,warm,25,10,0.7254689754689755,0.6931832222702866,0.03228575319868887,True
few-label,UCEC,STAD,single,warm,25,11,0.7931354359925789,0.7575346239087202,0.03560081208385868,True
few-label,UCEC,STAD,single,warm,25,12,0.7932900432900433,0.7560942902040843,0.037195753085959016,True
few-label,UCEC,STAD,single,warm,25,13,0.7169655741084312,0.6959529649999772,0.02101260910845404,True
few-label,UCEC,STAD,single,warm,25,14,0.7483508554937126,0.7166507498927395,0.03170010560097314,True
few-label,UCEC,STAD,single,warm,25,15,0.7416512059369202,0.7027571771327372,0.03889402880418302,True
few-label,UCEC,STAD,single,warm,25,16,0.7609771181199754,0.7092900309952822,0.051687087124693165,True
few-label,UCEC,STAD,single,warm,25,17,0.7722634508348792,0.7375552237734948,0.034708227061384433,True
few-label,UCEC,STAD,single,warm,25,18,0.7482477839620697,0.7454611455936616,0.0027866383684080898,False
few-label,UCEC,STAD,single,warm,25,19,0.7328385899814472,0.7165540649356,0.01628452504584721,True
few-label,UCEC,STAD,single,warm,40,0,0.789167182024325,0.7630846422423676,0.026082539781957403,True
few-label,UCEC,STAD,single,warm,40,1,0.7877757163471448,0.7636542113082792,0.024121505038865676,True
few-label,UCEC,STAD,single,warm,40,2,0.7923108637394352,0.7564417706292939,0.035869093110141304,True
few-label,UCEC,STAD,single,warm,40,3,0.7664399092970521,0.748092063286222,0.01834784601083006,True
few-label,UCEC,STAD,single,warm,40,4,0.7842197485054627,0.7399295170866786,0.044290231418784076,True
few-label,UCEC,STAD,single,warm,40,5,0.7523706452277881,0.7256133737781555,0.02675727144963258,True
few-label,UCEC,STAD,single,warm,40,6,0.7772108843537415,0.7470056525972242,0.030205231756517348,True
few-label,UCEC,STAD,single,warm,40,7,0.8006596578025149,0.7654561743246122,0.0352034834779027,True
few-label,UCEC,STAD,single,warm,40,8,0.7911770768913625,0.7719845478353967,0.0191925290559658,True
few-label,UCEC,STAD,single,warm,40,9,0.7831374974232117,0.7641571894271266,0.018980307996085077,True
few-label,UCEC,STAD,single,warm,40,10,0.790146361574933,0.7772768922020019,0.012869469372931097,True
few-label,UCEC,STAD,single,warm,40,11,0.783601319315605,0.7468019058618568,0.03679941345374815,True
few-label,UCEC,STAD,single,warm,40,12,0.7752525252525253,0.7444934377297884,0.030759087522736928,True
few-label,UCEC,STAD,single,warm,40,13,0.7966914038342611,0.7668051737454469,0.029886230088814192,True
few-label,UCEC,STAD,single,warm,40,14,0.783292104720676,0.7550089435376715,0.028283161183004557,True
few-label,UCEC,STAD,single,warm,40,15,0.7776747062461349,0.7577438020749455,0.019930904171189368,True
few-label,UCEC,STAD,single,warm,40,16,0.7855081426509997,0.7569418166389724,0.028566326012027243,True
few-label,UCEC,STAD,single,warm,40,17,0.7845289631003917,0.7582365063027797,0.02629245679761194,True
few-label,UCEC,STAD,single,warm,40,18,0.7560812203669346,0.7259769005664524,0.030104319800482227,True
few-label,UCEC,STAD,single,warm,40,19,0.7829828901257472,0.751907764535105,0.031075125590642183,True
few-label,UCEC,STAD,single,warm,all,,0.7937538651824366,0.7735444785498664,0.020209386632570214,True
few-label,COAD+UCEC,STAD,pooled,warm,0,,0.6589363017934446,0.63357915259067,0.025357149202774654,True
few-label,COAD+UCEC,STAD,pooled,warm,3,0,0.7218099360956504,0.6896401301228616,0.032169805972788734,True
few-label,COAD+UCEC,STAD,pooled,warm,3,1,0.7440218511647082,0.7132649483599227,0.03075690280478549,True
few-label,COAD+UCEC,STAD,pooled,warm,3,2,0.676046176046176,0.6370103559099627,0.03903582013621332,True
few-label,COAD+UCEC,STAD,pooled,warm,3,3,0.6914553700267987,0.668243841842497,0.023211528184301722,True
few-label,COAD+UCEC,STAD,pooled,warm,3,4,0.7314986600700887,0.6977465157746876,0.033752144295401076,True
few-label,COAD+UCEC,STAD,pooled,warm,3,5,0.6967635539064111,0.6813328239237428,0.015430729982668256,True
few-label,COAD+UCEC,STAD,pooled,warm,3,6,0.6810966810966811,0.6732173133224263,0.007879367774254797,False
few-label,COAD+UCEC,STAD,pooled,warm,3,7,0.7144918573490002,0.6913228776143588,0.02316897973464138,True
few-label,COAD+UCEC,STAD,pooled,warm,3,8,0.7505153576582148,0.7325222866045615,0.01799307105365322,True
few-label,COAD+UCEC,STAD,pooled,warm,3,9,0.7076891362605648,0.6749015909153331,0.03278754534523176,True
few-label,COAD+UCEC,STAD,pooled,warm,3,10,0.7195938981653268,0.6992980172117292,0.020295880953597578,True
few-label,COAD+UCEC,STAD,pooled,warm,3,11,0.6937229437229436,0.6679328323454126,0.025790111377531066,True
few-label,COAD+UCEC,STAD,pooled,warm,3,12,0.7085137085137084,0.6850602499212453,0.023453458592463172,True
few-label,COAD+UCEC,STAD,pooled,warm,3,13,0.676252319109462,0.653588400301994,0.022663918807467986,True
few-label,COAD+UCEC,STAD,pooled,warm,3,14,0.7329416615130901,0.6924113737590132,0.040530287754076966,True
few-label,COAD+UCEC,STAD,pooled,warm,3,15,0.7198000412286126,0.6768133255733291,0.04298671565528356,True
few-label,COAD+UCEC,STAD,pooled,warm,3,16,0.6791898577612863,0.6598437927195574,0.019346065041728866,True
few-label,COAD+UCEC,STAD,pooled,warm,3,17,0.7122758194186766,0.6941010637312856,0.01817475568739102,True
few-label,COAD+UCEC,STAD,pooled,warm,3,18,0.722428365285508,0.6999883873677867,0.022439977917721343,True
few-label,COAD+UCEC,STAD,pooled,warm,3,19,0.6986703772418058,0.6773209968614585,0.021349380380347283,True
few-label,COAD+UCEC,STAD,pooled,warm,5,0,0.6849618635332921,0.6754097151478116,0.009552148385480574,False
few-label,COAD+UCEC,STAD,pooled,warm,5,1,0.7196454339311482,0.6998391794625071,0.01980625446864115,True
few-label,COAD+UCEC,STAD,pooled,warm,5,2,0.7608740465883322,0.7353281982994782,0.02554584828885409,True
few-label,COAD+UCEC,STAD,pooled,warm,5,3,0.7506699649556792,0.7266090810283239,0.02406088392735528,True
few-label,COAD+UCEC,STAD,pooled,warm,5,4,0.7211915069057926,0.7068549552293837,0.014336551676408904,True
few-label,COAD+UCEC,STAD,pooled,warm,5,5,0.7251597608740465,0.6827247771768691,0.042434983697177464,True
few-label,COAD+UCEC,STAD,pooled,warm,5,6,0.7110904968047825,0.6988788024567556,0.012211694348026936,True
few-label,COAD+UCEC,STAD,pooled,warm,5,7,0.7338693052978766,0.7010598852249684,0.03280942007290821,True
few-label,COAD+UCEC,STAD,pooled,warm,5,8,0.731756338899196,0.698057631127844,0.03369870777135198,True
few-label,COAD+UCEC,STAD,pooled,warm,5,9,0.7118119975262832,0.6898324302926059,0.021979567233677333,True
few-label,COAD+UCEC,STAD,pooled,warm,5,10,0.7585549371263657,0.732164624359714,0.026390312766651713,True
few-label,COAD+UCEC,STAD,pooled,warm,5,11,0.716192537621109,0.6847693154951027,0.031423222126006345,True
few-label,COAD+UCEC,STAD,pooled,warm,5,12,0.7444856730571017,0.714234068375012,0.03025160468208965,True
few-label,COAD+UCEC,STAD,pooled,warm,5,13,0.7439703153988868,0.7177206891688066,0.026249626230080203,True
few-label,COAD+UCEC,STAD,pooled,warm,5,14,0.7120181405895691,0.6844348002930263,0.027583340296542858,True
few-label,COAD+UCEC,STAD,pooled,warm,5,15,0.6976911976911976,0.6794915531275763,0.01819964456362133,True
few-label,COAD+UCEC,STAD,pooled,warm,5,16,0.6927437641723355,0.6543463719144645,0.03839739225787098,True
few-label,COAD+UCEC,STAD,pooled,warm,5,17,0.731859410430839,0.6998647020247797,0.031994708406059336,True
few-label,COAD+UCEC,STAD,pooled,warm,5,18,0.7228921871779015,0.6981026953192786,0.024789491858622892,True
few-label,COAD+UCEC,STAD,pooled,warm,5,19,0.7244897959183674,0.7038703476906418,0.020619448227725545,True
few-label,COAD+UCEC,STAD,pooled,warm,10,0,0.7819521748093177,0.763146641714804,0.018805533094513716,True
few-label,COAD+UCEC,STAD,pooled,warm,10,1,0.7281488352916925,0.7198455548850471,0.008303280406645408,False
few-label,COAD+UCEC,STAD,pooled,warm,10,2,0.7392290249433106,0.7182996935349665,0.020929331408344076,True
few-label,COAD+UCEC,STAD,pooled,warm,10,3,0.7687590187590186,0.7438082640795339,0.02495075467948471,True
few-label,COAD+UCEC,STAD,pooled,warm,10,4,0.7353638425066997,0.7110931055003753,0.024270737006324428,True
few-label,COAD+UCEC,STAD,pooled,warm,10,5,0.7359307359307359,0.7116264477963627,0.02430428813437313,True
few-label,COAD+UCEC,STAD,pooled,warm,10,6,0.76288394145537,0.7381172160674849,0.024766725387885047,True
few-label,COAD+UCEC,STAD,pooled,warm,10,7,0.7403628117913832,0.698667870577921,0.04169494121346218,True
few-label,COAD+UCEC,STAD,pooled,warm,10,8,0.725211296639868,0.6917528389714306,0.03345845766843747,True
few-label,COAD+UCEC,STAD,pooled,warm,10,9,0.7515976087404659,0.728965323865483,0.022632284874982922,True
few-label,COAD+UCEC,STAD,pooled,warm,10,10,0.7668006596578024,0.7395335052285097,0.027267154429292728,True
few-label,COAD+UCEC,STAD,pooled,warm,10,11,0.7824675324675324,0.7624432595846822,0.020024272882850247,True
few-label,COAD+UCEC,STAD,pooled,warm,10,12,0.7224799010513295,0.6969952748658256,0.025484626185503956,True
few-label,COAD+UCEC,STAD,pooled,warm,10,13,0.7548443619872192,0.718888938435773,0.03595542355144621,True
few-label,COAD+UCEC,STAD,pooled,warm,10,14,0.7433518862090291,0.7327366208978301,0.010615265311199051,True
few-label,COAD+UCEC,STAD,pooled,warm,10,15,0.7694805194805194,0.7536803988521561,0.015800120628363334,True
few-label,COAD+UCEC,STAD,pooled,warm,10,16,0.7378375592661307,0.7246971788082281,0.013140380457902556,True
few-label,COAD+UCEC,STAD,pooled,warm,10,17,0.7618532261389405,0.7255447135009303,0.03630851263801016,True
few-label,COAD+UCEC,STAD,pooled,warm,10,18,0.7344877344877345,0.7041427706336633,0.03034496385407126,True
few-label,COAD+UCEC,STAD,pooled,warm,10,19,0.7441249226963512,0.7205706587722485,0.02355426392410276,True
few-label,COAD+UCEC,STAD,pooled,warm,25,0,0.8086477015048443,0.7788884283369475,0.029759273167896838,True
few-label,COAD+UCEC,STAD,pooled,warm,25,1,0.7690682333539477,0.7458371966248195,0.023231036729128185,True
few-label,COAD+UCEC,STAD,pooled,warm,25,2,0.7850443207586064,0.7600861516927401,0.024958169065866342,True
few-label,COAD+UCEC,STAD,pooled,warm,25,3,0.7750979179550608,0.7351252746145798,0.03997264334048101,True
few-label,COAD+UCEC,STAD,pooled,warm,25,4,0.8072047000618429,0.7924563249419379,0.01474837511990501,True
few-label,COAD+UCEC,STAD,pooled,warm,25,5,0.7907132549989693,0.7670760451947689,0.023637209804200365,True
few-label,COAD+UCEC,STAD,pooled,warm,25,6,0.7894248608534322,0.7675121915244814,0.021912669328950862,True
few-label,COAD+UCEC,STAD,pooled,warm,25,7,0.8000927643784788,0.7625138527755826,0.03757891160289617,True
few-label,COAD+UCEC,STAD,pooled,warm,25,8,0.7998350855493712,0.7740933913767927,0.025741694172578544,True
few-label,COAD+UCEC,STAD,pooled,warm,25,9,0.8032364460935889,0.7778315799718439,0.025404866121744973,True
few-label,COAD+UCEC,STAD,pooled,warm,25,10,0.792620078334364,0.774409954611413,0.018210123722950944,True
few-label,COAD+UCEC,STAD,pooled,warm,25,11,0.8165842094413522,0.7984883072084707,0.01809590223288149,True
few-label,COAD+UCEC,STAD,pooled,warm,25,12,0.8077715934858791,0.787052614265258,0.02071897922062116,True
few-label,COAD+UCEC,STAD,pooled,warm,25,13,0.7711296639868068,0.7473587977527926,0.023770866234014254,True
few-label,COAD+UCEC,STAD,pooled,warm,25,14,0.808183879612451,0.7739489734587875,0.034234906153663425,True
few-label,COAD+UCEC,STAD,pooled,warm,25,15,0.7769016697588126,0.7514121677965957,0.025489501962216887,True
few-label,COAD+UCEC,STAD,pooled,warm,25,16,0.811945990517419,0.7816633562585855,0.030282634258833485,True
few-label,COAD+UCEC,STAD,pooled,warm,25,17,0.7969490826633683,0.7778276600460585,0.019121422617309758,True
few-label,COAD+UCEC,STAD,pooled,warm,25,18,0.7962791177076892,0.771971075309391,0.024308042398298202,True
few-label,COAD+UCEC,STAD,pooled,warm,25,19,0.7932385075242218,0.7773278832931341,0.01591062423108769,True
few-label,COAD+UCEC,STAD,pooled,warm,40,0,0.8123067408781693,0.7880698065268306,0.02423693435133878,True
few-label,COAD+UCEC,STAD,pooled,warm,40,1,0.8143166357452071,0.788379128113729,0.025937507631478063,True
few-label,COAD+UCEC,STAD,pooled,warm,40,2,0.8153473510616367,0.790072312376744,0.02527503868489267,True
few-label,COAD+UCEC,STAD,pooled,warm,40,3,0.8113790970933827,0.7876639355539908,0.023715161539391905,True
few-label,COAD+UCEC,STAD,pooled,warm,40,4,0.808390022675737,0.7838586816102149,0.024531341065522128,True
few-label,COAD+UCEC,STAD,pooled,warm,40,5,0.7923623995052567,0.7595092104796367,0.032853189025619955,True
few-label,COAD+UCEC,STAD,pooled,warm,40,6,0.8098330241187384,0.7764651092273411,0.03336791489139723,True
few-label,COAD+UCEC,STAD,pooled,warm,40,7,0.8176149247577819,0.8055105275164408,0.012104397241341047,True
few-label,COAD+UCEC,STAD,pooled,warm,40,8,0.8263760049474335,0.8027803139670301,0.023595690980403372,True
few-label,COAD+UCEC,STAD,pooled,warm,40,9,0.8216862502576787,0.793303727964771,0.02838252229290772,True
few-label,COAD+UCEC,STAD,pooled,warm,40,10,0.8167388167388167,0.8008236214288271,0.015915195309989527,True
few-label,COAD+UCEC,STAD,pooled,warm,40,11,0.8106575963718821,0.7828359020596732,0.027821694312208822,True
few-label,COAD+UCEC,STAD,pooled,warm,40,12,0.8210678210678211,0.7962892459437618,0.024778575124059232,True
few-label,COAD+UCEC,STAD,pooled,warm,40,13,0.8243661100803957,0.7979083760164783,0.026457734063917382,True
few-label,COAD+UCEC,STAD,pooled,warm,40,14,0.820088641517213,0.7835946069270132,0.03649403459019973,True
few-label,COAD+UCEC,STAD,pooled,warm,40,15,0.817305710162853,0.7918889814544323,0.02541672870842071,True
few-label,COAD+UCEC,STAD,pooled,warm,40,16,0.8166872809729953,0.7975712030987375,0.01911607787425773,True
few-label,COAD+UCEC,STAD,pooled,warm,40,17,0.8123067408781695,0.7907827380320737,0.02152400284609579,True
few-label,COAD+UCEC,STAD,pooled,warm,40,18,0.7868480725623583,0.7473067146145258,0.039541357947832534,True
few-label,COAD+UCEC,STAD,pooled,warm,40,19,0.8174603174603174,0.8018543117701131,0.015606005690204316,True
few-label,COAD+UCEC,STAD,pooled,warm,all,,0.8165842094413523,0.7939697129911565,0.022614496450195865,True
few-label,target-only,UCEC,target-only,cold,0,,0.5,0.5,0.0,False
few-label,COAD,UCEC,single,warm,0,,0.5554605518849592,0.5627764434896372,0.007315891604677938,False
few-label,target-only,UCEC,target-only,cold,3,0,0.5486980178779635,0.540043904791131,0.008654113086832504,False
few-label,COAD,UCEC,single,warm,3,0,0.5731247570928877,0.5679062007996948,0.0052185562931929,False
few-label,target-only,UCEC,target-only,cold,3,1,0.5727361057131753,0.5797433131380407,0.00700720742486538,False
few-label,COAD,UCEC,single,warm,3,1,0.6083171395258453,0.6073590052960001,0.0009581342298452533,False
few-label,target-only,UCEC,target-only,cold,3,2,0.5790128254955305,0.5800414743050639,0.0010286488095334612,False
few-label,COAD,UCEC,single,warm,3,2,0.5958025650991061,0.6044809166160888,0.008678351516982707,False
few-label,target-only,UCEC,target-only,cold,3,3,0.6014963078118927,0.6262319395739706,0.024735631762077936,True
few-label,COAD,UCEC,single,warm,3,3,0.5964632724446172,0.6256166667605921,0.029153394315974968,True
few-label,target-only,UCEC,target-only,cold,3,4,0.5305674310143801,0.5294262392257079,0.0011411917886722245,False
few-label,COAD,UCEC,single,warm,3,4,0.5567625340069957,0.5624481508319418,0.00568561682494606,False
few-label,target-only,UCEC,target-only,cold,3,5,0.5684415079673533,0.565865781534623,0.0025757264327302964,False
few-label,COAD,UCEC,single,warm,3,5,0.5992421298095608,0.6054115814747115,0.006169451665150705,False
few-label,target-only,UCEC,target-only,cold,3,6,0.5842401865526623,0.5966811471660515,0.012440960613389174,True
few-label,COAD,UCEC,single,warm,3,6,0.5698989506412747,0.5875059885695728,0.017607037928298097,True
few-label,target-only,UCEC,target-only,cold,3,7,0.5976097940147688,0.6155090076627041,0.01789921364793534,True
few-label,COAD,UCEC,single,warm,3,7,0.608530897784687,0.6366622149803479,0.028131317195660865,True
few-label,target-only,UCEC,target-only,cold,3,8,0.5821026039642441,0.5828969039502137,0.0007942999859695821,False
few-label,COAD,UCEC,single,warm,3,8,0.5747570928876797,0.5911623890810868,0.016405296193407026,True
few-label,target-only,UCEC,target-only,cold,3,9,0.5707734162456276,0.5863069180868749,0.015533501841247244,True
few-label,COAD,UCEC,single,warm,3,9,0.5911387485425573,0.614147041179734,0.02300829263717663,True
few-label,target-only,UCEC,target-only,cold,3,10,0.5760590750097163,0.5797014503800553,0.003642375370338957,False
few-label,COAD,UCEC,single,warm,3,10,0.5910610182666148,0.598497440699482,0.007436422432867129,False
few-label,target-only,UCEC,target-only,cold,3,11,0.6272833268558102,0.6320472397578941,0.004763912902083889,False
few-label,COAD,UCEC,single,warm,3,11,0.6167508744656044,0.6212945563719647,0.004543681906360342,False
few-label,target-only,UCEC,target-only,cold,3,12,0.5564516129032258,0.5565529575380739,0.00010134463484812173,False
few-label,COAD,UCEC,single,warm,3,12,0.5918577535950252,0.6008301345967666,0.008972381001741359,False
few-label,target-only,UCEC,target-only,cold,3,13,0.5437232802176447,0.5490059574103352,0.005282677192690488,False
few-label,COAD,UCEC,single,warm,3,13,0.5712592304702682,0.5852480771430206,0.013988846672752464,True
few-label,target-only,UCEC,target-only,cold,3,14,0.6117761368052856,0.6120485467421111,0.000272409936825424,False
few-label,COAD,UCEC,single,warm,3,14,0.6050913330742325,0.6165963668995101,0.011505033825277677,True
few-label,target-only,UCEC,target-only,cold,3,15,0.5263116984065292,0.5465736530111662,0.020261954604636978,True
few-label,COAD,UCEC,single,warm,3,15,0.5842790516906335,0.5832097122797715,0.001069339410862069,False
few-label,target-only,UCEC,target-only,cold,3,16,0.6473766031869413,0.6521974814544105,0.004820878267469131,False
few-label,COAD,UCEC,single,warm,3,16,0.6242324135250681,0.6430279965586572,0.01879558303358908,True
few-label,target-only,UCEC,target-only,cold,3,17,0.5498056743101438,0.5583498011214967,0.008544126811352859,False
few-label,COAD,UCEC,single,warm,3,17,0.5645744267392149,0.580426760490375,0.01585233375116013,True
few-label,target-only,UCEC,target-only,cold,3,18,0.6389817333851535,0.6412034860732296,0.0022217526880761174,False
few-label,COAD,UCEC,single,warm,3,18,0.6199766809172174,0.6293242912349207,0.00934761031770337,False
few-label,target-only,UCEC,target-only,cold,3,19,0.5821997668091722,0.5834443293802494,0.0012445625710771901,False
few-label,COAD,UCEC,single,warm,3,19,0.5770890011659542,0.5851443814826887,0.008055380316734473,False
few-label,target-only,UCEC,target-only,cold,5,0,0.573571706179557,0.596519364073707,0.022947657894149986,True
few-label,COAD,UCEC,single,warm,5,0,0.5903808783521182,0.5951737519584012,0.004792873606282999,False
few-label,target-only,UCEC,target-only,cold,5,1,0.6382821609016711,0.6434077244842321,0.005125563582560999,False
few-label,COAD,UCEC,single,warm,5,1,0.6344539448115042,0.6277648054925272,0.0066891393189769666,False
few-label,target-only,UCEC,target-only,cold,5,2,0.6569374271278662,0.6561694290155432,0.0007679981123229762,False
few-label,COAD,UCEC,single,warm,5,2,0.6524485036921881,0.6571095399941976,0.004661036302009536,False
few-label,target-only,UCEC,target-only,cold,5,3,0.572852701127089,0.5774796246927162,0.004626923565627217,False
few-label,COAD,UCEC,single,warm,5,3,0.5883210260396424,0.5935383472194536,0.0052173211798112185,False
few-label,target-only,UCEC,target-only,cold,5,4,0.5974543334628838,0.6130491139592816,0.015594780496397842,True
few-label,COAD,UCEC,single,warm,5,4,0.6098328799067237,0.615632964882174,0.005800084975450259,False
few-label,target-only,UCEC,target-only,cold,5,5,0.6249902837155072,0.6337840508869996,0.008793767171492384,False
few-label,COAD,UCEC,single,warm,5,5,0.6117567042362999,0.6189417569301617,0.0071850526938618264,False
few-label,target-only,UCEC,target-only,cold,5,6,0.5759424795958026,0.5771891257438735,0.0012466461480709068,False
few-label,COAD,UCEC,single,warm,5,6,0.5688495919160513,0.5815450432227665,0.012695451306715122,True
few-label,target-only,UCEC,target-only,cold,5,7,0.6269724057520404,0.6472345419163938,0.02026213616435346,True
few-label,COAD,UCEC,single,warm,5,7,0.6063933151962689,0.6141356726723504,0.0077423574760814295,False
few-label,target-only,UCEC,target-only,cold,5,8,0.5741546832491256,0.5775717632301598,0.0034170799810342434,False
few-label,COAD,UCEC,single,warm,5,8,0.5818305479984454,0.5875837596185717,0.0057532116201263195,False
few-label,target-only,UCEC,target-only,cold,5,9,0.6006024096385543,0.6047134955605786,0.00411108592202436,False
few-label,COAD,UCEC,single,warm,5,9,0.629343179168286,0.6445428033071648,0.015199624138878876,True
few-label,target-only,UCEC,target-only,cold,5,10,0.5948503692188107,0.5879468483965586,0.006903520822252096,False
few-label,COAD,UCEC,single,warm,5,10,0.5850563544500582,0.5964889962402715,0.011432641790213305,True
few-label,target-only,UCEC,target-only,cold,5,11,0.6094053633890401,0.6076650474402397,0.0017403159488003084,False
few-label,COAD,UCEC,single,warm,5,11,0.6042557326078508,0.6028501520424449,0.0014055805654059617,False
few-label,target-only,UCEC,target-only,cold,5,12,0.6031092110376992,0.617697418507945,0.014588207470245806,True
few-label,COAD,UCEC,single,warm,5,12,0.6082782743878741,0.6138754104161979,0.00559713602832379,False
few-label,target-only,UCEC,target-only,cold,5,13,0.5722114263505635,0.5718826461634732,0.0003287801870903717,False
few-label,COAD,UCEC,single,warm,5,13,0.5975126311698407,0.5993360576150796,0.0018234264452389182,False
few-label,target-only,UCEC,target-only,cold,5,14,0.5486397201710066,0.5520251731636681,0.003385452992661464,False
few-label,COAD,UCEC,single,warm,5,14,0.5671006607073455,0.5777115447389205,0.010610884031574952,True
few-label,target-only,UCEC,target-only,cold,5,15,0.5975903614457831,0.600795871367153,0.003205509921369809,False
few-label,COAD,UCEC,single,warm,5,15,0.5982705013602798,0.5989946486166324,0.0007241472563526141,False
few-label,target-only,UCEC,target-only,cold,5,16,0.5938010104935872,0.6173999225464137,0.023598912052826493,True
few-label,COAD,UCEC,single,warm,5,16,0.616109599689079,0.6185711594912611,0.0024615598021821006,False
few-label,target-only,UCEC,target-only,cold,5,17,0.5951418577535951,0.6014972664622237,0.006355408708628607,False
few-label,COAD,UCEC,single,warm,5,17,0.6106490478041198,0.6177758502572881,0.007126802453168324,False
few-label,target-only,UCEC,target-only,cold,5,18,0.6156432180334239,0.6131571012503318,0.002486116783092074,False
few-label,COAD,UCEC,single,warm,5,18,0.6263894286824717,0.6297382648063825,0.0033488361239107922,False
few-label,target-only,UCEC,target-only,cold,5,19,0.6319860085503303,0.6397334693636653,0.007747460813334994,False
few-label,COAD,UCEC,single,warm,5,19,0.632879906723669,0.6351854353619363,0.0023055286382672735,False
few-label,target-only,UCEC,target-only,cold,10,0,0.6200738437621454,0.618735414435117,0.0013384293270283232,False
few-label,COAD,UCEC,single,warm,10,0,0.6144966964632724,0.615646890347399,0.0011501938841265158,False
few-label,target-only,UCEC,target-only,cold,10,1,0.6560435289545277,0.6632095246745121,0.0071659957199844415,False
few-label,COAD,UCEC,single,warm,10,1,0.6520987174504469,0.65628770524414,0.004188987793693144,False
few-label,target-only,UCEC,target-only,cold,10,2,0.647240575204042,0.6571735662753381,0.009932991071296082,False
few-label,COAD,UCEC,single,warm,10,2,0.6391177613680529,0.6409182523038067,0.0018004909357538512,False
few-label,target-only,UCEC,target-only,cold,10,3,0.5843179168286047,0.5918141811107699,0.00749626428216521,False
few-label,COAD,UCEC,single,warm,10,3,0.5709288767975126,0.5784223957834354,0.007493518985922765,False
few-label,target-only,UCEC,target-only,cold,10,4,0.6140497473766032,0.627760815652077,0.013711068275473748,True
few-label,COAD,UCEC,single,warm,10,4,0.5860474154683248,0.5991175492834729,0.0130701338151481,True
few-label,target-only,UCEC,target-only,cold,10,5,0.6644383987563155,0.6788843889019293,0.014445990145613763,True
few-label,COAD,UCEC,single,warm,10,5,0.6424795958025651,0.644255537388617,0.0017759415860518768,False
few-label,target-only,UCEC,target-only,cold,10,6,0.6267197823552274,0.6216836608744778,0.005036121480749611,False
few-label,COAD,UCEC,single,warm,10,6,0.6240380878352118,0.6184003969848517,0.005637690850360033,False
few-label,target-only,UCEC,target-only,cold,10,7,0.6537893509521958,0.6582415842317525,0.004452233279556683,False
few-label,COAD,UCEC,single,warm,10,7,0.6139137193937038,0.6264005434321767,0.012486824038472899,True
few-label,target-only,UCEC,target-only,cold,10,8,0.6166537116206762,0.6194957675478058,0.0028420559271296053,False
few-label,COAD,UCEC,single,warm,10,8,0.6005052467936262,0.599953797392567,0.000551449401059112,False
few-label,target-only,UCEC,target-only,cold,10,9,0.6611154294597745,0.6574306048391378,0.003684824620636684,False
few-label,COAD,UCEC,single,warm,10,9,0.6509327633113098,0.6519474369544758,0.0010146736431659864,False
few-label,target-only,UCEC,target-only,cold,10,10,0.6114263505635444,0.6251766063924907,0.01375025582894629,True
few-label,COAD,UCEC,single,warm,10,10,0.6293431791682861,0.6355381410038399,0.006194961835553792,False
few-label,target-only,UCEC,target-only,cold,10,11,0.6602215312864361,0.6569946317045823,0.003226899581853848,False
few-label,COAD,UCEC,single,warm,10,11,0.6448115040808394,0.6463882628645277,0.0015767587836882369,False
few-label,target-only,UCEC,target-only,cold,10,12,0.6417022930431403,0.655099574788352,0.013397281745211709,True
few-label,COAD,UCEC,single,warm,10,12,0.6164399533618344,0.6429679090323257,0.026527955670491266,True
few-label,target-only,UCEC,target-only,cold,10,13,0.6803925378935095,0.6893695461231639,0.008977008229654415,False
few-label,COAD,UCEC,single,warm,10,13,0.6496307811892732,0.6546332582027647,0.005002477013491546,False
few-label,target-only,UCEC,target-only,cold,10,14,0.6670423630003888,0.6769681767418364,0.009925813741447631,False
few-label,COAD,UCEC,single,warm,10,14,0.6425961912164788,0.6547696563185234,0.012173465102044534,True
few-label,target-only,UCEC,target-only,cold,10,15,0.6395841430237077,0.6482396583768023,0.008655515353094612,False
few-label,COAD,UCEC,single,warm,10,15,0.6270890011659542,0.6314656680136456,0.004376666847691335,False
few-label,target-only,UCEC,target-only,cold,10,16,0.6222891566265061,0.619340149299165,0.0029490073273410466,False
few-label,COAD,UCEC,single,warm,10,16,0.6169063350174894,0.6164407202820928,0.00046561473539652454,False
few-label,target-only,UCEC,target-only,cold,10,17,0.6967353284104159,0.7024064592695575,0.005671130859141615,False
few-label,COAD,UCEC,single,warm,10,17,0.6597162844928101,0.6696094602121326,0.009893175719322578,False
few-label,target-only,UCEC,target-only,cold,10,18,0.619471434123591,0.6237409299642126,0.00426949584062164,False
few-label,COAD,UCEC,single,warm,10,18,0.6131947143412358,0.613832890561986,0.0006381762207501307,False
few-label,target-only,UCEC,target-only,cold,10,19,0.624076952973183,0.6292303818469012,0.005153428873718169,False
few-label,COAD,UCEC,single,warm,10,19,0.6119898950641274,0.6209000461567368,0.008910151092609397,False
few-label,target-only,UCEC,target-only,cold,25,0,0.6688107267780798,0.6665846244921961,0.002226102285883713,False
few-label,COAD,UCEC,single,warm,25,0,0.6916245627671977,0.6967610560303599,0.005136493263162123,False
few-label,target-only,UCEC,target-only,cold,25,1,0.6783326855810338,0.6810857309946234,0.002753045413589672,False
few-label,COAD,UCEC,single,warm,25,1,0.6687718616401088,0.6658478865157628,0.0029239751243460566,False
few-label,target-only,UCEC,target-only,cold,25,2,0.6643218033424019,0.6744585454465946,0.010136742104192686,True
few-label,COAD,UCEC,single,warm,25,2,0.6880101049358724,0.6946690725682809,0.0066589676324084746,False
few-label,target-only,UCEC,target-only,cold,25,3,0.7261368052856587,0.7321435137203091,0.006006708434650343,False
few-label,COAD,UCEC,single,warm,25,3,0.7077535950252622,0.7122479600474136,0.004494365022151392,False
few-label,target-only,UCEC,target-only,cold,25,4,0.7272444617178391,0.7271878342682851,5.66274495539254e-05,False
few-label,COAD,UCEC,single,warm,25,4,0.727963466770307,0.7318875375248745,0.003924070754567466,False
few-label,target-only,UCEC,target-only,cold,25,5,0.7140691799455888,0.7107659051198264,0.0033032748257624256,False
few-label,COAD,UCEC,single,warm,25,5,0.7054994170229305,0.7011229353482843,0.004376481674646215,False
few-label,target-only,UCEC,target-only,cold,25,6,0.6399533618344344,0.6422571391896799,0.002303777355245451,False
few-label,COAD,UCEC,single,warm,25,6,0.64498639720171,0.6516722108102743,0.0066858136085642395,False
few-label,target-only,UCEC,target-only,cold,25,7,0.7070345899727943,0.7156787108860918,0.00864412091329747,False
few-label,COAD,UCEC,single,warm,25,7,0.6966575981344733,0.7031243245009291,0.006466726366455844,False
few-label,target-only,UCEC,target-only,cold,25,8,0.6759813447337739,0.6859906003020994,0.010009255568325437,True
few-label,COAD,UCEC,single,warm,25,8,0.6551496307811893,0.671012206852516,0.015862576071326684,True
few-label,target-only,UCEC,target-only,cold,25,9,0.6793626117372717,0.683634490450682,0.004271878713410282,False
few-label,COAD,UCEC,single,warm,25,9,0.6673921492421299,0.6708995538942975,0.0035074046521675895,False
few-label,target-only,UCEC,target-only,cold,25,10,0.6811698406529343,0.6812384003375989,6.855968466457085e-05,False
few-label,COAD,UCEC,single,warm,25,10,0.6955110765643219,0.7072548041308259,0.011743727566503992,True
few-label,target-only,UCEC,target-only,cold,25,11,0.7335017489312088,0.7271899410663375,0.006311807864871288,False
few-label,COAD,UCEC,single,warm,25,11,0.7161290322580645,0.7184226383241892,0.0022936060661247204,False
few-label,target-only,UCEC,target-only,cold,25,12,0.6765643218033424,0.67229249075369,0.0042718310496523415,False
few-label,COAD,UCEC,single,warm,25,12,0.6685192382432958,0.6794620181234272,0.01094277988013137,True
few-label,target-only,UCEC,target-only,cold,25,13,0.7292265837543723,0.7363831391194323,0.007156555365059991,False
few-label,COAD,UCEC,single,warm,25,13,0.699747376603187,0.7034741327323675,0.0037267561291804974,False
few-label,target-only,UCEC,target-only,cold,25,14,0.7357947920715119,0.7230035008708641,0.012791291200647814,True
few-label,COAD,UCEC,single,warm,25,14,0.7108045083560046,0.7062787745402751,0.004525733815729516,False
few-label,target-only,UCEC,target-only,cold,25,15,0.6500194325689856,0.6495246357405391,0.0004947968284465531,False
few-label,COAD,UCEC,single,warm,25,15,0.6615040808394871,0.6768913465041345,0.015387265664647432,True
few-label,target-only,UCEC,target-only,cold,25,16,0.6497473766031869,0.6529465252546223,0.003199148651435335,False
few-label,COAD,UCEC,single,warm,25,16,0.6406529343179169,0.6515106370571123,0.010857702739195396,True
few-label,target-only,UCEC,target-only,cold,25,17,0.6915662650602409,0.6975192170748428,0.005952952014601887,False
few-label,COAD,UCEC,single,warm,25,17,0.6940536338904003,0.6915786416564473,0.0024749922339529773,False
few-label,target-only,UCEC,target-only,cold,25,18,0.7337543723280218,0.7397770486101145,0.006022676282092743,False
few-label,COAD,UCEC,single,warm,25,18,0.7153905946366109,0.7185253649409671,0.0031347703043561603,False
few-label,target-only,UCEC,target-only,cold,25,19,0.6877963466770307,0.6917926594209479,0.0039963127439172075,False
few-label,COAD,UCEC,single,warm,25,19,0.7069762922658375,0.6991858683147927,0.007790423951044789,False
few-label,target-only,UCEC,target-only,cold,40,0,0.7424795958025652,0.7420564374122206,0.00042315839034456904,False
few-label,COAD,UCEC,single,warm,40,0,0.737116206762534,0.7405509668854519,0.0034347601229178792,False
few-label,target-only,UCEC,target-only,cold,40,1,0.7324523902059852,0.7298754822036739,0.002576908002311251,False
few-label,COAD,UCEC,single,warm,40,1,0.7393120870579091,0.7406684039006517,0.001356316842742622,False
few-label,target-only,UCEC,target-only,cold,40,2,0.6763699961134861,0.6876157439261985,0.01124574781271237,True
few-label,COAD,UCEC,single,warm,40,2,0.6878157792460163,0.6981613429694777,0.010345563723461404,True
few-label,target-only,UCEC,target-only,cold,40,3,0.7044306257287214,0.7069115376464532,0.0024809119177318095,False
few-label,COAD,UCEC,single,warm,40,3,0.7017489312087057,0.7008697823785545,0.0008791488301512773,False
few-label,target-only,UCEC,target-only,cold,40,4,0.6853672755538281,0.7039795173555315,0.0186122418017034,True
few-label,COAD,UCEC,single,warm,40,4,0.6927710843373494,0.7059780705315392,0.013206986194189807,True
few-label,target-only,UCEC,target-only,cold,40,5,0.7011659541391373,0.695525802142314,0.005640151996823328,False
few-label,COAD,UCEC,single,warm,40,5,0.7064516129032258,0.7098468734255192,0.0033952605222934418,False
few-label,target-only,UCEC,target-only,cold,40,6,0.6819665759813447,0.6839060866747547,0.0019395106934100292,False
few-label,COAD,UCEC,single,warm,40,6,0.6687135639331518,0.6835171607399022,0.014803596806750363,True
few-label,target-only,UCEC,target-only,cold,40,7,0.7054994170229304,0.7136060451411183,0.008106628118187853,False
few-label,COAD,UCEC,single,warm,40,7,0.7066265060240963,0.7130114496437231,0.006384943619626826,False
few-label,target-only,UCEC,target-only,cold,40,8,0.6934900893898173,0.6972021743162868,0.003712084926469572,False
few-label,COAD,UCEC,single,warm,40,8,0.7019043917605907,0.7079811039810737,0.006076712220483005,False
few-label,target-only,UCEC,target-only,cold,40,9,0.6971045472211427,0.699253958266193,0.002149411045050287,False
few-label,COAD,UCEC,single,warm,40,9,0.6710260396424407,0.6772595301669695,0.0062334905245288175,False
few-label,target-only,UCEC,target-only,cold,40,10,0.6484842596191216,0.6599078495034377,0.011423589884316132,True
few-label,COAD,UCEC,single,warm,40,10,0.6548192771084338,0.667123347315345,0.012304070206911155,True
few-label,target-only,UCEC,target-only,cold,40,11,0.7348425961912163,0.7376487964998379,0.0028062003086216647,False
few-label,COAD,UCEC,single,warm,40,11,0.7203264671589583,0.7248970394978123,0.00457057233885394,False
few-label,target-only,UCEC,target-only,cold,40,12,0.7034978624174115,0.7040025526656646,0.0005046902482530591,False
few-label,COAD,UCEC,single,warm,40,12,0.6945394481150408,0.6991209809498122,0.0045815328347714734,False
few-label,target-only,UCEC,target-only,cold,40,13,0.6926156237854644,0.7111890203452675,0.018573396559803168,True
few-label,COAD,UCEC,single,warm,40,13,0.6844345122425186,0.6925093077710505,0.008074795528531853,False
few-label,target-only,UCEC,target-only,cold,40,14,0.6782743878740769,0.6871694357377693,0.00889504786369244,False
few-label,COAD,UCEC,single,warm,40,14,0.6883015934706569,0.6947301819439546,0.006428588473297747,False
few-label,target-only,UCEC,target-only,cold,40,15,0.6885736494364555,0.6881232194019236,0.00045043003453193453,False
few-label,COAD,UCEC,single,warm,40,15,0.6934706568208318,0.6945379584716496,0.001067301650817809,False
few-label,target-only,UCEC,target-only,cold,40,16,0.7141663427905169,0.7159615241353798,0.001795181344862895,False
few-label,COAD,UCEC,single,warm,40,16,0.6989700738437621,0.6998246668440766,0.0008545930003145408,False
few-label,target-only,UCEC,target-only,cold,40,17,0.69795958025651,0.6988678377275831,0.0009082574710731484,False
few-label,COAD,UCEC,single,warm,40,17,0.7108045083560046,0.7145979920727317,0.003793483716727053,False
few-label,target-only,UCEC,target-only,cold,40,18,0.6778857364943646,0.7024292340729551,0.024543497578590534,True
few-label,COAD,UCEC,single,warm,40,18,0.6876214535561601,0.7042117804209287,0.01659032686476858,True
few-label,target-only,UCEC,target-only,cold,40,19,0.7100855033035367,0.7053837462440177,0.0047017570595190294,False
few-label,COAD,UCEC,single,warm,40,19,0.6945977458219976,0.688396887529634,0.006200858292363609,False
few-label,target-only,UCEC,target-only,cold,all,,0.7178973960357559,0.7267031207904175,0.008805724754661681,False
few-label,COAD,UCEC,single,warm,all,,0.713855421686747,0.72498231527596,0.011126893589213038,True
few-label,STAD,UCEC,single,warm,0,,0.497493198600855,0.4969591225150207,0.0005340760858342786,False
few-label,STAD,UCEC,single,warm,3,0,0.5172172561212591,0.5192314392186482,0.0020141830973890995,False
few-label,STAD,UCEC,single,warm,3,1,0.556393315196269,0.5541007948860232,0.002292520310245849,False
few-label,STAD,UCEC,single,warm,3,2,0.5745627671978235,0.5714357892753945,0.0031269779224289973,False
few-label,STAD,UCEC,single,warm,3,3,0.5702876020209872,0.5775947514410247,0.0073071494200375176,False
few-label,STAD,UCEC,single,warm,3,4,0.5262728332685581,0.5266436547286923,0.0003708214601342297,False
few-label,STAD,UCEC,single,warm,3,5,0.5461912164788185,0.5459388488547838,0.0002523676240346884,False
few-label,STAD,UCEC,single,warm,3,6,0.5827827438787407,0.5828501693531325,6.742547439175794e-05,False
few-label,STAD,UCEC,single,warm,3,7,0.550155460551885,0.5474378800515043,0.002717580500380734,False
few-label,STAD,UCEC,single,warm,3,8,0.5437232802176448,0.5632340395023556,0.0195107592847108,True
few-label,STAD,UCEC,single,warm,3,9,0.5395647104547221,0.5357312584339089,0.0038334520208131995,False
few-label,STAD,UCEC,single,warm,3,10,0.5494170229304314,0.5497323108035772,0.00031528787314583084,False
few-label,STAD,UCEC,single,warm,3,11,0.560687912942091,0.5610551321972979,0.00036721925520688536,False
few-label,STAD,UCEC,single,warm,3,12,0.5606101826661484,0.5539441982285827,0.00666598443756572,False
few-label,STAD,UCEC,single,warm,3,13,0.5456276719782355,0.5398173551263641,0.005810316851871389,False
few-label,STAD,UCEC,single,warm,3,14,0.5544306257287214,0.5529297540925633,0.0015008716361580854,False
few-label,STAD,UCEC,single,warm,3,15,0.4949669646327245,0.4781887953172504,0.0167781693154741,True
few-label,STAD,UCEC,single,warm,3,16,0.5973571706179557,0.5916948926711159,0.005662277946839822,False
few-label,STAD,UCEC,single,warm,3,17,0.5391371939370384,0.5577005190322983,0.01856332509525993,True
few-label,STAD,UCEC,single,warm,3,18,0.5859696851923824,0.5863494947878557,0.00037980959547334603,False
few-label,STAD,UCEC,single,warm,3,19,0.5505829770695685,0.560051723351578,0.009468746282009555,False
few-label,STAD,UCEC,single,warm,5,0,0.552195880295375,0.5544479418859357,0.0022520615905606833,False
few-label,STAD,UCEC,single,warm,5,1,0.5908278274387874,0.5940536231258204,0.003225795687033073,False
few-label,STAD,UCEC,single,warm,5,2,0.6118732996502138,0.6123755045109796,0.0005022048607657981,False
few-label,STAD,UCEC,single,warm,5,3,0.5653517294986398,0.56031930412412,0.005032425374519756,False
few-label,STAD,UCEC,single,warm,5,4,0.5495530509133306,0.5583378543443142,0.008784803430983534,False
few-label,STAD,UCEC,single,warm,5,5,0.5755149630781189,0.5806319855450408,0.005117022466921917,False
few-label,STAD,UCEC,single,warm,5,6,0.5433734939759035,0.5387763697472002,0.0045971242287032865,False
few-label,STAD,UCEC,single,warm,5,7,0.5466187329965021,0.553020061820015,0.006401328823512853,False
few-label,STAD,UCEC,single,warm,5,8,0.5571900505246794,0.564019684485251,0.006829633960571568,False
few-label,STAD,UCEC,single,warm,5,9,0.5675476097940148,0.5610250407614815,0.006522569032533232,False
few-label,STAD,UCEC,single,warm,5,10,0.5817528177225029,0.5824465458527022,0.0006937281301993004,False
few-label,STAD,UCEC,single,warm,5,11,0.5871356393315196,0.5792444662209617,0.00789117311055787,False
few-label,STAD,UCEC,single,warm,5,12,0.5606101826661485,0.5633084602507077,0.0026982775845592055,False
few-label,STAD,UCEC,single,warm,5,13,0.5440924990283715,0.5536303289231599,0.009537829894788352,False
few-label,STAD,UCEC,single,warm,5,14,0.5303536727555382,0.5336519764294619,0.003298303673923697,False
few-label,STAD,UCEC,single,warm,5,15,0.574795958025651,0.5801012997410322,0.005305341715381218,False
few-label,STAD,UCEC,single,warm,5,16,0.5547998445394481,0.5560062643992701,0.001206419859822061,False
few-label,STAD,UCEC,single,warm,5,17,0.5534201321414691,0.5498602619590857,0.003559870182383462,False
few-label,STAD,UCEC,single,warm,5,18,0.575456665371162,0.5685537569532718,0.006902908417890208,False
few-label,STAD,UCEC,single,warm,5,19,0.5901671200932763,0.5912576857541626,0.001090565660886278,False
few-label,STAD,UCEC,single,warm,10,0,0.6112514574426738,0.6130146377044556,0.0017631802617817938,False
few-label,STAD,UCEC,single,warm,10,1,0.6578313253012047,0.6674054727514924,0.009574147450287729,False
few-label,STAD,UCEC,single,warm,10,2,0.6211037699183832,0.6392455367532,0.01814176683481672,True
few-label,STAD,UCEC,single,warm,10,3,0.5732607850757869,0.5802836108515054,0.007022825775718444,False
few-label,STAD,UCEC,single,warm,10,4,0.5866498251068791,0.5937690302340933,0.007119205127214201,False
few-label,STAD,UCEC,single,warm,10,5,0.6537504858142246,0.6545862683686053,0.0008357825543807706,False
few-label,STAD,UCEC,single,warm,10,6,0.6004275165176836,0.5928775483898702,0.007549968127813389,False
few-label,STAD,UCEC,single,warm,10,7,0.6580062184220753,0.6565676068849224,0.0014386115371528563,False
few-label,STAD,UCEC,single,warm,10,8,0.5763311309755149,0.582728406877653,0.006397275902138122,False
few-label,STAD,UCEC,single,warm,10,9,0.6056354450058298,0.6000050817789646,0.005630363226865165,False
few-label,STAD,UCEC,single,warm,10,10,0.6114652157015158,0.6090573744938016,0.002407841207714201,False
few-label,STAD,UCEC,single,warm,10,11,0.6356976292265838,0.6332649777693639,0.0024326514572199365,False
few-label,STAD,UCEC,single,warm,10,12,0.6148076175670424,0.6230820983823278,0.008274480815285368,False
few-label,STAD,UCEC,single,warm,10,13,0.6447143412359113,0.6490969339747003,0.004382592738788937,False
few-label,STAD,UCEC,single,warm,10,14,0.6283132530120482,0.6329352765568556,0.004622023544807341,False
few-label,STAD,UCEC,single,warm,10,15,0.6218033424018654,0.623176416537388,0.0013730741355225673,False
few-label,STAD,UCEC,single,warm,10,16,0.6174893120870579,0.6192108942993907,0.0017215822123327618,False
few-label,STAD,UCEC,single,warm,10,17,0.6470462495141858,0.6498170516705567,0.002770802156370933,False
few-label,STAD,UCEC,single,warm,10,18,0.6009327633113097,0.6115749643094031,0.01064220099809332,True
few-label,STAD,UCEC,single,warm,10,19,0.6161678973960357,0.6253326847941566,0.009164787398120877,False
few-label,STAD,UCEC,single,warm,25,0,0.6669452001554605,0.6700505316445267,0.00310533148906611,False
few-label,STAD,UCEC,single,warm,25,1,0.6694131364166342,0.6762008759000411,0.006787739483406829,False
few-label,STAD,UCEC,single,warm,25,2,0.6781383598911777,0.6778759765848977,0.000262383306279923,False
few-label,STAD,UCEC,single,warm,25,3,0.7156237854644384,0.715289509372738,0.00033427609170033623,False
few-label,STAD,UCEC,single,warm,25,4,0.7291682860474155,0.7293959650174265,0.0002276789700110804,False
few-label,STAD,UCEC,single,warm,25,5,0.6903031480761757,0.6892943466669095,0.0010088014092661801,False
few-label,STAD,UCEC,single,warm,25,6,0.649494753206374,0.651184116615189,0.0016893634088150922,False
few-label,STAD,UCEC,single,warm,25,7,0.7044306257287214,0.7141659188668059,0.009735293138084522,False
few-label,STAD,UCEC,single,warm,25,8,0.662980956082394,0.674865608476894,0.011884652394499984,True
few-label,STAD,UCEC,single,warm,25,9,0.6528371550719005,0.6541212641734122,0.0012841091015116657,False
few-label,STAD,UCEC,single,warm,25,10,0.6879518072289156,0.6826775967331052,0.005274210495810339,False
few-label,STAD,UCEC,single,warm,25,11,0.7137776914108045,0.712452800089452,0.0013248913213524949,False
few-label,STAD,UCEC,single,warm,25,12,0.6646521570151575,0.6614092442916124,0.003242912723545044,False
few-label,STAD,UCEC,single,warm,25,13,0.7151379712397978,0.7178250446375466,0.0026870733977487626,False
few-label,STAD,UCEC,single,warm,25,14,0.7050719005052468,0.6977881597670962,0.007283740738150635,False
few-label,STAD,UCEC,single,warm,25,15,0.6417411581811114,0.6415272039858225,0.00021395419528891235,False
few-label,STAD,UCEC,single,warm,25,16,0.6723863194714341,0.6751398666150907,0.0027535471436566095,False
few-label,STAD,UCEC,single,warm,25,17,0.7074038087835213,0.7120044350964547,0.0046006263129334535,False
few-label,STAD,UCEC,single,warm,25,18,0.7168480373105324,0.7209549222377701,0.004106884927237764,False
few-label,STAD,UCEC,single,warm,25,19,0.6882821609016712,0.6997858685692652,0.01150370766759401,True
few-label,STAD,UCEC,single,warm,40,0,0.731694520015546,0.7261644095987403,0.0055301104168057336,False
few-label,STAD,UCEC,single,warm,40,1,0.729246016323358,0.7267713472887402,0.0024746690346177935,False
few-label,STAD,UCEC,single,warm,40,2,0.7003497862417412,0.7016079649509799,0.001258178709238722,False
few-label,STAD,UCEC,single,warm,40,3,0.702603964244073,0.6999229350031626,0.002681029240910404,False
few-label,STAD,UCEC,single,warm,40,4,0.7033812670034979,0.7122561436067121,0.008874876603214177,False
few-label,STAD,UCEC,single,warm,40,5,0.6987563155849204,0.6989269606609,0.0001706450759796363,False
few-label,STAD,UCEC,single,warm,40,6,0.6770112708900116,0.6764118087853367,0.0005994621046748749,False
few-label,STAD,UCEC,single,warm,40,7,0.7109988340458608,0.7110580365702637,5.920252440283491e-05,False
few-label,STAD,UCEC,single,warm,40,8,0.7194520015546055,0.7187807572146905,0.0006712443399150558,False
few-label,STAD,UCEC,single,warm,40,9,0.6800621842207539,0.6848879503219745,0.004825766101220541,False
few-label,STAD,UCEC,single,warm,40,10,0.6668869024485037,0.6704735617090299,0.0035866592605262593,False
few-label,STAD,UCEC,single,warm,40,11,0.7270112708900116,0.7291115318536529,0.002100260963641243,False
few-label,STAD,UCEC,single,warm,40,12,0.7046055188495919,0.7061146620955967,0.0015091432460048182,False
few-label,STAD,UCEC,single,warm,40,13,0.7034589972794402,0.7134608821109193,0.010001884831479124,True
few-label,STAD,UCEC,single,warm,40,14,0.6912164788184998,0.6904762173978594,0.0007402614206404312,False
few-label,STAD,UCEC,single,warm,40,15,0.7011076564321804,0.7011906068670547,8.295043487427378e-05,False
few-label,STAD,UCEC,single,warm,40,16,0.717431014380101,0.7141614715491149,0.0032695428309861274,False
few-label,STAD,UCEC,single,warm,40,17,0.705363389040031,0.7036412715439425,0.0017221174960885266,False
few-label,STAD,UCEC,single,warm,40,18,0.6835600466381656,0.7018975409725955,0.018337494334429882,True
few-label,STAD,UCEC,single,warm,40,19,0.6999028371550718,0.6937680940644633,0.006134743090608574,False
few-label,STAD,UCEC,single,warm,all,,0.722852701127089,0.7281956320832113,0.00534293095612226,False
few-label,COAD+STAD,UCEC,pooled,warm,0,,0.5131947143412359,0.5128665761989382,0.000328138142297707,False
few-label,COAD+STAD,UCEC,pooled,warm,3,0,0.5192965410027206,0.5125128622504384,0.006783678752282252,False
few-label,COAD+STAD,UCEC,pooled,warm,3,1,0.5713175281772251,0.5628938938837595,0.008423634293465598,False
few-label,COAD+STAD,UCEC,pooled,warm,3,2,0.5841818888457053,0.5810979960263398,0.003083892819365497,False
few-label,COAD+STAD,UCEC,pooled,warm,3,3,0.5716478818499805,0.5771824728152307,0.005534590965250219,False
few-label,COAD+STAD,UCEC,pooled,warm,3,4,0.5369996113486203,0.5345105405814286,0.0024890707671917367,False
few-label,COAD+STAD,UCEC,pooled,warm,3,5,0.5611737271667314,0.5590944187918622,0.0020793083748692487,False
few-label,COAD+STAD,UCEC,pooled,warm,3,6,0.5652739992226972,0.5764867988204967,0.011212799597799528,True
few-label,COAD+STAD,UCEC,pooled,warm,3,7,0.5496307811892732,0.560221379994472,0.010590598805198748,True
few-label,COAD+STAD,UCEC,pooled,warm,3,8,0.5502720559657986,0.5566977232688799,0.0064256673030812506,False
few-label,COAD+STAD,UCEC,pooled,warm,3,9,0.5498056743101438,0.5584513852601974,0.00864571095005362,False
few-label,COAD+STAD,UCEC,pooled,warm,3,10,0.5536727555382821,0.5589985626613908,0.005325807123108706,False
few-label,COAD+STAD,UCEC,pooled,warm,3,11,0.5708511465215701,0.5762233270973356,0.005372180575765495,False
few-label,COAD+STAD,UCEC,pooled,warm,3,12,0.5431208705790905,0.5406385615858346,0.002482308993255966,False
few-label,COAD+STAD,UCEC,pooled,warm,3,13,0.5388845705402254,0.5394724057646577,0.0005878352244322871,False
few-label,COAD+STAD,UCEC,pooled,warm,3,14,0.5629032258064517,0.5723719762706623,0.009468750464210585,False
few-label,COAD+STAD,UCEC,pooled,warm,3,15,0.5157209483093665,0.512138916968244,0.00358203134112256,False
few-label,COAD+STAD,UCEC,pooled,warm,3,16,0.5939370384764866,0.5901745295741466,0.0037625089023399783,False
few-label,COAD+STAD,UCEC,pooled,warm,3,17,0.5318499805674309,0.5362312828053912,0.004381302237960294,False
few-label,COAD+STAD,UCEC,pooled,warm,3,18,0.570345899727944,0.5839524960274975,0.01360659629955352,True
few-label,COAD+STAD,UCEC,pooled,warm,3,19,0.5339292654488924,0.5438358721504478,0.00990660670155541,False
few-label,COAD+STAD,UCEC,pooled,warm,5,0,0.5575981344733774,0.558904138457891,0.0013060039845136373,False
few-label,COAD+STAD,UCEC,pooled,warm,5,1,0.5712203653322969,0.5712255464421612,5.181109864249578e-06,False
few-label,COAD+STAD,UCEC,pooled,warm,5,2,0.6323163622230858,0.6359862295992181,0.0036698673761322853,False
few-label,COAD+STAD,UCEC,pooled,warm,5,3,0.5392732219199379,0.5407103995468335,0.0014371776268956582,False
few-label,COAD+STAD,UCEC,pooled,warm,5,4,0.55909444228527,0.5687405079274649,0.009646065642194834,False
few-label,COAD+STAD,UCEC,pooled,warm,5,5,0.5803536727555383,0.588030050578225,0.0076763778226867085,False
few-label,COAD+STAD,UCEC,pooled,warm,5,6,0.511504080839487,0.5163180151113456,0.004813934271858611,False
few-label,COAD+STAD,UCEC,pooled,warm,5,7,0.5568208317139525,0.5553014932013449,0.0015193385126075487,False
few-label,COAD+STAD,UCEC,pooled,warm,5,8,0.5453361834434511,0.5550170774574743,0.009680894014023167,False
few-label,COAD+STAD,UCEC,pooled,warm,5,9,0.5741741158181112,0.5774685984946233,0.0032944826765121116,False
few-label,COAD+STAD,UCEC,pooled,warm,5,10,0.5795958025650991,0.5857033171547756,0.00610751458967651,False
few-label,COAD+STAD,UCEC,pooled,warm,5,11,0.5759619121647882,0.5718163766192701,0.004145535545518109,False
few-label,COAD+STAD,UCEC,pooled,warm,5,12,0.5784492809949475,0.576935750656725,0.0015135303382225462,False
few-label,COAD+STAD,UCEC,pooled,warm,5,13,0.5475126311698406,0.5522067821537449,0.004694150983904244,False
few-label,COAD+STAD,UCEC,pooled,warm,5,14,0.5458414302370773,0.5474910669206936,0.0016496366836162846,False
few-label,COAD+STAD,UCEC,pooled,warm,5,15,0.5758453167508745,0.5799366376137629,0.004091320862888437,False
few-label,COAD+STAD,UCEC,pooled,warm,5,16,0.5921881072677808,0.5941266560703415,0.0019385488025607245,False
few-label,COAD+STAD,UCEC,pooled,warm,5,17,0.5720171006607073,0.5732843069814211,0.001267206320713754,False
few-label,COAD+STAD,UCEC,pooled,warm,5,18,0.5661873299650214,0.5598413070838217,0.0063460228811996755,False
few-label,COAD+STAD,UCEC,pooled,warm,5,19,0.5907889623008161,0.5875820893010426,0.0032068729997735135,False
few-label,COAD+STAD,UCEC,pooled,warm,10,0,0.6052273610571317,0.6033095258682396,0.001917835188892103,False
few-label,COAD+STAD,UCEC,pooled,warm,10,1,0.6330159347065683,0.6337014111934641,0.0006854764868958751,False
few-label,COAD+STAD,UCEC,pooled,warm,10,2,0.6141857753595025,0.6164735027380156,0.002287727378513127,False
few-label,COAD+STAD,UCEC,pooled,warm,10,3,0.5741741158181111,0.5884510679339968,0.014276952115885755,True
few-label,COAD+STAD,UCEC,pooled,warm,10,4,0.5644578313253013,0.5702270164526454,0.005769185127344145,False
few-label,COAD+STAD,UCEC,pooled,warm,10,5,0.6314807617567042,0.6361930685888104,0.004712306832106217,False
few-label,COAD+STAD,UCEC,pooled,warm,10,6,0.5943645549941702,0.589154147817676,0.005210407176494125,False
few-label,COAD+STAD,UCEC,pooled,warm,10,7,0.6117567042363,0.6185963529854307,0.006839648749130678,False
few-label,COAD+STAD,UCEC,pooled,warm,10,8,0.5751068791294209,0.5744935735956294,0.0006133055337915749,False
few-label,COAD+STAD,UCEC,pooled,warm,10,9,0.5898173338515351,0.5879057908312812,0.0019115430202538697,False
few-label,COAD+STAD,UCEC,pooled,warm,10,10,0.6053050913330742,0.6072925403649193,0.001987449031845112,False
few-label,COAD+STAD,UCEC,pooled,warm,10,11,0.6402448503692187,0.6482653310275279,0.008020480658309181,False
few-label,COAD+STAD,UCEC,pooled,warm,10,12,0.5897201710066071,0.6065403988253546,0.01682022781874748,True
few-label,COAD+STAD,UCEC,pooled,warm,10,13,0.6366498251068791,0.6446246922247119,0.007974867117832796,False
few-label,COAD+STAD,UCEC,pooled,warm,10,14,0.6184998056743102,0.6226467673814484,0.004146961707138241,False
few-label,COAD+STAD,UCEC,pooled,warm,10,15,0.615895841430237,0.611855187972661,0.004040653457575982,False
few-label,COAD+STAD,UCEC,pooled,warm,10,16,0.5915662650602409,0.5964241659950993,0.0048579009348583835,False
few-label,COAD+STAD,UCEC,pooled,warm,10,17,0.6370384764865915,0.6370132533081543,2.52231784372281e-05,False
few-label,COAD+STAD,UCEC,pooled,warm,10,18,0.5804897007384376,0.5857840062287021,0.005294305490264439,False
few-label,COAD+STAD,UCEC,pooled,warm,10,19,0.6078507578701905,0.6098136633901522,0.0019629055199616996,False
few-label,COAD+STAD,UCEC,pooled,warm,25,0,0.6733385153517295,0.6790680264643171,0.005729511112587571,False
few-label,COAD+STAD,UCEC,pooled,warm,25,1,0.6774387874076953,0.677315174989973,0.00012361241772229636,False
few-label,COAD+STAD,UCEC,pooled,warm,25,2,0.6733190827827438,0.6762008318315084,0.0028817490487645925,False
few-label,COAD+STAD,UCEC,pooled,warm,25,3,0.6975126311698406,0.6970867758120264,0.0004258553578142532,False
few-label,COAD+STAD,UCEC,pooled,warm,25,4,0.7077924601632335,0.7109990867711267,0.0032066266078931704,False
few-label,COAD+STAD,UCEC,pooled,warm,25,5,0.6880101049358727,0.6878348325753982,0.00017527236047443218,False
few-label,COAD+STAD,UCEC,pooled,warm,25,6,0.6344150796735328,0.639238910691618,0.004823831018085145,False
few-label,COAD+STAD,UCEC,pooled,warm,25,7,0.671725612125923,0.6804466716582608,0.008721059532337816,False
few-label,COAD+STAD,UCEC,pooled,warm,25,8,0.6368635833657209,0.6546319007335931,0.01776831736787221,True
few-label,COAD+STAD,UCEC,pooled,warm,25,9,0.6334045860862806,0.6387985605742789,0.0053939744879982765,False
few-label,COAD+STAD,UCEC,pooled,warm,25,10,0.6803536727555382,0.6823332926450263,0.001979619889488138,False
few-label,COAD+STAD,UCEC,pooled,warm,25,11,0.7027788573649437,0.704755169921491,0.0019763125565472883,False
few-label,COAD+STAD,UCEC,pooled,warm,25,12,0.6555188495919161,0.657245624524393,0.00172677493247686,False
few-label,COAD+STAD,UCEC,pooled,warm,25,13,0.68322969296541,0.6869123754673503,0.00368268250194026,False
few-label,COAD+STAD,UCEC,pooled,warm,25,14,0.7042363000388651,0.7025561518568656,0.0016801481819994635,False
few-label,COAD+STAD,UCEC,pooled,warm,25,15,0.6387291099883405,0.6470391372093373,0.008310027220996719,False
few-label,COAD+STAD,UCEC,pooled,warm,25,16,0.6529926156237854,0.6584490591570304,0.005456443533245037,False
few-label,COAD+STAD,UCEC,pooled,warm,25,17,0.6940342013214145,0.701589856770388,0.0075556554489735195,False
few-label,COAD+STAD,UCEC,pooled,warm,25,18,0.7068791294209095,0.708920790875186,0.0020416614542765332,False
few-label,COAD+STAD,UCEC,pooled,warm,25,19,0.7013019821220363,0.7002807021099118,0.001021280012124537,False
few-label,COAD+STAD,UCEC,pooled,warm,40,0,0.7201710066070734,0.7196677950996053,0.0005032115074681265,False
few-label,COAD+STAD,UCEC,pooled,warm,40,1,0.7108628060629615,0.7136132427011261,0.002750436638164655,False
few-label,COAD+STAD,UCEC,pooled,warm,40,2,0.6868441507967353,0.6938080416979406,0.006963890901205305,False
few-label,COAD+STAD,UCEC,pooled,warm,40,3,0.6871356393315196,0.6903485713090894,0.0032129319775698884,False
few-label,COAD+STAD,UCEC,pooled,warm,40,4,0.6900893898173337,0.6963246636440569,0.0062352738267231755,False
few-label,COAD+STAD,UCEC,pooled,warm,40,5,0.6980373105324523,0.6988619168990449,0.0008246063665925396,False
few-label,COAD+STAD,UCEC,pooled,warm,40,6,0.6555965798678585,0.6707212958328577,0.015124715964999202,True
few-label,COAD+STAD,UCEC,pooled,warm,40,7,0.6891760590750096,0.6936083815651684,0.004432322490158791,False
few-label,COAD+STAD,UCEC,pooled,warm,40,8,0.7000388651379712,0.7036030868155994,0.0035642216776281543,False
few-label,COAD+STAD,UCEC,pooled,warm,40,9,0.6575981344733773,0.6665976788803452,0.008999544406967819,False
few-label,COAD+STAD,UCEC,pooled,warm,40,10,0.6644966964632725,0.6785979116299119,0.014101215166639425,True
few-label,COAD+STAD,UCEC,pooled,warm,40,11,0.7108822386319472,0.7162758980719193,0.005393659439972054,False
few-label,COAD+STAD,UCEC,pooled,warm,40,12,0.6921103769918383,0.6944638113086125,0.00235343431677415,False
few-label,COAD+STAD,UCEC,pooled,warm,40,13,0.6811115429459774,0.6902265300878536,0.009114987141876196,False
few-label,COAD+STAD,UCEC,pooled,warm,40,14,0.6814030314807618,0.6819551703812889,0.0005521389005271882,False
few-label,COAD+STAD,UCEC,pooled,warm,40,15,0.6839292654488923,0.6836428332737671,0.00028643217512525077,False
few-label,COAD+STAD,UCEC,pooled,warm,40,16,0.7047221142635057,0.70315602561226,0.001566088651245745,False
few-label,COAD+STAD,UCEC,pooled,warm,40,17,0.6975709288767976,0.7032009012763076,0.005629972399510019,False
few-label,COAD+STAD,UCEC,pooled,warm,40,18,0.6660707345511074,0.6879435281302279,0.02187279357912042,True
few-label,COAD+STAD,UCEC,pooled,warm,40,19,0.687679751263117,0.6795522238161161,0.008127527447000849,False
few-label,COAD+STAD,UCEC,pooled,warm,all,,0.7136027982899339,0.7190988749287204,0.0054960766387864846,False
