experiment,source,target,base,arm,k,draw_seed,auc,fold_auc,fold_gap,fold_diverged
few-label,target-only,COAD,target-only,cold,0,,0.5,0.5,0.0,False
few-label,UCEC,COAD,single,warm,0,,0.5709779179810726,0.5553867063643627,0.015591211616709844,True
few-label,target-only,COAD,target-only,cold,3,0,0.7372751300196096,0.7340236549283222,0.0032514750912874257,False
few-label,UCEC,COAD,single,warm,3,0,0.6277176229857617,0.6429183747952367,0.015200751809475,True
few-label,target-only,COAD,target-only,cold,3,1,0.6301474976553841,0.6671496466129039,0.03700214895751974,True
few-label,UCEC,COAD,single,warm,3,1,0.5882854463296103,0.6044370317423942,0.01615158541278383,True
few-label,target-only,COAD,target-only,cold,3,2,0.6330462955068633,0.6600433322056957,0.026997036698832355,True
few-label,UCEC,COAD,single,warm,3,2,0.5135987722738512,0.5527514577445064,0.0391526854706552,True
few-label,target-only,COAD,target-only,cold,3,3,0.6440873049705856,0.7216919075628112,0.07760460259222557,True
few-label,UCEC,COAD,single,warm,3,3,0.6168471310427147,0.6061879268805783,0.010659204162136393,True
few-label,target-only,COAD,target-only,cold,3,4,0.6688976042288346,0.6889575165538423,0.0200599123250077,True
few-label,UCEC,COAD,single,warm,3,4,0.6033336175292012,0.6019009164177982,0.0014327011114030341,False
few-label,target-only,COAD,target-only,cold,3,5,0.7130190127035553,0.7501654038337255,0.037146391130170264,True
few-label,UCEC,COAD,single,warm,3,5,0.5468070594253559,0.5714606181636965,0.02465355873834063,True
few-label,target-only,COAD,target-only,cold,3,6,0.6680023872452894,0.7083947222919417,0.040392335046652295,True
few-label,UCEC,COAD,single,warm,3,6,0.5570807400460397,0.5629719854789368,0.0058912454328970965,False
few-label,target-only,COAD,target-only,cold,3,7,0.6564924545997101,0.6366190003310161,0.019873454268693913,True
few-label,UCEC,COAD,single,warm,3,7,0.604271463892915,0.5729972682068014,0.03127419568611356,True
few-label,target-only,COAD,target-only,cold,3,8,0.596768692983204,0.6907559094882829,0.09398721650507891,True
few-label,UCEC,COAD,single,warm,3,8,0.5639014408730497,0.5754220784181061,0.01152063754505639,True
few-label,target-only,COAD,target-only,cold,3,9,0.6547020206326201,0.739064447524229,0.08436242689160889,True
few-label,UCEC,COAD,single,warm,3,9,0.5798874584363544,0.5932972083086284,0.013409749872274057,True
few-label,target-only,COAD,target-only,cold,3,10,0.744905789069827,0.7666041197575458,0.02169833068771887,True
few-label,UCEC,COAD,single,warm,3,10,0.6082786256287833,0.6142006225044955,0.005921996875712154,False
few-label,target-only,COAD,target-only,cold,3,11,0.6469434734418962,0.6779242148671145,0.03098074142521834,True
few-label,UCEC,COAD,single,warm,3,11,0.5335066928126865,0.5740277107863999,0.040521017973713436,True
few-label,target-only,COAD,target-only,cold,3,12,0.6165913547617017,0.63603134772102,0.01943999295931831,True
few-label,UCEC,COAD,single,warm,3,12,0.5714468411629295,0.5683184557911469,0.003128385371782616,False
few-label,target-only,COAD,target-only,cold,3,13,0.6848836217921392,0.6902857245920802,0.005402102799940911,False
few-label,UCEC,COAD,single,warm,3,13,0.580654787279393,0.5577186774386378,0.022936109840755226,True
few-label,target-only,COAD,target-only,cold,3,14,0.6469434734418962,0.7166960664845472,0.06975259304265102,True
few-label,UCEC,COAD,single,warm,3,14,0.5387074771932817,0.5686796799691537,0.02997220277587198,True
few-label,target-only,COAD,target-only,cold,3,15,0.5764344786426805,0.6371521680349883,0.060717689392307816,True
few-label,UCEC,COAD,single,warm,3,15,0.49369085173501576,0.5221078488432014,0.028416997108185627,True
few-label,target-only,COAD,target-only,cold,3,16,0.6669792821212379,0.7108105841526893,0.04383130203145136,True
few-label,UCEC,COAD,single,warm,3,16,0.5397732116975019,0.5783779695974334,0.03860475789993145,True
few-label,target-only,COAD,target-only,cold,3,17,0.6303606445562282,0.6824620161919069,0.05210137163567874,True
few-label,UCEC,COAD,single,warm,3,17,0.5647113990962571,0.5992961867658988,0.03458478766964168,True
few-label,target-only,COAD,target-only,cold,3,18,0.6589649586495012,0.7318884529902405,0.0729234943407393,True
few-label,UCEC,COAD,single,warm,3,18,0.5271122857873647,0.5982568316048951,0.07114454581753038,True
few-label,target-only,COAD,target-only,cold,3,19,0.7508312729132918,0.7673210954333098,0.01648982252001807,True
few-label,UCEC,COAD,single,warm,3,19,0.6437888993094041,0.6498309252812728,0.0060420259718687586,False
few-label,target-only,COAD,target-only,cold,5,0,0.5269417682666894,0.624697605164338,0.09775583689764866,True
few-label,UCEC,COAD,single,warm,5,0,0.4881064029329014,0.5321079355379256,0.04400153260502415,True
few-label,target-only,COAD,target-only,cold,5,1,0.7293886946883793,0.7575537549728215,0.02816506028444221,True
few-label,UCEC,COAD,single,warm,5,1,0.6186375650098048,0.6255548244098392,0.006917259400034403,False
few-label,target-only,COAD,target-only,cold,5,2,0.6668513939807315,0.7042744348777119,0.03742304089698045,True
few-label,UCEC,COAD,single,warm,5,2,0.5444624435160713,0.5825915993418477,0.03812915582577636,True
few-label,target-only,COAD,target-only,cold,5,3,0.7053457242731691,0.7671697240197737,0.061823999746604574,True
few-label,UCEC,COAD,single,warm,5,3,0.6422542416233268,0.6670831232653478,0.024828881642021017,True
few-label,target-only,COAD,target-only,cold,5,4,0.6571318953022421,0.6925425010276053,0.03541060572536314,True
few-label,UCEC,COAD,single,warm,5,4,0.5681217495097622,0.5777611566409977,0.009639407131235456,False
few-label,target-only,COAD,target-only,cold,5,5,0.7620854292778584,0.7628576696943131,0.0007722404164547392,False
few-label,UCEC,COAD,single,warm,5,5,0.5683775257907749,0.5808706387400528,0.012493112949277907,True
few-label,target-only,COAD,target-only,cold,5,6,0.6578139653849432,0.7654467245763175,0.10763275919137427,True
few-label,UCEC,COAD,single,warm,5,6,0.5323983289282974,0.5873458804243313,0.05494755149603392,True
few-label,target-only,COAD,target-only,cold,5,7,0.699676016710717,0.7302517845169285,0.030575767806211518,True
few-label,UCEC,COAD,single,warm,5,7,0.605848750959161,0.615758600662275,0.009909849703113927,False
few-label,target-only,COAD,target-only,cold,5,8,0.7171540625799301,0.7591368873320213,0.04198282475209125,True
few-label,UCEC,COAD,single,warm,5,8,0.6315968965811237,0.6362231843517842,0.004626287770660431,False
few-label,target-only,COAD,target-only,cold,5,9,0.6446414869127802,0.6836425637145597,0.039001076801779444,True
few-label,UCEC,COAD,single,warm,5,9,0.5457413249211356,0.5702754885520526,0.024534163630916983,True
few-label,target-only,COAD,target-only,cold,5,10,0.6633984141870576,0.7022478935607039,0.038849479373646356,True
few-label,UCEC,COAD,single,warm,5,10,0.527240173927871,0.5493776852629881,0.0221375113351171,True
few-label,target-only,COAD,target-only,cold,5,11,0.6118594935629637,0.6625623904948632,0.050702896931899555,True
few-label,UCEC,COAD,single,warm,5,11,0.6282291755477876,0.6234147590796052,0.00481441646818237,False
few-label,target-only,COAD,target-only,cold,5,12,0.7631511637820787,0.773710596035323,0.010559432253244294,True
few-label,UCEC,COAD,single,warm,5,12,0.5812089692215874,0.6036917620611761,0.02248279283958876,True
few-label,target-only,COAD,target-only,cold,5,13,0.6925569102225253,0.6965264916039493,0.003969581381424003,False
few-label,UCEC,COAD,single,warm,5,13,0.6060618978600051,0.6208863668605475,0.014824469000542462,True
few-label,target-only,COAD,target-only,cold,5,14,0.7577372325006394,0.7734766967006291,0.015739464199989728,True
few-label,UCEC,COAD,single,warm,5,14,0.5940404126524,0.6304337361303598,0.03639332347795976,True
few-label,target-only,COAD,target-only,cold,5,15,0.7981925142808424,0.8060288269051924,0.007836312624350028,False
few-label,UCEC,COAD,single,warm,5,15,0.6480092079461165,0.6482044722352567,0.00019526428914018457,False
few-label,target-only,COAD,target-only,cold,5,16,0.5772870662460567,0.6292936138119852,0.052006547565928485,True
few-label,UCEC,COAD,single,warm,5,16,0.5063944070253219,0.5513669787676739,0.04497257174235203,True
few-label,target-only,COAD,target-only,cold,5,17,0.6055929746781482,0.6785582176292206,0.07296524295107243,True
few-label,UCEC,COAD,single,warm,5,17,0.5655639866996335,0.5736263372509649,0.00806235055133142,False
few-label,target-only,COAD,target-only,cold,5,18,0.6595191405916957,0.7291621288344228,0.06964298824272708,True
few-label,UCEC,COAD,single,warm,5,18,0.5321851820274534,0.5768629659538299,0.04467778392637656,True
few-label,target-only,COAD,target-only,cold,5,19,0.6144598857532612,0.6886532368657493,0.07419335111248815,True
few-label,UCEC,COAD,single,warm,5,19,0.5236166766135221,0.5213601274594323,0.002256549154089793,False
few-label,target-only,COAD,target-only,cold,10,0,0.7796913632875778,0.8177704202450975,0.038079056957519675,True
few-label,UCEC,COAD,single,warm,10,0,0.6666808764600561,0.6804472380758378,0.013766361615781708,True
few-label,target-only,COAD,target-only,cold,10,1,0.8109813283314861,0.8156973953994807,0.004716067067994656,False
few-label,UCEC,COAD,single,warm,10,1,0.6691960098900163,0.6698119936997792,0.00061598380976291,False
few-label,target-only,COAD,target-only,cold,10,2,0.6955409668343423,0.7783346858922827,0.08279371905794042,True
few-label,UCEC,COAD,single,warm,10,2,0.5634325176911927,0.6309911862384554,0.06755866854726267,True
few-label,target-only,COAD,target-only,cold,10,3,0.7906897433711314,0.7920523908949927,0.0013626475238612823,False
few-label,UCEC,COAD,single,warm,10,3,0.5913973910819336,0.6535383863626166,0.062140995280683065,True
few-label,target-only,COAD,target-only,cold,10,4,0.6592207349305141,0.747086519516013,0.08786578458549887,True
few-label,UCEC,COAD,single,warm,10,4,0.5149202830590843,0.5691575770582722,0.05423729399918786,True
few-label,target-only,COAD,target-only,cold,10,5,0.6986955409668344,0.7451568871380192,0.0464613461711848,True
few-label,UCEC,COAD,single,warm,10,5,0.5382811833915936,0.5928916788827415,0.05461049549114794,True
few-label,target-only,COAD,target-only,cold,10,6,0.7775598942791372,0.7913349775018097,0.013775083222672513,True
few-label,UCEC,COAD,single,warm,10,6,0.6295506863330207,0.629684423322457,0.00013373698943630608,False
few-label,target-only,COAD,target-only,cold,10,7,0.6998465342313922,0.7352166804286963,0.03537014619730405,True
few-label,UCEC,COAD,single,warm,10,7,0.6155256202574815,0.6762974101921471,0.06077178993466559,True
few-label,target-only,COAD,target-only,cold,10,8,0.7336942620854293,0.7138037595197476,0.0198905025656817,True
few-label,UCEC,COAD,single,warm,10,8,0.6402080313752239,0.6736126958664198,0.033404664491195946,True
few-label,target-only,COAD,target-only,cold,10,9,0.6931110921647199,0.7472681637572401,0.054157071592520256,True
few-label,UCEC,COAD,single,warm,10,9,0.5875181174865718,0.6393279625042286,0.05180984501765684,True
few-label,target-only,COAD,target-only,cold,10,10,0.6757609344360133,0.7601285270505728,0.0843675926145595,True
few-label,UCEC,COAD,single,warm,10,10,0.5559297467814818,0.6014418690655037,0.045512122284021905,True
few-label,target-only,COAD,target-only,cold,10,11,0.6617784977406429,0.7377443978839213,0.07596590014327842,True
few-label,UCEC,COAD,single,warm,10,11,0.5794185352544973,0.639169574274341,0.05975103901984369,True
few-label,target-only,COAD,target-only,cold,10,12,0.7290902890271975,0.7851827506599106,0.056092461632713086,True
few-label,UCEC,COAD,single,warm,10,12,0.5639440702532184,0.6268784364151793,0.06293436616196091,True
few-label,target-only,COAD,target-only,cold,10,13,0.665146218773979,0.7362462778862978,0.07110005911231887,True
few-label,UCEC,COAD,single,warm,10,13,0.5940404126523999,0.6237781239504179,0.029737711298017944,True
few-label,target-only,COAD,target-only,cold,10,14,0.6646346662119533,0.7153357189538918,0.05070105274193848,True
few-label,UCEC,COAD,single,warm,10,14,0.5964702873220223,0.6532555990847947,0.05678531176277235,True
few-label,target-only,COAD,target-only,cold,10,15,0.7551794696905106,0.7602302830128054,0.005050813322294734,False
few-label,UCEC,COAD,single,warm,10,15,0.6217921391422968,0.6355197591220432,0.013727619979746364,True
few-label,target-only,COAD,target-only,cold,10,16,0.7133174183647369,0.7598317261465226,0.04651430778178567,True
few-label,UCEC,COAD,single,warm,10,16,0.5838093614118851,0.6651573782060376,0.08134801679415249,True
few-label,target-only,COAD,target-only,cold,10,17,0.7374030181601161,0.7602108791572546,0.022807860997138496,True
few-label,UCEC,COAD,single,warm,10,17,0.6029073237275131,0.6371517800306281,0.03424445630311501,True
few-label,target-only,COAD,target-only,cold,10,18,0.6771677039815841,0.7071513362506411,0.02998363226905698,True
few-label,UCEC,COAD,single,warm,10,18,0.5837667320317163,0.659041951758933,0.07527521972721674,True
few-label,target-only,COAD,target-only,cold,10,19,0.7299002472504049,0.7706084538875005,0.04070820663709562,True
few-label,UCEC,COAD,single,warm,10,19,0.5474891295080568,0.5916538837417684,0.04416475423371158,True
few-label,target-only,COAD,target-only,cold,25,0,0.7043652485292864,0.7553116687461275,0.05094642021684115,True
few-label,UCEC,COAD,single,warm,25,0,0.6324068548043311,0.6878451238158289,0.05543826901149773,True
few-label,target-only,COAD,target-only,cold,25,1,0.749680279648734,0.7686045920316029,0.018924312382868957,True
few-label,UCEC,COAD,single,warm,25,1,0.6889334129081762,0.730716422163294,0.0417830092551178,True
few-label,target-only,COAD,target-only,cold,25,2,0.730369170432262,0.7377233419785556,0.007354171546293586,False
few-label,UCEC,COAD,single,warm,25,2,0.7012959331571319,0.7157106130105136,0.01441467985338174,True
few-label,target-only,COAD,target-only,cold,25,3,0.7244863159689657,0.7583612744973222,0.033874958528356425,True
few-label,UCEC,COAD,single,warm,25,3,0.6668513939807315,0.7038692904249012,0.03701789644416975,True
few-label,target-only,COAD,target-only,cold,25,4,0.7060704237360389,0.730810553233592,0.02474012949755311,True
few-label,UCEC,COAD,single,warm,25,4,0.6348793588541222,0.6875842739407785,0.05270491508665631,True
few-label,target-only,COAD,target-only,cold,25,5,0.7340352971267797,0.778386660288845,0.04435136316206523,True
few-label,UCEC,COAD,single,warm,25,5,0.6729900247250404,0.712274884720267,0.03928485999522657,True
few-label,target-only,COAD,target-only,cold,25,6,0.7372325006394407,0.7748343069817747,0.03760180634233401,True
few-label,UCEC,COAD,single,warm,25,6,0.6528689572853611,0.7039840372581186,0.05111507997275755,True
few-label,target-only,COAD,target-only,cold,25,7,0.6881234546849688,0.741184805870506,0.05306135118553712,True
few-label,UCEC,COAD,single,warm,25,7,0.6825816352630234,0.7220394315493621,0.03945779628633872,True
few-label,target-only,COAD,target-only,cold,25,8,0.7758120896922158,0.8066523753748183,0.030840285682602442,True
few-label,UCEC,COAD,single,warm,25,8,0.6925569102225253,0.7257953695317152,0.033238459309189894,True
few-label,target-only,COAD,target-only,cold,25,9,0.7269588200187569,0.7590661474683322,0.03210732744957534,True
few-label,UCEC,COAD,single,warm,25,9,0.6840736635689317,0.7074790829274444,0.023405419358512702,True
few-label,target-only,COAD,target-only,cold,25,10,0.7912439253133259,0.809107574815122,0.017863649501796086,True
few-label,UCEC,COAD,single,warm,25,10,0.6546167618722825,0.703682489969481,0.04906572809719856,True
few-label,target-only,COAD,target-only,cold,25,11,0.7199249722909029,0.7430009615233051,0.023075989232402172,True
few-label,UCEC,COAD,single,warm,25,11,0.6330462955068634,0.6776371468099373,0.04459085130307383,True
few-label,target-only,COAD,target-only,cold,25,12,0.7543695114673032,0.7591538855605389,0.004784374093235622,False
few-label,UCEC,COAD,single,warm,25,12,0.6739278710887544,0.7319289279075775,0.05800105681882306,True
few-label,target-only,COAD,target-only,cold,25,13,0.7376161650609601,0.7711856006731875,0.03356943561222747,True
few-label,UCEC,COAD,single,warm,25,13,0.6672350584022508,0.7149666461751863,0.04773158777293551,True
few-label,target-only,COAD,target-only,cold,25,14,0.7606360303521187,0.7915939879936901,0.030957957641571388,True
few-label,UCEC,COAD,single,warm,25,14,0.6705175206752494,0.7123687914755442,0.041851270800294826,True
few-label,target-only,COAD,target-only,cold,25,15,0.7139142296871004,0.7332328996172095,0.01931866993010911,True
few-label,UCEC,COAD,single,warm,25,15,0.6633131554267201,0.6962758256308405,0.03296267020412036,True
few-label,target-only,COAD,target-only,cold,25,16,0.7691619063858812,0.7912020387204102,0.02204013233452895,True
few-label,UCEC,COAD,single,warm,25,16,0.6633131554267202,0.711958145848414,0.04864499042169379,True
few-label,target-only,COAD,target-only,cold,25,17,0.7390229346065309,0.7412579355985514,0.0022350009920204528,False
few-label,UCEC,COAD,single,warm,25,17,0.6901696649330719,0.7018709485372842,0.011701283604212298,True
few-label,target-only,COAD,target-only,cold,25,18,0.763279051922585,0.7907677715090823,0.027488719586497234,True
few-label,UCEC,COAD,single,warm,25,18,0.6297212038536958,0.6674352287346329,0.037714024880937114,True
few-label,target-only,COAD,target-only,cold,25,19,0.7304970585727685,0.7663996196344757,0.035902561061707194,True
few-label,UCEC,COAD,single,warm,25,19,0.6590502174098389,0.6941576983096347,0.03510748089979576,True
few-label,target-only,COAD,target-only,cold,40,0,0.7492966152272147,0.7781815041959034,0.028884888968688682,True
few-label,UCEC,COAD,single,warm,40,0,0.6720948077414954,0.714177230085373,0.0420824223438776,True
few-label,target-only,COAD,target-only,cold,40,1,0.7868104697757694,0.805334348207238,0.018523878431468632,True
few-label,UCEC,COAD,single,warm,40,1,0.6921306164208373,0.7363200611591874,0.04418944473835007,True
few-label,target-only,COAD,target-only,cold,40,2,0.7486998039048512,0.7659800717323061,0.017280267827454843,True
few-label,UCEC,COAD,single,warm,40,2,0.6806206837752579,0.7335664384716023,0.05294575469634444,True
few-label,target-only,COAD,target-only,cold,40,3,0.7270867081592634,0.7706657960818835,0.04357908792262011,True
few-label,UCEC,COAD,single,warm,40,3,0.6694091567908601,0.7378584784409015,0.06844932165004136,True
few-label,target-only,COAD,target-only,cold,40,4,0.7322022337795208,0.766322840846674,0.03412060706715325,True
few-label,UCEC,COAD,single,warm,40,4,0.6795975786512064,0.7261144382484999,0.04651685959729346,True
few-label,target-only,COAD,target-only,cold,40,5,0.7650268565095064,0.7866381780527759,0.0216113215432695,True
few-label,UCEC,COAD,single,warm,40,5,0.7140421178276068,0.7526521425722021,0.038610024744595295,True
few-label,target-only,COAD,target-only,cold,40,6,0.753985847045784,0.7732815911331303,0.019295744087346356,True
few-label,UCEC,COAD,single,warm,40,6,0.6925569102225254,0.7287475001000324,0.03619058987750701,True
few-label,target-only,COAD,target-only,cold,40,7,0.7503623497314349,0.7694377616755967,0.019075411944161846,True
few-label,UCEC,COAD,single,warm,40,7,0.7109728024554522,0.7461934692803611,0.035220666824908875,True
few-label,target-only,COAD,target-only,cold,40,8,0.7585898201040157,0.7841995948991977,0.025609774795182005,True
few-label,UCEC,COAD,single,warm,40,8,0.6727342484440277,0.7211416373541498,0.048407388910122084,True
few-label,target-only,COAD,target-only,cold,40,9,0.7851905533293546,0.7945796676015148,0.00938911427216016,False
few-label,UCEC,COAD,single,warm,40,9,0.7200102310512405,0.7544528647453175,0.03444263369407696,True
few-label,target-only,COAD,target-only,cold,40,10,0.7444794952681388,0.7690675636842469,0.024588068416108055,True
few-label,UCEC,COAD,single,warm,40,10,0.6932816096853952,0.7509551751900312,0.05767356550463598,True
few-label,target-only,COAD,target-only,cold,40,11,0.7238468752664337,0.7895139742195353,0.06566709895310163,True
few-label,UCEC,COAD,single,warm,40,11,0.6728195072043653,0.759816868610811,0.08699736140644565,True
few-label,target-only,COAD,target-only,cold,40,12,0.7552220990706794,0.7703488013696554,0.015126702298976058,True
few-label,UCEC,COAD,single,warm,40,12,0.7556483928723676,0.771603448631254,0.01595505575888634,True
few-label,target-only,COAD,target-only,cold,40,13,0.7223548469605251,0.7663090873046186,0.043954240344093454,True
few-label,UCEC,COAD,single,warm,40,13,0.6812601244777902,0.7437059454393119,0.062445820961521736,True
few-label,target-only,COAD,target-only,cold,40,14,0.707860857703129,0.7521325241017396,0.044271666398610576,True
few-label,UCEC,COAD,single,warm,40,14,0.6489896836899991,0.6857524701933837,0.036762786503384604,True
few-label,target-only,COAD,target-only,cold,40,15,0.7495097621280586,0.7614796612964438,0.0119698991683852,True
few-label,UCEC,COAD,single,warm,40,15,0.6885497484866571,0.7304671736186136,0.04191742513195651,True
few-label,target-only,COAD,target-only,cold,40,16,0.7714212635348282,0.7872903685192661,0.015869104984437943,True
few-label,UCEC,COAD,single,warm,40,16,0.6774661096427658,0.7337145312482949,0.05624842160552912,True
few-label,target-only,COAD,target-only,cold,40,17,0.7562878335748999,0.7727129295177955,0.01642509594289554,True
few-label,UCEC,COAD,single,warm,40,17,0.6925569102225253,0.743941291302761,0.051384381080235686,True
few-label,target-only,COAD,target-only,cold,40,18,0.7252962741921734,0.7611647793892085,0.035868505197035105,True
few-label,UCEC,COAD,single,warm,40,18,0.6754625287748316,0.7272318726181685,0.05176934384333687,True
few-label,target-only,COAD,target-only,cold,40,19,0.797595702958479,0.8124789610698249,0.014883258111345832,True
few-label,UCEC,COAD,single,warm,40,19,0.747378293119618,0.7756696500564425,0.028291356936824497,True
few-label,target-only,COAD,target-only,cold,all,,0.7672862136584534,0.7935674915396862,0.0262812778812328,True
few-label,UCEC,COAD,single,warm,all,,0.7145110410094637,0.7640824751768147,0.04957143416735099,True
few-label,STAD,COAD,single,warm,0,,0.7437121664251003,0.7252724463553658,0.01843972006973449,True
few-label,STAD,COAD,single,warm,3,0,0.7920965129167022,0.7938167043152147,0.0017201913985124273,False
few-label,STAD,COAD,single,warm,3,1,0.7680109131213232,0.7524730209655731,0.015537892155750077,True
few-label,STAD,COAD,single,warm,3,2,0.7220564412993437,0.7335424882962123,0.011486046996868615,True
few-label,STAD,COAD,single,warm,3,3,0.768948759485037,0.7414479904405427,0.02750076904449439,True
few-label,STAD,COAD,single,warm,3,4,0.7600818484099241,0.7465600097243593,0.01352183868556478,True
few-label,STAD,COAD,single,warm,3,5,0.7777304117998124,0.7766215059904236,0.001108905809388827,False
few-label,STAD,COAD,single,warm,3,6,0.7742348026259698,0.7689395610458172,0.005295241580152599,False
few-label,STAD,COAD,single,warm,3,7,0.7629380168812345,0.7400240750642936,0.022913941816940953,True
few-label,STAD,COAD,single,warm,3,8,0.7646858214681559,0.7662094465724059,0.0015236251042499704,False
few-label,STAD,COAD,single,warm,3,9,0.7777730411799814,0.7802385729684638,0.0024655317884824113,False
few-label,STAD,COAD,single,warm,3,10,0.778966663824708,0.7574984673827773,0.021468196441930765,True
few-label,STAD,COAD,single,warm,3,11,0.7492113564668771,0.7452242162008795,0.0039871402659975574,False
few-label,STAD,COAD,single,warm,3,12,0.7884303862221843,0.7728689272770704,0.01556145894511396,True
few-label,STAD,COAD,single,warm,3,13,0.7727001449398926,0.753132584727421,0.019567560212471635,True
few-label,STAD,COAD,single,warm,3,14,0.7737232500639442,0.7674016518073122,0.006321598256631922,False
few-label,STAD,COAD,single,warm,3,15,0.7635774575837667,0.7577429016421072,0.005834555941659492,False
few-label,STAD,COAD,single,warm,3,16,0.771421263534828,0.7573810033065247,0.014040260228303292,True
few-label,STAD,COAD,single,warm,3,17,0.7729559212209054,0.7650694345927713,0.00788648662813407,False
few-label,STAD,COAD,single,warm,3,18,0.7966578565947652,0.8019268545092777,0.005268997914512519,False
few-label,STAD,COAD,single,warm,3,19,0.7849347770483417,0.7786587228836485,0.006276054164693234,False
few-label,STAD,COAD,single,warm,5,0,0.7379145707221416,0.7353948593059815,0.002519711416160142,False
few-label,STAD,COAD,single,warm,5,1,0.7735101031631,0.7627131732330343,0.010796929930065646,True
few-label,STAD,COAD,single,warm,5,2,0.7608918066331316,0.770226038608859,0.009334231975727358,False
few-label,STAD,COAD,single,warm,5,3,0.7848068889078353,0.791548214998066,0.006741326090230704,False
few-label,STAD,COAD,single,warm,5,4,0.771250746014153,0.7668970284928577,0.004353717521295319,False
few-label,STAD,COAD,single,warm,5,5,0.7915849603546764,0.779665437784107,0.011919522570569385,True
few-label,STAD,COAD,single,warm,5,6,0.7696734589479068,0.762554553413044,0.007118905534862829,False
few-label,STAD,COAD,single,warm,5,7,0.7836132662631086,0.7846663762696533,0.001053110006544733,False
few-label,STAD,COAD,single,warm,5,8,0.8085514536618638,0.7984077083128722,0.01014374534899154,True
few-label,STAD,COAD,single,warm,5,9,0.7876630573791458,0.7885956115494348,0.000932554170289035,False
few-label,STAD,COAD,single,warm,5,10,0.7593145195668853,0.7679265180367465,0.00861199846986116,False
few-label,STAD,COAD,single,warm,5,11,0.7559041691533804,0.7467701389419363,0.0091340302114441,False
few-label,STAD,COAD,single,warm,5,12,0.7922244010572087,0.7850502835463115,0.007174117510897249,False
few-label,STAD,COAD,single,warm,5,13,0.7452041947310085,0.739154902253214,0.00604929247779451,False
few-label,STAD,COAD,single,warm,5,14,0.7788814050643703,0.7624237134927304,0.0164576915716399,True
few-label,STAD,COAD,single,warm,5,15,0.8091482649842272,0.8054119181601802,0.003736346824046999,False
few-label,STAD,COAD,single,warm,5,16,0.7718475573365163,0.7529393912939096,0.0189081660426067,True
few-label,STAD,COAD,single,warm,5,17,0.7662204791542331,0.7730843212288099,0.006863842074576798,False
few-label,STAD,COAD,single,warm,5,18,0.7643021570466365,0.7698753693619633,0.005573212315326814,False
few-label,STAD,COAD,single,warm,5,19,0.7711228578736465,0.7687348517641468,0.0023880061094997407,False
few-label,STAD,COAD,single,warm,10,0,0.815542672009549,0.8209852843283827,0.005442612318833695,False
few-label,STAD,COAD,single,warm,10,1,0.8146048256458351,0.8035833166612709,0.011021508984564221,True
few-label,STAD,COAD,single,warm,10,2,0.7635348282035979,0.8121852642006566,0.04865043599705876,True
few-label,STAD,COAD,single,warm,10,3,0.8172904765964703,0.8214763456779345,0.004185869081464233,False
few-label,STAD,COAD,single,warm,10,4,0.7447352715491516,0.7388381094245047,0.005897162124646971,False
few-label,STAD,COAD,single,warm,10,5,0.758504561343678,0.7796509815904056,0.021146420246727526,True
few-label,STAD,COAD,single,warm,10,6,0.8122175803563817,0.8048781187366094,0.007339461619772281,False
few-label,STAD,COAD,single,warm,10,7,0.779861880808253,0.8039445262891143,0.024082645480861253,True
few-label,STAD,COAD,single,warm,10,8,0.7727427743200614,0.769738458992183,0.0030043153278784818,False
few-label,STAD,COAD,single,warm,10,9,0.750106573450422,0.7855544818747401,0.03544790842431811,True
few-label,STAD,COAD,single,warm,10,10,0.7524085599795378,0.7762606655729793,0.02385210559344153,True
few-label,STAD,COAD,single,warm,10,11,0.7880040924204963,0.8271258989272893,0.03912180650679298,True
few-label,STAD,COAD,single,warm,10,12,0.7903913377099497,0.7928206001214938,0.002429262411544064,False
few-label,STAD,COAD,single,warm,10,13,0.8124733566373945,0.8018722513831749,0.010601105254219645,True
few-label,STAD,COAD,single,warm,10,14,0.7530480006820701,0.7853986756926181,0.032350675010548,True
few-label,STAD,COAD,single,warm,10,15,0.8111092164719925,0.7990100171813181,0.012099199290674378,True
few-label,STAD,COAD,single,warm,10,16,0.7861283996930685,0.8242538767091896,0.03812547701612112,True
few-label,STAD,COAD,single,warm,10,17,0.7751300196095149,0.7827045377109926,0.00757451810147769,False
few-label,STAD,COAD,single,warm,10,18,0.7605934009719498,0.7719732186052941,0.01137981763334428,True
few-label,STAD,COAD,single,warm,10,19,0.8308892488703215,0.8287595579417824,0.0021296909285390964,False
few-label,STAD,COAD,single,warm,25,0,0.7502770909710973,0.7957989155278133,0.04552182455671605,True
few-label,STAD,COAD,single,warm,25,1,0.8298661437462699,0.8377695545103687,0.00790341076409884,False
few-label,STAD,COAD,single,warm,25,2,0.785318441469861,0.7939081138986799,0.008589672428818917,False
few-label,STAD,COAD,single,warm,25,3,0.8238980305226361,0.848401558443763,0.024503527921126866,True
few-label,STAD,COAD,single,warm,25,4,0.7754284252706966,0.7854899240117711,0.010061498741074537,True
few-label,STAD,COAD,single,warm,25,5,0.8173757353568079,0.8477947541810501,0.03041901882424225,True
few-label,STAD,COAD,single,warm,25,6,0.780543950890954,0.808926185808013,0.028382234917059046,True
few-label,STAD,COAD,single,warm,25,7,0.8117060277943561,0.8351043343724575,0.02339830657810138,True
few-label,STAD,COAD,single,warm,25,8,0.8324239065563988,0.8462386596631879,0.013814753106789146,True
few-label,STAD,COAD,single,warm,25,9,0.8257310938698951,0.8430888984677466,0.017357804597851523,True
few-label,STAD,COAD,single,warm,25,10,0.8048853269673458,0.8100994637052235,0.005214136737877628,False
few-label,STAD,COAD,single,warm,25,11,0.8061215789922416,0.8159007915288947,0.009779212536653148,False
few-label,STAD,COAD,single,warm,25,12,0.8075283485378123,0.8293116784462367,0.021783329908424354,True
few-label,STAD,COAD,single,warm,25,13,0.7723164805183732,0.8340894731992051,0.06177299268083192,True
few-label,STAD,COAD,single,warm,25,14,0.7751300196095148,0.8285680638461175,0.0534380442366027,True
few-label,STAD,COAD,single,warm,25,15,0.8003666126694517,0.8118069356991899,0.011440323029738186,True
few-label,STAD,COAD,single,warm,25,16,0.7979793673799982,0.8290767969755061,0.031097429595507875,True
few-label,STAD,COAD,single,warm,25,17,0.807144684116293,0.8180505121051297,0.010905827988836658,True
few-label,STAD,COAD,single,warm,25,18,0.7900503026685991,0.8191999647158535,0.029149662047254443,True
few-label,STAD,COAD,single,warm,25,19,0.8099155938272656,0.8256551975002818,0.01573960367301619,True
few-label,STAD,COAD,single,warm,40,0,0.7875351692386393,0.8155325984288249,0.027997429190185552,True
few-label,STAD,COAD,single,warm,40,1,0.8302071787876205,0.8491712251116421,0.0189640463240216,True
few-label,STAD,COAD,single,warm,40,2,0.8032227811407622,0.8184424383406508,0.015219657199888603,True
few-label,STAD,COAD,single,warm,40,3,0.797382556057635,0.8287955956655063,0.03141303960787134,True
few-label,STAD,COAD,single,warm,40,4,0.7854889589905363,0.830171805299412,0.04468284630887576,True
few-label,STAD,COAD,single,warm,40,5,0.830292437547958,0.8453221472888801,0.015029709740922104,True
few-label,STAD,COAD,single,warm,40,6,0.8017733822150226,0.8410778633812397,0.0393044811662171,True
few-label,STAD,COAD,single,warm,40,7,0.8156705601500556,0.8362887867952417,0.02061822664518609,True
few-label,STAD,COAD,single,warm,40,8,0.8008355358513087,0.847974371705752,0.04713883585444323,True
few-label,STAD,COAD,single,warm,40,9,0.8400971949867849,0.8479574971536243,0.007860302166839417,False
few-label,STAD,COAD,single,warm,40,10,0.8027112285787366,0.8339382679000356,0.031227039321299,True
few-label,STAD,COAD,single,warm,40,11,0.777389376758462,0.8475172540688927,0.07012787731043069,True
few-label,STAD,COAD,single,warm,40,12,0.8286298917213744,0.8462319484002702,0.017602056678895805,True
few-label,STAD,COAD,single,warm,40,13,0.7910307784124819,0.8433630411296746,0.05233226271719271,True
few-label,STAD,COAD,single,warm,40,14,0.7545400289879786,0.8148792548618765,0.06033922587389795,True
few-label,STAD,COAD,single,warm,40,15,0.8033080399011,0.8434027024503689,0.040094662549268856,True
few-label,STAD,COAD,single,warm,40,16,0.8117486571745246,0.8304512436146002,0.018702586440075608,True
few-label,STAD,COAD,single,warm,40,17,0.7825049023787195,0.8338310247073902,0.05132612232867073,True
few-label,STAD,COAD,single,warm,40,18,0.8023275641572172,0.8371657966881403,0.03483823253092311,True
few-label,STAD,COAD,single,warm,40,19,0.8392446073834087,0.848534295341644,0.00928968795823537,False
few-label,STAD,COAD,single,warm,all,,0.8075709779179812,0.8433536890120802,0.03578271109409903,True
few-label,STAD+UCEC,COAD,pooled,warm,0,,0.660627504476085,0.6824559184608837,0.021828413984798734,True
few-label,STAD+UCEC,COAD,pooled,warm,3,0,0.6763151163782078,0.7181476908284257,0.04183257445021782,True
few-label,STAD+UCEC,COAD,pooled,warm,3,1,0.6884218603461506,0.7123083009895324,0.023886440643381746,True
few-label,STAD+UCEC,COAD,pooled,warm,3,2,0.636286128399693,0.6821569374573346,0.045870809057641626,True
few-label,STAD+UCEC,COAD,pooled,warm,3,3,0.6690681217495098,0.690882177625971,0.021814055876461236,True
few-label,STAD+UCEC,COAD,pooled,warm,3,4,0.6634410435672266,0.6835002224962503,0.020059178929023758,True
few-label,STAD+UCEC,COAD,pooled,warm,3,5,0.6596470287322023,0.707662280398626,0.04801525166642373,True
few-label,STAD+UCEC,COAD,pooled,warm,3,6,0.6836899991474125,0.7089677592626947,0.025277760115282266,True
few-label,STAD+UCEC,COAD,pooled,warm,3,7,0.6691533805098474,0.6874618525025674,0.01830847199272001,True
few-label,STAD+UCEC,COAD,pooled,warm,3,8,0.6519737403018161,0.6952410216397307,0.043267281337914576,True
few-label,STAD+UCEC,COAD,pooled,warm,3,9,0.660627504476085,0.7139724686656166,0.05334496418953161,True
few-label,STAD+UCEC,COAD,pooled,warm,3,10,0.6792139142296871,0.7051675360389363,0.025953621809249205,True
few-label,STAD+UCEC,COAD,pooled,warm,3,11,0.6568334896410607,0.7072534395980276,0.05041994995696686,True
few-label,STAD+UCEC,COAD,pooled,warm,3,12,0.682880040924205,0.7008412613536745,0.01796122042946957,True
few-label,STAD+UCEC,COAD,pooled,warm,3,13,0.675590416915338,0.693130599236359,0.017540182321020947,True
few-label,STAD+UCEC,COAD,pooled,warm,3,14,0.6701764856338989,0.7122879719860853,0.04211148635218642,True
few-label,STAD+UCEC,COAD,pooled,warm,3,15,0.6523147753431666,0.6894101290963257,0.03709535375315909,True
few-label,STAD+UCEC,COAD,pooled,warm,3,16,0.671753772700145,0.7095711369619015,0.037817364261756525,True
few-label,STAD+UCEC,COAD,pooled,warm,3,17,0.6805354250149204,0.7208617934531539,0.04032636843823356,True
few-label,STAD+UCEC,COAD,pooled,warm,3,18,0.6825816352630233,0.7221823814495115,0.039600746186488234,True
few-label,STAD+UCEC,COAD,pooled,warm,3,19,0.6919174695199932,0.727514451343647,0.035596981823653784,True
few-label,STAD+UCEC,COAD,pooled,warm,5,0,0.6552135731946457,0.6974880991787644,0.04227452598411874,True
few-label,STAD+UCEC,COAD,pooled,warm,5,1,0.6845852161309575,0.7055505606056747,0.020965344474717207,True
few-label,STAD+UCEC,COAD,pooled,warm,5,2,0.6516327052604655,0.7033761162703566,0.051743411009891105,True
few-label,STAD+UCEC,COAD,pooled,warm,5,3,0.6853099155938273,0.7314263598037183,0.04611644420989103,True
few-label,STAD+UCEC,COAD,pooled,warm,5,4,0.6820274533208286,0.7182995266346806,0.03627207331385196,True
few-label,STAD+UCEC,COAD,pooled,warm,5,5,0.6954130786938358,0.716275101760206,0.020862023066370194,True
few-label,STAD+UCEC,COAD,pooled,warm,5,6,0.6526131810043482,0.689061192531401,0.03644801152705279,True
few-label,STAD+UCEC,COAD,pooled,warm,5,7,0.7004433455537555,0.7333098730134479,0.03286652745969232,True
few-label,STAD+UCEC,COAD,pooled,warm,5,8,0.7129763833233864,0.7375257889523034,0.024549405628916943,True
few-label,STAD+UCEC,COAD,pooled,warm,5,9,0.6888055247676699,0.7199331492737651,0.031127624506095186,True
few-label,STAD+UCEC,COAD,pooled,warm,5,10,0.6727342484440276,0.7126803874708543,0.039946139026826644,True
few-label,STAD+UCEC,COAD,pooled,warm,5,11,0.6688123454684969,0.6940742494843786,0.025261904015881687,True
few-label,STAD+UCEC,COAD,pooled,warm,5,12,0.701509080057976,0.7336233605300141,0.032114280472038126,True
few-label,STAD+UCEC,COAD,pooled,warm,5,13,0.6743115355102737,0.6907868782987949,0.016475342788521252,True
few-label,STAD+UCEC,COAD,pooled,warm,5,14,0.68629039133771,0.7072109543330993,0.020920562995389358,True
few-label,STAD+UCEC,COAD,pooled,warm,5,15,0.7158751811748658,0.7466583263916927,0.0307831452168269,True
few-label,STAD+UCEC,COAD,pooled,warm,5,16,0.6390570381106659,0.6759562270456014,0.03689918893493549,True
few-label,STAD+UCEC,COAD,pooled,warm,5,17,0.667192429022082,0.7138848966877764,0.04669246766569446,True
few-label,STAD+UCEC,COAD,pooled,warm,5,18,0.6460056270781823,0.6867870165253482,0.04078138944716592,True
few-label,STAD+UCEC,COAD,pooled,warm,5,19,0.6573024128229176,0.6868836023294811,0.02958118950656352,True
few-label,STAD+UCEC,COAD,pooled,warm,10,0,0.7175377270014494,0.7445167951324854,0.02697906813103601,True
few-label,STAD+UCEC,COAD,pooled,warm,10,1,0.739662375309063,0.7606701835624378,0.021007808253374782,True
few-label,STAD+UCEC,COAD,pooled,warm,10,2,0.6552562025748145,0.7187746379737442,0.06351843539892965,True
few-label,STAD+UCEC,COAD,pooled,warm,10,3,0.6961804075368744,0.7461271732791097,0.04994676574223533,True
few-label,STAD+UCEC,COAD,pooled,warm,10,4,0.6393128143916785,0.68589333214507,0.04658051775339145,True
few-label,STAD+UCEC,COAD,pooled,warm,10,5,0.6496717537727001,0.7031213138070139,0.05344956003431378,True
few-label,STAD+UCEC,COAD,pooled,warm,10,6,0.7131042714638929,0.7273492312057356,0.0142449597418427,True
few-label,STAD+UCEC,COAD,pooled,warm,10,7,0.6743541648904425,0.7304812909147567,0.05612712602431413,True
few-label,STAD+UCEC,COAD,pooled,warm,10,8,0.6715406257993008,0.7306287695532979,0.05908814375399707,True
few-label,STAD+UCEC,COAD,pooled,warm,10,9,0.6504390826157389,0.6960785175323407,0.04563943491660183,True
few-label,STAD+UCEC,COAD,pooled,warm,10,10,0.6518884815414785,0.6995614235152467,0.04767294197376826,True
few-label,STAD+UCEC,COAD,pooled,warm,10,11,0.6729473953448717,0.7168614606181636,0.04391406527329189,True
few-label,STAD+UCEC,COAD,pooled,warm,10,12,0.677849774064285,0.7375511498872969,0.059701375823011826,True
few-label,STAD+UCEC,COAD,pooled,warm,10,13,0.6954557080740047,0.7320803587342813,0.03662465066027665,True
few-label,STAD+UCEC,COAD,pooled,warm,10,14,0.6628016028646945,0.72219159776558,0.05938999490088548,True
few-label,STAD+UCEC,COAD,pooled,warm,10,15,0.6956688549748486,0.7328930969174267,0.03722424194257801,True
few-label,STAD+UCEC,COAD,pooled,warm,10,16,0.6761872282377015,0.7447564060126126,0.06856917777491112,True
few-label,STAD+UCEC,COAD,pooled,warm,10,17,0.6732031716258846,0.7223745751655384,0.04917140353965377,True
few-label,STAD+UCEC,COAD,pooled,warm,10,18,0.6613948333191235,0.7316778442235244,0.07028301090440092,True
few-label,STAD+UCEC,COAD,pooled,warm,10,19,0.686972461420411,0.7165389538189937,0.029566492398582667,True
few-label,STAD+UCEC,COAD,pooled,warm,25,0,0.6918748401398244,0.7541085296696022,0.062233689529777814,True
few-label,STAD+UCEC,COAD,pooled,warm,25,1,0.7555205047318612,0.7931028544995774,0.03758234976771624,True
few-label,STAD+UCEC,COAD,pooled,warm,25,2,0.7359962486145452,0.755542333700725,0.019546085086179832,True
few-label,STAD+UCEC,COAD,pooled,warm,25,3,0.7501492028305908,0.7829608315660945,0.032811628735503695,True
few-label,STAD+UCEC,COAD,pooled,warm,25,4,0.7163014749765538,0.7480510140857708,0.03174953910921696,True
few-label,STAD+UCEC,COAD,pooled,warm,25,5,0.7235058402250832,0.7705712764009686,0.04706543617588532,True
few-label,STAD+UCEC,COAD,pooled,warm,25,6,0.7117827606786596,0.7673120367440129,0.055529276065353295,True
few-label,STAD+UCEC,COAD,pooled,warm,25,7,0.7484440276238383,0.7847741305367919,0.03633010291295358,True
few-label,STAD+UCEC,COAD,pooled,warm,25,8,0.7320317162588456,0.7688519532988252,0.03682023703997961,True
few-label,STAD+UCEC,COAD,pooled,warm,25,9,0.7557336516327051,0.7800504587545303,0.024316807121825157,True
few-label,STAD+UCEC,COAD,pooled,warm,25,10,0.7230369170432261,0.7616173937504623,0.03858047670723619,True
few-label,STAD+UCEC,COAD,pooled,warm,25,11,0.7074771932816097,0.7466794162474402,0.039202222965830424,True
few-label,STAD+UCEC,COAD,pooled,warm,25,12,0.7310512405149628,0.7841826512337933,0.05313141071883043,True
few-label,STAD+UCEC,COAD,pooled,warm,25,13,0.7067524938187398,0.7602168950436081,0.053464401224868285,True
few-label,STAD+UCEC,COAD,pooled,warm,25,14,0.7079887458436354,0.7517741608496326,0.0437854150059972,True
few-label,STAD+UCEC,COAD,pooled,warm,25,15,0.7297723591098986,0.7596149693294679,0.029842610219569354,True
few-label,STAD+UCEC,COAD,pooled,warm,25,16,0.7151931110921647,0.7669894911444068,0.051796380052242186,True
few-label,STAD+UCEC,COAD,pooled,warm,25,17,0.7438400545656065,0.7682758577624517,0.02443580319684513,True
few-label,STAD+UCEC,COAD,pooled,warm,25,18,0.7011680450166256,0.7447849237268303,0.0436168787102047,True
few-label,STAD+UCEC,COAD,pooled,warm,25,19,0.7274277432006139,0.7644043545001836,0.03697661129956975,True
few-label,STAD+UCEC,COAD,pooled,warm,40,0,0.7188166084065137,0.7639585962972258,0.04514198789071211,True
few-label,STAD+UCEC,COAD,pooled,warm,40,1,0.7381703470031546,0.7787174255183194,0.0405470785151647,True
few-label,STAD+UCEC,COAD,pooled,warm,40,2,0.7340779265069487,0.7886588126096568,0.05458088610270806,True
few-label,STAD+UCEC,COAD,pooled,warm,40,3,0.719456049109046,0.781665538422738,0.06220948931369197,True
few-label,STAD+UCEC,COAD,pooled,warm,40,4,0.7377014238212977,0.7901047593584833,0.05240333553718568,True
few-label,STAD+UCEC,COAD,pooled,warm,40,5,0.7531332594424077,0.8013523285717923,0.04821906912938456,True
few-label,STAD+UCEC,COAD,pooled,warm,40,6,0.736720948077415,0.7787534796109771,0.04203253153356212,True
few-label,STAD+UCEC,COAD,pooled,warm,40,7,0.7743626907664762,0.8129391287847098,0.038576438018233516,True
few-label,STAD+UCEC,COAD,pooled,warm,40,8,0.7305396879529372,0.7811938281843942,0.05065414023145698,True
few-label,STAD+UCEC,COAD,pooled,warm,40,9,0.7808423565521356,0.811355649646613,0.030513293094477367,True
few-label,STAD+UCEC,COAD,pooled,warm,40,10,0.7294739534487169,0.7881243972291638,0.058650443780446926,True
few-label,STAD+UCEC,COAD,pooled,warm,40,11,0.7133600477449057,0.7998239218025713,0.08646387405766565,True
few-label,STAD+UCEC,COAD,pooled,warm,40,12,0.7790945519652144,0.799263154257196,0.020168602291981585,True
few-label,STAD+UCEC,COAD,pooled,warm,40,13,0.7330121920027284,0.797808648980943,0.06479645697821457,True
few-label,STAD+UCEC,COAD,pooled,warm,40,14,0.6968198482394066,0.7499035487848794,0.053083700545472845,True
few-label,STAD+UCEC,COAD,pooled,warm,40,15,0.7356552135731946,0.7858231912631118,0.05016797768991721,True
few-label,STAD+UCEC,COAD,pooled,warm,40,16,0.7241879103077841,0.7803415487194038,0.05615363841161969,True
few-label,STAD+UCEC,COAD,pooled,warm,40,17,0.7325432688208714,0.7849807695338977,0.05243750071302633,True
few-label,STAD+UCEC,COAD,pooled,warm,40,18,0.7366356893170773,0.7997268503867312,0.06309116106965384,True
few-label,STAD+UCEC,COAD,pooled,warm,40,19,0.783528007502771,0.8140895344311432,0.030561526928372218,True
few-label,STAD+UCEC,COAD,pooled,warm,all,,0.7582487850626651,0.8059752410780217,0.04772645601535652,True
few-label,target-only,STAD,target-only,cold,0,,0.5,0.5,0.0,False
few-label,COAD,STAD,single,warm,0,,0.7595856524427953,0.7717757748222346,0.012190122379439283,True
few-label,target-only,STAD,target-only,cold,3,0,0.6242527313955885,0.587816482607145,0.036436248788443426,True
few-label,COAD,STAD,single,warm,3,0,0.7764893836322406,0.773166516647545,0.0033228669846956382,False
few-label,target-only,STAD,target-only,cold,3,1,0.6810451453308597,0.6639917916548587,0.017053353676001026,True
few-label,COAD,STAD,single,warm,3,1,0.7628324056895486,0.7536828306158232,0.00914957507372538,False
few-label,target-only,STAD,target-only,cold,3,2,0.6243558029272316,0.5917673697980713,0.032588433129160266,True
few-label,COAD,STAD,single,warm,3,2,0.7724180581323438,0.7723147798979163,0.00010327823442746187,False
few-label,target-only,STAD,target-only,cold,3,3,0.5861162646876933,0.604710020489262,0.018593755801568745,True
few-label,COAD,STAD,single,warm,3,3,0.7804576376004947,0.7847352440146323,0.004277606414137658,False
few-label,target-only,STAD,target-only,cold,3,4,0.6194599051741908,0.6084204770691299,0.011039428105060867,True
few-label,COAD,STAD,single,warm,3,4,0.7514945372088229,0.7662292983105267,0.014734761101703797,True
few-label,target-only,STAD,target-only,cold,3,5,0.6906307977736549,0.7053983722925293,0.014767574518874449,True
few-label,COAD,STAD,single,warm,3,5,0.7687074829931972,0.7866739187179336,0.01796643572473633,True
few-label,target-only,STAD,target-only,cold,3,6,0.6361059575345289,0.6016144231837595,0.03449153435076946,True
few-label,COAD,STAD,single,warm,3,6,0.777468563182849,0.7888092927300651,0.0113407295472161,True
few-label,target-only,STAD,target-only,cold,3,7,0.6578540507111936,0.6755745539245918,0.01772050321339813,True
few-label,COAD,STAD,single,warm,3,7,0.7784992784992786,0.7863628499206416,0.00786357142136307,False
few-label,target-only,STAD,target-only,cold,3,8,0.676149247577819,0.7334984009230858,0.0573491533452668,True
few-label,COAD,STAD,single,warm,3,8,0.7729334157905586,0.8019860176612663,0.029052601870707684,True
few-label,target-only,STAD,target-only,cold,3,9,0.7185631828488972,0.7263760582616217,0.007812875412724463,False
few-label,COAD,STAD,single,warm,3,9,0.7620078334364049,0.7863800575144391,0.024372224078034188,True
few-label,target-only,STAD,target-only,cold,3,10,0.7057307771593486,0.6952920200360836,0.01043875712326503,True
few-label,COAD,STAD,single,warm,3,10,0.7976705833848691,0.8043715066195677,0.006700923234698619,False
few-label,target-only,STAD,target-only,cold,3,11,0.6816635745207174,0.6699820436110372,0.01168153090968016,True
few-label,COAD,STAD,single,warm,3,11,0.7715934858792001,0.7935953604687963,0.022001874589596238,True
few-label,target-only,STAD,target-only,cold,3,12,0.6739332096474954,0.6773175308553545,0.0033843212078591423,False
few-label,COAD,STAD,single,warm,3,12,0.7935477221191507,0.8048277483721573,0.011280026253006614,True
few-label,target-only,STAD,target-only,cold,3,13,0.5964749536178108,0.6278635540976027,0.03138860047979197,True
few-label,COAD,STAD,single,warm,3,13,0.7959699031127603,0.8168162307633248,0.02084632765056449,True
few-label,target-only,STAD,target-only,cold,3,14,0.6749123891981035,0.6903968627381215,0.015484473540018029,True
few-label,COAD,STAD,single,warm,3,14,0.7830344258915687,0.7966037066869204,0.01356928079535169,True
few-label,target-only,STAD,target-only,cold,3,15,0.65563801278087,0.6649037996530002,0.0092657868721302,False
few-label,COAD,STAD,single,warm,3,15,0.7415481344052772,0.7650345369090734,0.02348640250379619,True
few-label,target-only,STAD,target-only,cold,3,16,0.6066274994846423,0.6069224987510544,0.0002949992664120771,False
few-label,COAD,STAD,single,warm,3,16,0.7490208204493919,0.7640174012818,0.014996580832408068,True
few-label,target-only,STAD,target-only,cold,3,17,0.6708410636982064,0.7029895833593421,0.032148519661135744,True
few-label,COAD,STAD,single,warm,3,17,0.7896310039167181,0.7978000210125604,0.00816901709584228,False
few-label,target-only,STAD,target-only,cold,3,18,0.6171923314780459,0.6719441550308215,0.054751823552775636,True
few-label,COAD,STAD,single,warm,3,18,0.7755617398474541,0.795686251652603,0.020124511805148848,True
few-label,target-only,STAD,target-only,cold,3,19,0.6819727891156462,0.6383402542917744,0.04363253482387175,True
few-label,COAD,STAD,single,warm,3,19,0.8027210884353742,0.8038142780439005,0.0010931896085263348,False
few-label,target-only,STAD,target-only,cold,5,0,0.6554834054834054,0.6821042896495754,0.026620884166169922,True
few-label,COAD,STAD,single,warm,5,0,0.7712327355184497,0.8031394890824156,0.031906753563965884,True
few-label,target-only,STAD,target-only,cold,5,1,0.6645021645021645,0.6764921421893095,0.011989977687145048,True
few-label,COAD,STAD,single,warm,5,1,0.7777262420119564,0.7944585949564862,0.016732352944529794,True
few-label,target-only,STAD,target-only,cold,5,2,0.7499484642341785,0.7099707607061843,0.039977703527994235,True
few-label,COAD,STAD,single,warm,5,2,0.79143475572047,0.7767574954031936,0.014677260317276342,True
few-label,target-only,STAD,target-only,cold,5,3,0.7616470830756545,0.788066830007528,0.026419746931873433,True
few-label,COAD,STAD,single,warm,5,3,0.7972582972582972,0.8099609491877328,0.012702651929435538,True
few-label,target-only,STAD,target-only,cold,5,4,0.6985673057101628,0.7236910295197474,0.02512372380958461,True
few-label,COAD,STAD,single,warm,5,4,0.7723665223665224,0.7920503251602042,0.01968380279368187,True
few-label,target-only,STAD,target-only,cold,5,5,0.6815605029890743,0.690280065842477,0.008719562853402696,False
few-label,COAD,STAD,single,warm,5,5,0.7728818800247371,0.7875894780312497,0.014707598006512557,True
few-label,target-only,STAD,target-only,cold,5,6,0.6892393320964749,0.737730015036764,0.04849068294028913,True
few-label,COAD,STAD,single,warm,5,6,0.7401566687280973,0.7673287902221866,0.02717212149408932,True
few-label,target-only,STAD,target-only,cold,5,7,0.7569573283858999,0.7708108967226543,0.01385356833675444,True
few-label,COAD,STAD,single,warm,5,7,0.7934446505875077,0.806595753371685,0.013151102784177304,True
few-label,target-only,STAD,target-only,cold,5,8,0.7921562564419707,0.7983851197104734,0.0062288632685026935,False
few-label,COAD,STAD,single,warm,5,8,0.8060193774479489,0.8127930105186085,0.00677363307065959,False
few-label,target-only,STAD,target-only,cold,5,9,0.713821892393321,0.7169346174507194,0.0031127250573984577,False
few-label,COAD,STAD,single,warm,5,9,0.769635126777984,0.7924253448749223,0.022790218096938375,True
few-label,target-only,STAD,target-only,cold,5,10,0.7182024324881467,0.7278469837209486,0.009644551232801835,False
few-label,COAD,STAD,single,warm,5,10,0.7866419294990723,0.7947616521136676,0.00811972261459526,False
few-label,target-only,STAD,target-only,cold,5,11,0.6529066171923315,0.6937268884593265,0.040820271266995056,True
few-label,COAD,STAD,single,warm,5,11,0.8276643990929705,0.8250892933683225,0.0025751057246480302,False
few-label,target-only,STAD,target-only,cold,5,12,0.7422180993609564,0.7665192422541445,0.024301142893188077,True
few-label,COAD,STAD,single,warm,5,12,0.7849927849927849,0.8014725221434258,0.016479737150640883,True
few-label,target-only,STAD,target-only,cold,5,13,0.7390228818800246,0.767469562672933,0.028446680792908352,True
few-label,COAD,STAD,single,warm,5,13,0.7807668521954236,0.7816905212155335,0.0009236690201098741,False
few-label,target-only,STAD,target-only,cold,5,14,0.6596578025149453,0.704182060337337,0.044524257822391666,True
few-label,COAD,STAD,single,warm,5,14,0.7528860028860028,0.7764194560001823,0.023533453114179426,True
few-label,target-only,STAD,target-only,cold,5,15,0.712430426716141,0.7047243029962834,0.007706123719857572,False
few-label,COAD,STAD,single,warm,5,15,0.8064831993403422,0.8139584260549299,0.007475226714587668,False
few-label,target-only,STAD,target-only,cold,5,16,0.7088229231086374,0.6963592250003849,0.01246369810825243,True
few-label,COAD,STAD,single,warm,5,16,0.779633065347351,0.785762546506448,0.00612948115909695,False
few-label,target-only,STAD,target-only,cold,5,17,0.7410327767470625,0.6965682408713053,0.04446453587575716,True
few-label,COAD,STAD,single,warm,5,17,0.7852504638218923,0.7896416388970036,0.00439117507511122,False
few-label,target-only,STAD,target-only,cold,5,18,0.7689651618223047,0.7776126399640952,0.008647478141790566,False
few-label,COAD,STAD,single,warm,5,18,0.8015357658214801,0.8163076026091259,0.01477183678764582,True
few-label,target-only,STAD,target-only,cold,5,19,0.740672026386312,0.7321357617392564,0.008536264647055591,False
few-label,COAD,STAD,single,warm,5,19,0.7851989280560709,0.7876519381856717,0.0024530101296007523,False
few-label,target-only,STAD,target-only,cold,10,0,0.7790146361574932,0.7785974248572738,0.0004172113002194333,False
few-label,COAD,STAD,single,warm,10,0,0.7940630797773656,0.8075951945842681,0.013532114806902529,True
few-label,target-only,STAD,target-only,cold,10,1,0.8051432694289837,0.80548594712523,0.0003426776962462963,False
few-label,COAD,STAD,single,warm,10,1,0.8100907029478458,0.818972027519874,0.00888132457202817,False
few-label,target-only,STAD,target-only,cold,10,2,0.7714904143475572,0.7790023295358313,0.007511915188274099,False
few-label,COAD,STAD,single,warm,10,2,0.8147804576376003,0.8337539712932897,0.018973513655689334,True
few-label,target-only,STAD,target-only,cold,10,3,0.826221397649969,0.8305294020832891,0.004308004433320023,False
few-label,COAD,STAD,single,warm,10,3,0.8185425685425685,0.8360320039189114,0.017489435376342954,True
few-label,target-only,STAD,target-only,cold,10,4,0.7432488146773861,0.732823654941247,0.010425159736139111,True
few-label,COAD,STAD,single,warm,10,4,0.7739125953411667,0.7857077536347906,0.011795158293623875,True
few-label,target-only,STAD,target-only,cold,10,5,0.7901978973407544,0.7921457663084934,0.0019478689677390193,False
few-label,COAD,STAD,single,warm,10,5,0.7928777571634713,0.8021832004098371,0.009305443246365841,False
few-label,target-only,STAD,target-only,cold,10,6,0.7886002886002885,0.7891086386175644,0.0005083500172758937,False
few-label,COAD,STAD,single,warm,10,6,0.7980313337456195,0.8005312413650575,0.002499907619437969,False
few-label,target-only,STAD,target-only,cold,10,7,0.7464440321583179,0.7471427356257336,0.00069870346741574,False
few-label,COAD,STAD,single,warm,10,7,0.8072562358276645,0.8111535926224509,0.003897356794786422,False
few-label,target-only,STAD,target-only,cold,10,8,0.8068439497010925,0.7871744480373087,0.019669501663783784,True
few-label,COAD,STAD,single,warm,10,8,0.8022057307771593,0.8071650498647124,0.0049593190875530935,False
few-label,target-only,STAD,target-only,cold,10,9,0.7760255617398475,0.7830694517009172,0.007043889961069749,False
few-label,COAD,STAD,single,warm,10,9,0.80431869717584,0.8144193238491495,0.010100626673309465,True
few-label,target-only,STAD,target-only,cold,10,10,0.7977736549165121,0.8112666314324601,0.013492976515948052,True
few-label,COAD,STAD,single,warm,10,10,0.8354978354978355,0.8334641047910614,0.0020337307067741506,False
few-label,target-only,STAD,target-only,cold,10,11,0.8296742939600081,0.8326728712239813,0.0029985772639731234,False
few-label,COAD,STAD,single,warm,10,11,0.8158627087198514,0.8235609768819702,0.0076982681621187155,False
few-label,target-only,STAD,target-only,cold,10,12,0.7740672026386312,0.7993852564650752,0.02531805382644403,True
few-label,COAD,STAD,single,warm,10,12,0.7981344052772624,0.8187554572446544,0.020621051967391946,True
few-label,target-only,STAD,target-only,cold,10,13,0.7931354359925789,0.8004356599639747,0.007300223971395847,False
few-label,COAD,STAD,single,warm,10,13,0.8175118532261388,0.8163726856923581,0.0011391675337807383,False
few-label,target-only,STAD,target-only,cold,10,14,0.7956606885178313,0.8029706423398488,0.00730995382201749,False
few-label,COAD,STAD,single,warm,10,14,0.7954030096887239,0.8225849263501825,0.02718191666145864,True
few-label,target-only,STAD,target-only,cold,10,15,0.7558750773036488,0.7907764237953839,0.03490134649173515,True
few-label,COAD,STAD,single,warm,10,15,0.7883941455370027,0.7996554876412125,0.011261342104209815,True
few-label,target-only,STAD,target-only,cold,10,16,0.8034941249226962,0.7916588602364851,0.0118352646862111,True
few-label,COAD,STAD,single,warm,10,16,0.7888579674293961,0.8058421253693779,0.01698415793998187,True
few-label,target-only,STAD,target-only,cold,10,17,0.768037518037518,0.7718483786933106,0.003810860655792614,False
few-label,COAD,STAD,single,warm,10,17,0.77994227994228,0.7936169902845454,0.013674710342265306,True
few-label,target-only,STAD,target-only,cold,10,18,0.8035456606885178,0.7971296347013579,0.006416025987159957,False
few-label,COAD,STAD,single,warm,10,18,0.8066893424036281,0.8113464264940635,0.004657084090435415,False
few-label,target-only,STAD,target-only,cold,10,19,0.8015357658214801,0.7883739563163461,0.013161809505134014,True
few-label,COAD,STAD,single,warm,10,19,0.7983405483405484,0.7978373317668715,0.0005032165736768013,False
few-label,target-only,STAD,target-only,cold,25,0,0.834054834054834,0.8303966900392712,0.0036581440155628586,False
few-label,COAD,STAD,single,warm,25,0,0.8336940836940837,0.8351865050049376,0.0014924213108539197,False
few-label,target-only,STAD,target-only,cold,25,1,0.8619872191300764,0.8556009846513376,0.0063862344787387615,False
few-label,COAD,STAD,single,warm,25,1,0.8252937538651823,0.8171928476172969,0.008100906247885398,False
few-label,target-only,STAD,target-only,cold,25,2,0.8387961245104102,0.8346711383444714,0.004124986165938815,False
few-label,COAD,STAD,single,warm,25,2,0.8361678004535147,0.8458989666340619,0.009731166180547257,False
few-label,target-only,STAD,target-only,cold,25,3,0.7895794681508967,0.8040617223349967,0.014482254184099985,True
few-label,COAD,STAD,single,warm,25,3,0.8111214182642754,0.8233003973347991,0.012178979070523677,True
few-label,target-only,STAD,target-only,cold,25,4,0.8597196454339311,0.8541657901029618,0.005553855330969304,False
few-label,COAD,STAD,single,warm,25,4,0.8131313131313131,0.8130806554087823,5.065772253087797e-05,False
few-label,target-only,STAD,target-only,cold,25,5,0.8924963924963925,0.8835038928245501,0.008992499671842347,False
few-label,COAD,STAD,single,warm,25,5,0.8570397856112142,0.8623044295408459,0.005264643929631663,False
few-label,target-only,STAD,target-only,cold,25,6,0.8604926819212534,0.8717805579821825,0.01128787606092907,True
few-label,COAD,STAD,single,warm,25,6,0.8394660894660894,0.849015318557074,0.009549229090984657,False
few-label,target-only,STAD,target-only,cold,25,7,0.8533292104720677,0.8616188608159625,0.008289650343894839,False
few-label,COAD,STAD,single,warm,25,7,0.8430220573077717,0.858437811781245,0.01541575447347332,True
few-label,target-only,STAD,target-only,cold,25,8,0.8446712018140589,0.8507437203160848,0.0060725185020259476,False
few-label,COAD,STAD,single,warm,25,8,0.8347247990105132,0.8459412837043654,0.011216484693852169,True
few-label,target-only,STAD,target-only,cold,25,9,0.8507008864151722,0.8428869410721352,0.007813945343036921,False
few-label,COAD,STAD,single,warm,25,9,0.8401360544217686,0.8559101120170519,0.015774057595283275,True
few-label,target-only,STAD,target-only,cold,25,10,0.8815708101422387,0.8894022654812035,0.007831455338964788,False
few-label,COAD,STAD,single,warm,25,10,0.8482271696557412,0.8559078723938599,0.0076807027381187165,False
few-label,target-only,STAD,target-only,cold,25,11,0.860338074623789,0.8573023557891777,0.0030357188346112896,False
few-label,COAD,STAD,single,warm,25,11,0.8355493712636569,0.8307973669771499,0.004752004286507017,False
few-label,target-only,STAD,target-only,cold,25,12,0.8556998556998557,0.8402566384241628,0.015443217275692978,True
few-label,COAD,STAD,single,warm,25,12,0.8278705421562564,0.827736234015993,0.0001343081402633839,False
few-label,target-only,STAD,target-only,cold,25,13,0.8231292517006803,0.8219460923660034,0.001183159334676942,False
few-label,COAD,STAD,single,warm,25,13,0.7933415790558648,0.8081734931999307,0.014831914144065927,True
few-label,target-only,STAD,target-only,cold,25,14,0.8500309214594929,0.8480493528318659,0.001981568627626995,False
few-label,COAD,STAD,single,warm,25,14,0.8298804370232942,0.8477673475084758,0.01788691048518165,True
few-label,target-only,STAD,target-only,cold,25,15,0.8568851783137498,0.8517743477159225,0.005110830597827243,False
few-label,COAD,STAD,single,warm,25,15,0.8446196660482376,0.8430187376041758,0.0016009284440617888,False
few-label,target-only,STAD,target-only,cold,25,16,0.8260152545866831,0.8151118940949269,0.01090336049175622,True
few-label,COAD,STAD,single,warm,25,16,0.8203978561121419,0.826294895523958,0.005897039411816074,False
few-label,target-only,STAD,target-only,cold,25,17,0.8235930735930735,0.8413420505028657,0.017748976909792158,True
few-label,COAD,STAD,single,warm,25,17,0.8058132343846629,0.8097464833546398,0.003933248969976932,False
few-label,target-only,STAD,target-only,cold,25,18,0.8385899814471243,0.8307615071272607,0.007828474319863554,False
few-label,COAD,STAD,single,warm,25,18,0.8086992372706658,0.8118043625940325,0.0031051253233667087,False
few-label,target-only,STAD,target-only,cold,25,19,0.8270459699031127,0.8395880872333104,0.01254211733019761,True
few-label,COAD,STAD,single,warm,25,19,0.8368893011750155,0.8445953167218887,0.007706015546873224,False
few-label,target-only,STAD,target-only,cold,40,0,0.8682230467944754,0.8656753679837971,0.0025476788106783,False
few-label,COAD,STAD,single,warm,40,0,0.8537414965986394,0.8745421998613623,0.020800703262722875,True
few-label,target-only,STAD,target-only,cold,40,1,0.8717790146361574,0.8664570453744382,0.005321969261719128,False
few-label,COAD,STAD,single,warm,40,1,0.8526077097505669,0.8583780149343931,0.005770305183826263,False
few-label,target-only,STAD,target-only,cold,40,2,0.8957431457431456,0.878270734291583,0.01747241145156264,True
few-label,COAD,STAD,single,warm,40,2,0.8519377447948877,0.8451527668280464,0.006784977966841299,False
few-label,target-only,STAD,target-only,cold,40,3,0.870645227788085,0.8745040652112941,0.0038588374232091383,False
few-label,COAD,STAD,single,warm,40,3,0.8421974850546279,0.836696307602349,0.005501177452278849,False
few-label,target-only,STAD,target-only,cold,40,4,0.8526592455163884,0.86284648135976,0.010187235843371667,True
few-label,COAD,STAD,single,warm,40,4,0.832663368377654,0.8497013863270159,0.017038017949361883,True
few-label,target-only,STAD,target-only,cold,40,5,0.831271902700474,0.8310207487785197,0.00025115392195429465,False
few-label,COAD,STAD,single,warm,40,5,0.8311688311688311,0.8467123262659971,0.015543495097166016,True
few-label,target-only,STAD,target-only,cold,40,6,0.8511131725417439,0.8465891514769706,0.0045240210647733425,False
few-label,COAD,STAD,single,warm,40,6,0.8453927025355596,0.8423310114441078,0.0030616910914518236,False
few-label,target-only,STAD,target-only,cold,40,7,0.8654916512059369,0.8717431768738969,0.006251525667960056,False
few-label,COAD,STAD,single,warm,40,7,0.8233353947639662,0.8394705146883492,0.01613511992438299,True
few-label,target-only,STAD,target-only,cold,40,8,0.8532261389404246,0.8519865691792061,0.0012395697612185286,False
few-label,COAD,STAD,single,warm,40,8,0.8356524427952998,0.8372438589303199,0.0015914161350201184,False
few-label,target-only,STAD,target-only,cold,40,9,0.8377138734281591,0.851843266131113,0.014129392702953991,True
few-label,COAD,STAD,single,warm,40,9,0.8326118326118326,0.8507720174388386,0.018160184827005987,True
few-label,target-only,STAD,target-only,cold,40,10,0.8647186147186148,0.8688936344010075,0.0041750196823927554,False
few-label,COAD,STAD,single,warm,40,10,0.8370954442383014,0.8446080024147669,0.007512558176465456,False
few-label,target-only,STAD,target-only,cold,40,11,0.8732735518449803,0.8581408670969989,0.015132684747981462,True
few-label,COAD,STAD,single,warm,40,11,0.8620902906617192,0.8619580859630375,0.0001322046986816927,False
few-label,target-only,STAD,target-only,cold,40,12,0.8582766439909297,0.8548253659603076,0.0034512780306221735,False
few-label,COAD,STAD,single,warm,40,12,0.8297258297258298,0.8355206102423111,0.0057947805164813015,False
few-label,target-only,STAD,target-only,cold,40,13,0.8735827664399093,0.8721053777303585,0.001477388709550831,False
few-label,COAD,STAD,single,warm,40,13,0.8385384456813029,0.8472934242806053,0.00875497859930241,False
few-label,target-only,STAD,target-only,cold,40,14,0.8749226963512677,0.869922647560764,0.005000048790503753,False
few-label,COAD,STAD,single,warm,40,14,0.8508554937126365,0.8545928440592844,0.0037373503466479052,False
few-label,target-only,STAD,target-only,cold,40,15,0.8465264893836323,0.8366479097899233,0.00987857959370897,False
few-label,COAD,STAD,single,warm,40,15,0.8321480107194392,0.8283300821604376,0.0038179285590016487,False
few-label,target-only,STAD,target-only,cold,40,16,0.8440012368583797,0.8497563398034021,0.005755102945022461,False
few-label,COAD,STAD,single,warm,40,16,0.821170892599464,0.8260036526977224,0.004832760098258393,False
few-label,target-only,STAD,target-only,cold,40,17,0.8783755926613069,0.8756837178041487,0.002691874857158272,False
few-label,COAD,STAD,single,warm,40,17,0.8388991960420531,0.8404570862603707,0.001557890218317648,False
few-label,target-only,STAD,target-only,cold,40,18,0.8529684601113172,0.8439883936619313,0.00898006644938587,False
few-label,COAD,STAD,single,warm,40,18,0.8452896310039167,0.8462906561443131,0.00100102514039635,False
few-label,target-only,STAD,target-only,cold,40,19,0.849515563801278,0.8416773789370657,0.007838184864212283,False
few-label,COAD,STAD,single,warm,40,19,0.8184910327767471,0.8178484913897138,0.0006425413870332353,False
few-label,target-only,STAD,target-only,cold,all,,0.858431251288394,0.8587883859607072,0.0003571346723131308,False
few-label,COAD,STAD,single,warm,all,,0.8341063698206556,0.8477118549984042,0.013605485177748622,True
few-label,UCEC,STAD,single,warm,0,,0.5206658420944135,0.5543561011148647,0.033690259020451196,True
few-label,UCEC,STAD,single,warm,3,0,0.6227066584209441,0.6328866066631794,0.010179948242235337,True
few-label,UCEC,STAD,single,warm,3,1,0.5964234178519894,0.6218775133014527,0.02545409544946331,True
few-label,UCEC,STAD,single,warm,3,2,0.6031230674087816,0.6229380598667846,0.019814992458003,True
few-label,UCEC,STAD,single,warm,3,3,0.5719439290867863,0.5913572520330608,0.019413322946274514,True
few-label,UCEC,STAD,single,warm,3,4,0.5825087610801897,0.6013655394321411,0.01885677835195143,True
few-label,UCEC,STAD,single,warm,3,5,0.6396103896103895,0.6554702897246889,0.015859900114299386,True
few-label,UCEC,STAD,single,warm,3,6,0.6043599257884973,0.62282199622601,0.01846207043751269,True
few-label,UCEC,STAD,single,warm,3,7,0.6247165532879819,0.6433805384443245,0.0186639851563426,True
few-label,UCEC,STAD,single,warm,3,8,0.6279117707689136,0.6589775071321504,0.03106573636323684,True
few-label,UCEC,STAD,single,warm,3,9,0.6213151927437642,0.6494175759235123,0.028102383179748114,True
few-label,UCEC,STAD,single,warm,3,10,0.6498144712430426,0.666130634599091,0.016316163356048463,True
few-label,UCEC,STAD,single,warm,3,11,0.6109565038136466,0.6289439198716869,0.017987416058040218,True
few-label,UCEC,STAD,single,warm,3,12,0.5961142032570603,0.6117195738307352,0.015605370573674837,True
few-label,UCEC,STAD,single,warm,3,13,0.6109565038136466,0.6385480941069327,0.02759159029328606,True
few-label,UCEC,STAD,single,warm,3,14,0.6116264687693259,0.6285950676740211,0.016968598904695154,True
few-label,UCEC,STAD,single,warm,3,15,0.6233766233766234,0.6417615733328216,0.018384949956198215,True
few-label,UCEC,STAD,single,warm,3,16,0.59575345289631,0.627052143114705,0.03129869021839504,True
few-label,UCEC,STAD,single,warm,3,17,0.589311482168625,0.6290023076233642,0.03969082545473923,True
few-label,UCEC,STAD,single,warm,3,18,0.618944547515976,0.6498633617230476,0.030918814207071543,True
few-label,UCEC,STAD,single,warm,3,19,0.6320861678004535,0.6388473058537212,0.0067611380532677234,False
few-label,UCEC,STAD,single,warm,5,0,0.6245619459905174,0.6666210274842937,0.04205908149377635,True
few-label,UCEC,STAD,single,warm,5,1,0.6357967429396,0.6552944006923351,0.019497657752735154,True
few-label,UCEC,STAD,single,warm,5,2,0.6553287981859409,0.6508022630805854,0.0045265351053555,False
few-label,UCEC,STAD,single,warm,5,3,0.648886827458256,0.6792971749147013,0.03041034745644533,True
few-label,UCEC,STAD,single,warm,5,4,0.6532158317872603,0.6719426875457496,0.018726855758489314,True
few-label,UCEC,STAD,single,warm,5,5,0.5954442383013813,0.6234657337911725,0.02802149548979127,True
few-label,UCEC,STAD,single,warm,5,6,0.6368789940218512,0.6577135607896831,0.020834566767831908,True
few-label,UCEC,STAD,single,warm,5,7,0.6435271078128221,0.6645938421494015,0.021066734336579462,True
few-label,UCEC,STAD,single,warm,5,8,0.6649659863945577,0.6829723993035659,0.018006412909008174,True
few-label,UCEC,STAD,single,warm,5,9,0.6455885384456813,0.6675866276549327,0.021998089209251392,True
few-label,UCEC,STAD,single,warm,5,10,0.6395073180787466,0.656258900818114,0.016751582739367388,True
few-label,UCEC,STAD,single,warm,5,11,0.6253349824778397,0.6476926459575776,0.022357663479737888,True
few-label,UCEC,STAD,single,warm,5,12,0.5932282003710575,0.6245619546981785,0.031333754327121044,True
few-label,UCEC,STAD,single,warm,5,13,0.6320346320346321,0.6549139591700384,0.022879327135406302,True
few-label,UCEC,STAD,single,warm,5,14,0.6059575345289631,0.6295864919146769,0.0236289573857138,True
few-label,UCEC,STAD,single,warm,5,15,0.6331684188827047,0.6437287685099875,0.010560349627282806,True
few-label,UCEC,STAD,single,warm,5,16,0.6297670583384869,0.6336414852366411,0.003874426898154204,False
few-label,UCEC,STAD,single,warm,5,17,0.6537827252112967,0.6725555142924944,0.018772789081197727,True
few-label,UCEC,STAD,single,warm,5,18,0.6277571634714492,0.6574270336954184,0.029669870223969275,True
few-label,UCEC,STAD,single,warm,5,19,0.6409503195217481,0.6361222804222549,0.004828039099493142,False
few-label,UCEC,STAD,single,warm,10,0,0.661873840445269,0.6726019192408159,0.010728078795546936,True
few-label,UCEC,STAD,single,warm,10,1,0.679911358482787,0.7021958985869696,0.02228454010418257,True
few-label,UCEC,STAD,single,warm,10,2,0.6790867862296434,0.700306700153598,0.021219913923954614,True
few-label,UCEC,STAD,single,warm,10,3,0.6855802927231499,0.7014852424280917,0.01590494970494183,True
few-label,UCEC,STAD,single,warm,10,4,0.6691919191919191,0.6961672831027285,0.026975363910809347,True
few-label,UCEC,STAD,single,warm,10,5,0.694392908678623,0.716023294916162,0.02163038623753899,True
few-label,UCEC,STAD,single,warm,10,6,0.6745001030715315,0.686607500014565,0.012107396943033533,True
few-label,UCEC,STAD,single,warm,10,7,0.6653782725211296,0.6743485347464885,0.008970262225358905,False
few-label,UCEC,STAD,single,warm,10,8,0.6892908678622964,0.6989459568858359,0.00965508902353951,False
few-label,UCEC,STAD,single,warm,10,9,0.6892393320964749,0.7196251159865245,0.030385783890049534,True
few-label,UCEC,STAD,single,warm,10,10,0.715110286538858,0.7349646332781529,0.01985434673929487,True
few-label,UCEC,STAD,single,warm,10,11,0.6998041640898782,0.7224634687313126,0.022659304641434397,True
few-label,UCEC,STAD,single,warm,10,12,0.6667697381983096,0.6983567755766997,0.03158703737839008,True
few-label,UCEC,STAD,single,warm,10,13,0.6295609152752011,0.6567040146136518,0.027143099338450716,True
few-label,UCEC,STAD,single,warm,10,14,0.658317872603587,0.6846331713215249,0.02631529871793792,True
few-label,UCEC,STAD,single,warm,10,15,0.6753246753246753,0.6979179270561671,0.022593251731491737,True
few-label,UCEC,STAD,single,warm,10,16,0.6588847660276231,0.6830625321079413,0.024177766080318186,True
few-label,UCEC,STAD,single,warm,10,17,0.6893424036281178,0.7042417412496823,0.014899337621564479,True
few-label,UCEC,STAD,single,warm,10,18,0.685168006596578,0.7112137591852901,0.026045752588712112,True
few-label,UCEC,STAD,single,warm,10,19,0.6814574314574315,0.6921623295977324,0.010704898140300845,True
few-label,UCEC,STAD,single,warm,25,0,0.7688620902906619,0.786161079273662,0.017298988983000085,True
few-label,UCEC,STAD,single,warm,25,1,0.7553081838796125,0.7714737541182434,0.016165570238630855,True
few-label,UCEC,STAD,single,warm,25,2,0.7374768089053804,0.774569113572694,0.037092304667313614,True
few-label,UCEC,STAD,single,warm,25,3,0.7235621521335807,0.7599526797347679,0.03639052760118722,True
few-label,UCEC,STAD,single,warm,25,4,0.7554627911770768,0.7837514418663418,0.028288650689265005,True
few-label,UCEC,STAD,single,warm,25,5,0.7637600494743352,0.7816744099603333,0.01791436048599815,True
few-label,UCEC,STAD,single,warm,25,6,0.7648938363224077,0.7874766546396483,0.022582818317240627,True
few-label,UCEC,STAD,single,warm,25,7,0.7564935064935064,0.779613747382468,0.023120240888961585,True
few-label,UCEC,STAD,single,warm,25,8,0.7610286538857967,0.76492270861657,0.003894054730773311,False
few-label,UCEC,STAD,single,warm,25,9,0.7457225314368171,0.7657006686254462,0.019978137188629064,True
few-label,UCEC,STAD,single,warm,25,10,0.7858173572459287,0.8115208173508869,0.025703460104958165,True
few-label,UCEC,STAD,single,warm,25,11,0.7745310245310245,0.7788203132054905,0.004289288674465985,False
few-label,UCEC,STAD,single,warm,25,12,0.7817460317460317,0.7812009043047581,0.0005451274412736629,False
few-label,UCEC,STAD,single,warm,25,13,0.7413419913419913,0.7638797736927219,0.022537782350730562,True
few-label,UCEC,STAD,single,warm,25,14,0.7508245722531437,0.761376152933883,0.010551580680739359,True
few-label,UCEC,STAD,single,warm,25,15,0.7599464028035456,0.7531788081110824,0.006767594692463241,False
few-label,UCEC,STAD,single,warm,25,16,0.7443826015254587,0.755525104833924,0.011142503308465335,True
few-label,UCEC,STAD,single,warm,25,17,0.7609771181199753,0.7960907964985412,0.03511367837856594,True
few-label,UCEC,STAD,single,warm,25,18,0.7689136260564833,0.7872067626190842,0.018293136562600898,True
few-label,UCEC,STAD,single,warm,25,19,0.7557720057720058,0.7774415534032701,0.021669547631264385,True
few-label,UCEC,STAD,single,warm,40,0,0.7881364667078952,0.8102630637837194,0.022126597075824206,True
few-label,UCEC,STAD,single,warm,40,1,0.8045248402391261,0.8273298362986556,0.02280499605952957,True
few-label,UCEC,STAD,single,warm,40,2,0.8044733044733045,0.8168773744791465,0.012404070005842094,True
few-label,UCEC,STAD,single,warm,40,3,0.7993197278911564,0.8205620731815539,0.02124234529039759,True
few-label,UCEC,STAD,single,warm,40,4,0.8039064110492683,0.8372222945268613,0.033315883477592956,True
few-label,UCEC,STAD,single,warm,40,5,0.7984951556380129,0.8246179840311824,0.026122828393169484,True
few-label,UCEC,STAD,single,warm,40,6,0.7998350855493711,0.8138774373815817,0.014042351832210587,True
few-label,UCEC,STAD,single,warm,40,7,0.7987012987012987,0.8278105148085103,0.029109216107211622,True
few-label,UCEC,STAD,single,warm,40,8,0.7907647907647908,0.809018298132418,0.01825350736762721,True
few-label,UCEC,STAD,single,warm,40,9,0.7911255411255411,0.8196187285999075,0.028493187474366355,True
few-label,UCEC,STAD,single,warm,40,10,0.7855081426509998,0.8079309291468636,0.022422786495863822,True
few-label,UCEC,STAD,single,warm,40,11,0.805297876726448,0.8238835444576778,0.018585667731229716,True
few-label,UCEC,STAD,single,warm,40,12,0.7932385075242219,0.8114540833550767,0.01821557583085487,True
few-label,UCEC,STAD,single,warm,40,13,0.8032364460935889,0.8312486468889031,0.02801220079531419,True
few-label,UCEC,STAD,single,warm,40,14,0.8109668109668109,0.826669666268835,0.015702855302024088,True
few-label,UCEC,STAD,single,warm,40,15,0.7844774273345702,0.798202767800778,0.01372534046620788,True
few-label,UCEC,STAD,single,warm,40,16,0.7856627499484642,0.8069139292858548,0.021251179337390624,True
few-label,UCEC,STAD,single,warm,40,17,0.8024118738404452,0.8243323652964574,0.02192049145601216,True
few-label,UCEC,STAD,single,warm,40,18,0.7783962069676356,0.79525378245594,0.016857575488304466,True
few-label,UCEC,STAD,single,warm,40,19,0.7875180375180376,0.805298088814129,0.017780051296091393,True
few-label,UCEC,STAD,single,warm,all,,0.8062770562770563,0.8268909450585656,0.020613888781509382,True
few-label,COAD+UCEC,STAD,pooled,warm,0,,0.7340754483611627,0.7521823555119231,0.018106907150760465,True
few-label,COAD+UCEC,STAD,pooled,warm,3,0,0.7810245310245311,0.7770427305071894,0.003981800517341649,False
few-label,COAD+UCEC,STAD,pooled,warm,3,1,0.7732426303854875,0.780169776364352,0.006927145978864568,False
few-label,COAD+UCEC,STAD,pooled,warm,3,2,0.782415996701711,0.7828368225783564,0.00042082587664538096,False
few-label,COAD+UCEC,STAD,pooled,warm,3,3,0.7776231704803133,0.776281100032896,0.0013420704474172984,False
few-label,COAD+UCEC,STAD,pooled,warm,3,4,0.726602762317048,0.7529073192763752,0.026304556959327208,True
few-label,COAD+UCEC,STAD,pooled,warm,3,5,0.7791692434549576,0.793524584500611,0.014355341045653391,True
few-label,COAD+UCEC,STAD,pooled,warm,3,6,0.7728818800247372,0.7750203103861296,0.002138430361392385,False
few-label,COAD+UCEC,STAD,pooled,warm,3,7,0.7693774479488765,0.7728481103598711,0.003470662410994585,False
few-label,COAD+UCEC,STAD,pooled,warm,3,8,0.769635126777984,0.7958778293611557,0.02624270258317174,True
few-label,COAD+UCEC,STAD,pooled,warm,3,9,0.7477839620696763,0.7610879059385309,0.013303943868854584,True
few-label,COAD+UCEC,STAD,pooled,warm,3,10,0.783807462378891,0.7838538158071049,4.6353428213907755e-05,False
few-label,COAD+UCEC,STAD,pooled,warm,3,11,0.7741187384044527,0.7758630915689878,0.0017443531645351396,False
few-label,COAD+UCEC,STAD,pooled,warm,3,12,0.7685013399299114,0.786044632782424,0.01754329285251255,True
few-label,COAD+UCEC,STAD,pooled,warm,3,13,0.7851473922902494,0.7870697769937667,0.0019223847035172437,False
few-label,COAD+UCEC,STAD,pooled,warm,3,14,0.7646876932591218,0.7784055322464125,0.013717838987290731,True
few-label,COAD+UCEC,STAD,pooled,warm,3,15,0.7548958977530406,0.7593071523696986,0.0044112546166580335,False
few-label,COAD+UCEC,STAD,pooled,warm,3,16,0.7713358070500927,0.7764672329810485,0.005131425930955724,False
few-label,COAD+UCEC,STAD,pooled,warm,3,17,0.7697897340754484,0.7851417509691943,0.015352016893745879,True
few-label,COAD+UCEC,STAD,pooled,warm,3,18,0.7760255617398474,0.7864481903319229,0.010422628592075545,True
few-label,COAD+UCEC,STAD,pooled,warm,3,19,0.7883426097711813,0.7922288152089012,0.003886205437719892,False
few-label,COAD+UCEC,STAD,pooled,warm,5,0,0.755256648113791,0.77351548666536,0.018258838551568957,True
few-label,COAD+UCEC,STAD,pooled,warm,5,1,0.7729849515563801,0.7787099135798308,0.00572496202345063,False
few-label,COAD+UCEC,STAD,pooled,warm,5,2,0.7913832199546486,0.7781938848637572,0.013189335090891374,True
few-label,COAD+UCEC,STAD,pooled,warm,5,3,0.7740156668728096,0.7791387036277578,0.005123036754948185,False
few-label,COAD+UCEC,STAD,pooled,warm,5,4,0.7585034013605443,0.7791863377549442,0.020682936394399887,True
few-label,COAD+UCEC,STAD,pooled,warm,5,5,0.7686044114615542,0.7821637354417991,0.013559323980244842,True
few-label,COAD+UCEC,STAD,pooled,warm,5,6,0.7535559678416821,0.7715568561417537,0.018000888300071627,True
few-label,COAD+UCEC,STAD,pooled,warm,5,7,0.7777777777777778,0.7907508076012046,0.012973029823426852,True
few-label,COAD+UCEC,STAD,pooled,warm,5,8,0.7877757163471449,0.7931709674142239,0.005395251067078943,False
few-label,COAD+UCEC,STAD,pooled,warm,5,9,0.7769016697588125,0.7833149673047786,0.00641329754596609,False
few-label,COAD+UCEC,STAD,pooled,warm,5,10,0.7674706246134817,0.7792098329263466,0.011739208312864902,True
few-label,COAD+UCEC,STAD,pooled,warm,5,11,0.7878272521129663,0.8029951242224911,0.01516787210952475,True
few-label,COAD+UCEC,STAD,pooled,warm,5,12,0.7572150072150071,0.7726384600027382,0.015423452787731051,True
few-label,COAD+UCEC,STAD,pooled,warm,5,13,0.778344671201814,0.7932422045195497,0.01489753331773569,True
few-label,COAD+UCEC,STAD,pooled,warm,5,14,0.7571634714491856,0.7736255295144415,0.016462058065255913,True
few-label,COAD+UCEC,STAD,pooled,warm,5,15,0.7949391877963307,0.7979300885404117,0.0029909007440810376,False
few-label,COAD+UCEC,STAD,pooled,warm,5,16,0.7963306534735106,0.7946051926772981,0.0017254607962124968,False
few-label,COAD+UCEC,STAD,pooled,warm,5,17,0.7906617192331479,0.7944942021952937,0.003832482962145778,False
few-label,COAD+UCEC,STAD,pooled,warm,5,18,0.7760770975056689,0.7844332941197706,0.008356196614101696,False
few-label,COAD+UCEC,STAD,pooled,warm,5,19,0.776180169037312,0.7722468438374809,0.003933325199831139,False
few-label,COAD+UCEC,STAD,pooled,warm,10,0,0.7908678622964337,0.8092889273742034,0.01842106507776975,True
few-label,COAD+UCEC,STAD,pooled,warm,10,1,0.7922077922077921,0.8068035864245389,0.014595794216746727,True
few-label,COAD+UCEC,STAD,pooled,warm,10,2,0.7996289424860854,0.8096969717776787,0.010068029291593339,True
few-label,COAD+UCEC,STAD,pooled,warm,10,3,0.7985466914038343,0.8025224658706497,0.003975774466815407,False
few-label,COAD+UCEC,STAD,pooled,warm,10,4,0.7735518449804164,0.7860162411174532,0.01246439613703676,True
few-label,COAD+UCEC,STAD,pooled,warm,10,5,0.7945784374355803,0.7983519252488632,0.0037734878132829053,False
few-label,COAD+UCEC,STAD,pooled,warm,10,6,0.7883941455370027,0.7921454491954314,0.003751303658428684,False
few-label,COAD+UCEC,STAD,pooled,warm,10,7,0.7990105132962276,0.8103145233594962,0.011304010063268533,True
few-label,COAD+UCEC,STAD,pooled,warm,10,8,0.7942692228406515,0.7977517577960006,0.0034825349553491147,False
few-label,COAD+UCEC,STAD,pooled,warm,10,9,0.7869511440940011,0.8042639132201803,0.017312769126179184,True
few-label,COAD+UCEC,STAD,pooled,warm,10,10,0.8088538445681304,0.8100984317123778,0.0012445871442474665,False
few-label,COAD+UCEC,STAD,pooled,warm,10,11,0.7926200783343641,0.8038444973516736,0.011224419017309528,True
few-label,COAD+UCEC,STAD,pooled,warm,10,12,0.7766955266955268,0.7956421775535606,0.01894665085803382,True
few-label,COAD+UCEC,STAD,pooled,warm,10,13,0.7867450010307152,0.7962042665354988,0.009459265504783598,False
few-label,COAD+UCEC,STAD,pooled,warm,10,14,0.8019480519480519,0.8212007799173708,0.019252727969318983,True
few-label,COAD+UCEC,STAD,pooled,warm,10,15,0.7845804988662132,0.791875112293266,0.007294613427052843,False
few-label,COAD+UCEC,STAD,pooled,warm,10,16,0.7880849309420739,0.7956606814290892,0.007575750487015309,False
few-label,COAD+UCEC,STAD,pooled,warm,10,17,0.7788600288600288,0.7818886612853289,0.0030286324253000485,False
few-label,COAD+UCEC,STAD,pooled,warm,10,18,0.7918470418470418,0.79827490923427,0.0064278673872282255,False
few-label,COAD+UCEC,STAD,pooled,warm,10,19,0.801741908884766,0.8011780459603658,0.0005638629244002491,False
few-label,COAD+UCEC,STAD,pooled,warm,25,0,0.8249845392702535,0.8355436800387596,0.010559140768506059,True
few-label,COAD+UCEC,STAD,pooled,warm,25,1,0.8039064110492682,0.7979491759247817,0.005957235124486537,False
few-label,COAD+UCEC,STAD,pooled,warm,25,2,0.8149866007008865,0.8356514103748106,0.020664809673924145,True
few-label,COAD+UCEC,STAD,pooled,warm,25,3,0.8066893424036281,0.8156596618166381,0.008970319413009964,False
few-label,COAD+UCEC,STAD,pooled,warm,25,4,0.8064316635745206,0.8064552703345613,2.3606760040761898e-05,False
few-label,COAD+UCEC,STAD,pooled,warm,25,5,0.8212224283652856,0.8328429005895481,0.011620472224262546,True
few-label,COAD+UCEC,STAD,pooled,warm,25,6,0.8188002473716759,0.8252809054085744,0.006480658036898457,False
few-label,COAD+UCEC,STAD,pooled,warm,25,7,0.8140074211502782,0.8307599213668844,0.016752500216606125,True
few-label,COAD+UCEC,STAD,pooled,warm,25,8,0.8228715728715729,0.8330962425853933,0.010224669713820411,True
few-label,COAD+UCEC,STAD,pooled,warm,25,9,0.8285920428777572,0.8420408884294682,0.013448845551710997,True
few-label,COAD+UCEC,STAD,pooled,warm,25,10,0.817511853226139,0.8289485037387221,0.011436650512583135,True
few-label,COAD+UCEC,STAD,pooled,warm,25,11,0.8239022881880024,0.8249522359585431,0.0010499477705406823,False
few-label,COAD+UCEC,STAD,pooled,warm,25,12,0.822562358276644,0.8245648919440981,0.002002533667454065,False
few-label,COAD+UCEC,STAD,pooled,warm,25,13,0.8014326942898372,0.8146339630963364,0.013201268806499189,True
few-label,COAD+UCEC,STAD,pooled,warm,25,14,0.8086477015048443,0.8192538003240287,0.010606098819184395,True
few-label,COAD+UCEC,STAD,pooled,warm,25,15,0.8291074005359719,0.8266296465613994,0.0024777539745725052,False
few-label,COAD+UCEC,STAD,pooled,warm,25,16,0.8121005978148835,0.8177670140748523,0.005666416259968776,False
few-label,COAD+UCEC,STAD,pooled,warm,25,17,0.8156565656565656,0.8192239777164385,0.0035674120598728765,False
few-label,COAD+UCEC,STAD,pooled,warm,25,18,0.8140589569160998,0.8108812127240975,0.00317774419200223,False
few-label,COAD+UCEC,STAD,pooled,warm,25,19,0.8318387961245104,0.8501785996760542,0.018339803551543854,True
few-label,COAD+UCEC,STAD,pooled,warm,40,0,0.8319934034219748,0.845150542680128,0.013157139258153205,True
few-label,COAD+UCEC,STAD,pooled,warm,40,1,0.8317872603586889,0.8429224911564663,0.011135230797777451,True
few-label,COAD+UCEC,STAD,pooled,warm,40,2,0.8349309420737993,0.8422549545063373,0.007324012432537996,False
few-label,COAD+UCEC,STAD,pooled,warm,40,3,0.8260667903525046,0.830819720164401,0.004752929811896345,False
few-label,COAD+UCEC,STAD,pooled,warm,40,4,0.8264790764790764,0.8443413830894325,0.01786230661035615,True
few-label,COAD+UCEC,STAD,pooled,warm,40,5,0.8274067202638632,0.8371678874966865,0.009761167232823276,False
few-label,COAD+UCEC,STAD,pooled,warm,40,6,0.83426097711812,0.8380966766082946,0.0038356994901745933,False
few-label,COAD+UCEC,STAD,pooled,warm,40,7,0.8128736343022057,0.8248202760908429,0.011946641788637136,True
few-label,COAD+UCEC,STAD,pooled,warm,40,8,0.8216347144918573,0.8324960261708462,0.01086131167898885,True
few-label,COAD+UCEC,STAD,pooled,warm,40,9,0.8223046794475366,0.840312187438489,0.01800750799095241,True
few-label,COAD+UCEC,STAD,pooled,warm,40,10,0.8201401772830345,0.8327006902388113,0.01256051295577687,True
few-label,COAD+UCEC,STAD,pooled,warm,40,11,0.8378169449598021,0.8443110074683929,0.006494062508590859,False
few-label,COAD+UCEC,STAD,pooled,warm,40,12,0.8219439290867862,0.8254893563019683,0.0035454272151821398,False
few-label,COAD+UCEC,STAD,pooled,warm,40,13,0.8297258297258296,0.8446513829874778,0.014925553261648128,True
few-label,COAD+UCEC,STAD,pooled,warm,40,14,0.8298804370232941,0.8367946077749021,0.006914170751608051,False
few-label,COAD+UCEC,STAD,pooled,warm,40,15,0.8207586064728921,0.8236555925089479,0.0028969860360558153,False
few-label,COAD+UCEC,STAD,pooled,warm,40,16,0.8142650999793857,0.8234322281335166,0.009167128154130899,False
few-label,COAD+UCEC,STAD,pooled,warm,40,17,0.8254998969284684,0.8341486568945126,0.008648759966044195,False
few-label,COAD+UCEC,STAD,pooled,warm,40,18,0.8166357452071736,0.8258424794800474,0.009206734272873773,False
few-label,COAD+UCEC,STAD,pooled,warm,40,19,0.8139043496186352,0.825554722101541,0.01165037248290579,True
few-label,COAD+UCEC,STAD,pooled,warm,all,,0.8247783962069677,0.8330338153972052,0.008255419190237534,False
few-label,target-only,UCEC,target-only,cold,0,,0.5,0.5,0.0,False
few-label,COAD,UCEC,single,warm,0,,0.5878740769529731,0.5869757122698109,0.0008983646831621783,False
few-label,target-only,UCEC,target-only,cold,3,0,0.5348814613291877,0.5397248520542358,0.004843390725048136,False
few-label,COAD,UCEC,single,warm,3,0,0.5944617178390983,0.5992097303331257,0.004748012494027454,False
few-label,target-only,UCEC,target-only,cold,3,1,0.4957831325301205,0.5072784714994875,0.011495338969366942,True
few-label,COAD,UCEC,single,warm,3,1,0.578682471822775,0.6019998067264462,0.02331733490367116,True
few-label,target-only,UCEC,target-only,cold,3,2,0.5863777691410804,0.5980099145352241,0.0116321453941437,True
few-label,COAD,UCEC,single,warm,3,2,0.6255343956471044,0.6337475025101044,0.00821310686299992,False
few-label,target-only,UCEC,target-only,cold,3,3,0.5028371550719005,0.5258603614054365,0.02302320633353594,True
few-label,COAD,UCEC,single,warm,3,3,0.6033618344345122,0.6089633617604312,0.005601527325919009,False
few-label,target-only,UCEC,target-only,cold,3,4,0.5400505246793625,0.5329650168915177,0.007085507787844891,False
few-label,COAD,UCEC,single,warm,3,4,0.6219393703847649,0.6390915415863002,0.017152171201535338,True
few-label,target-only,UCEC,target-only,cold,3,5,0.5953361834434512,0.6015341504316445,0.006197966988193304,False
few-label,COAD,UCEC,single,warm,3,5,0.6199378157792459,0.6238015283196514,0.0038637125404055173,False
few-label,target-only,UCEC,target-only,cold,3,6,0.560376991838321,0.5821773418345957,0.02180034999627467,True
few-label,COAD,UCEC,single,warm,3,6,0.6107656432180335,0.6135243324157905,0.002758689197757014,False
few-label,target-only,UCEC,target-only,cold,3,7,0.5986008550330354,0.6084977618482317,0.009896906815196282,False
few-label,COAD,UCEC,single,warm,3,7,0.639467547609794,0.6519576283077994,0.01249008069800539,True
few-label,target-only,UCEC,target-only,cold,3,8,0.5689273221919937,0.5704896782322155,0.0015623560402218128,False
few-label,COAD,UCEC,single,warm,3,8,0.6022736105713176,0.606796201668178,0.004522591096860484,False
few-label,target-only,UCEC,target-only,cold,3,9,0.5677030703458996,0.5715627743634768,0.0038597040175771813,False
few-label,COAD,UCEC,single,warm,3,9,0.6191410804508356,0.6258297726286509,0.006688692177815314,False
few-label,target-only,UCEC,target-only,cold,3,10,0.5576564321803342,0.5875462930380281,0.02988986085769385,True
few-label,COAD,UCEC,single,warm,3,10,0.6074621064904779,0.6307441293123871,0.023282022821909165,True
few-label,target-only,UCEC,target-only,cold,3,11,0.5923047026816944,0.6068509211612093,0.014546218479514872,True
few-label,COAD,UCEC,single,warm,3,11,0.6457831325301205,0.6425034444718795,0.0032796880582410814,False
few-label,target-only,UCEC,target-only,cold,3,12,0.5655266226195103,0.562124248426737,0.0034023741927732276,False
few-label,COAD,UCEC,single,warm,3,12,0.6295763699961134,0.6340692770659317,0.004492907069818308,False
few-label,target-only,UCEC,target-only,cold,3,13,0.5739603575592693,0.5823015606256539,0.008341203066384528,False
few-label,COAD,UCEC,single,warm,3,13,0.6149825106879129,0.6183262694260317,0.003343758738118874,False
few-label,target-only,UCEC,target-only,cold,3,14,0.5479595802565099,0.5479352063584679,2.4373898041996078e-05,False
few-label,COAD,UCEC,single,warm,3,14,0.6124368441507967,0.6167816203354032,0.004344776184606491,False
few-label,target-only,UCEC,target-only,cold,3,15,0.5044694908666925,0.5294237019812994,0.02495421111460694,True
few-label,COAD,UCEC,single,warm,3,15,0.6201904391760591,0.6283983388696953,0.008207899693636223,False
few-label,target-only,UCEC,target-only,cold,3,16,0.5839875631558492,0.5823939642568923,0.0015935988989569383,False
few-label,COAD,UCEC,single,warm,3,16,0.6294014768752428,0.636081852390358,0.006680375515115133,False
few-label,target-only,UCEC,target-only,cold,3,17,0.4886319471434123,0.4902521407313686,0.0016201935879562868,False
few-label,COAD,UCEC,single,warm,3,17,0.5641274776525457,0.5935339789739256,0.029406501321379896,True
few-label,target-only,UCEC,target-only,cold,3,18,0.6443839875631558,0.6506933560554401,0.006309368492284251,False
few-label,COAD,UCEC,single,warm,3,18,0.6408278274387873,0.6398395824587887,0.0009882449799986093,False
few-label,target-only,UCEC,target-only,cold,3,19,0.5722697240575204,0.5668379412854678,0.005431782772052585,False
few-label,COAD,UCEC,single,warm,3,19,0.6207734162456277,0.6195264714652373,0.0012469447803903355,False
few-label,target-only,UCEC,target-only,cold,5,0,0.5218422075398368,0.5140913824590333,0.007750825080803492,False
few-label,COAD,UCEC,single,warm,5,0,0.5860085503303536,0.6011113591399535,0.01510280880959991,True
few-label,target-only,UCEC,target-only,cold,5,1,0.6130586863583365,0.6164773080585499,0.0034186217002134534,False
few-label,COAD,UCEC,single,warm,5,1,0.6424990283715507,0.646640867107304,0.004141838735753245,False
few-label,target-only,UCEC,target-only,cold,5,2,0.6062572872133696,0.6041606826295453,0.002096604583824324,False
few-label,COAD,UCEC,single,warm,5,2,0.6581033812670034,0.6590066790803409,0.0009032978133375336,False
few-label,target-only,UCEC,target-only,cold,5,3,0.5470656820831714,0.5487729174117908,0.001707235328619383,False
few-label,COAD,UCEC,single,warm,5,3,0.6366498251068791,0.6430920586079376,0.006442233501058547,False
few-label,target-only,UCEC,target-only,cold,5,4,0.5528565876408862,0.5519838949553838,0.0008726926855023853,False
few-label,COAD,UCEC,single,warm,5,4,0.6010687912942091,0.61373923095026,0.012670439656050858,True
few-label,target-only,UCEC,target-only,cold,5,5,0.5545666537116206,0.5650964199291907,0.010529766217570069,True
few-label,COAD,UCEC,single,warm,5,5,0.6126117372716672,0.610842001400757,0.0017697358709102273,False
few-label,target-only,UCEC,target-only,cold,5,6,0.5735328410415858,0.5722268390699751,0.0013060019716106819,False
few-label,COAD,UCEC,single,warm,5,6,0.622852701127089,0.6244298877944165,0.0015771866673275348,False
few-label,target-only,UCEC,target-only,cold,5,7,0.6142440730664593,0.6219538148506958,0.007709741784236446,False
few-label,COAD,UCEC,single,warm,5,7,0.650719005052468,0.657129741266272,0.006410736213803947,False
few-label,target-only,UCEC,target-only,cold,5,8,0.5096774193548387,0.5069766678798346,0.0027007514750040373,False
few-label,COAD,UCEC,single,warm,5,8,0.5695880295375049,0.5774288513811613,0.00784082184365642,False
few-label,target-only,UCEC,target-only,cold,5,9,0.5774970851146521,0.5917693157949092,0.01427223068025707,True
few-label,COAD,UCEC,single,warm,5,9,0.6332491255343956,0.6493788241329377,0.016129698598542075,True
few-label,target-only,UCEC,target-only,cold,5,10,0.5524096385542169,0.5548574236616152,0.0024477851073982926,False
few-label,COAD,UCEC,single,warm,5,10,0.626583754372328,0.626587450557509,3.696185180923628e-06,False
few-label,target-only,UCEC,target-only,cold,5,11,0.600505246793626,0.6349746148868942,0.03446936809326817,True
few-label,COAD,UCEC,single,warm,5,11,0.6274582199766809,0.6382827946443943,0.01082457466771336,True
few-label,target-only,UCEC,target-only,cold,5,12,0.5817916828604742,0.5853731001984536,0.0035814173379793424,False
few-label,COAD,UCEC,single,warm,5,12,0.6247570928876798,0.639379826378063,0.014622733490383233,True
few-label,target-only,UCEC,target-only,cold,5,13,0.5715507190050524,0.5987218506922724,0.027171131687219963,True
few-label,COAD,UCEC,single,warm,5,13,0.632666148464827,0.6269072142339679,0.0057589342308591585,False
few-label,target-only,UCEC,target-only,cold,5,14,0.5261562378546444,0.5198249972488567,0.0063312406057877135,False
few-label,COAD,UCEC,single,warm,5,14,0.6067042363000389,0.6083472279997324,0.0016429916996935079,False
few-label,target-only,UCEC,target-only,cold,5,15,0.5925767586474933,0.6073651799691164,0.014788421321623169,True
few-label,COAD,UCEC,single,warm,5,15,0.6302176447726389,0.637143421815302,0.006925777042663173,False
few-label,target-only,UCEC,target-only,cold,5,16,0.6302953750485815,0.6260984746095135,0.004196900439067952,False
few-label,COAD,UCEC,single,warm,5,16,0.660376991838321,0.6607843038414698,0.00040731200314880756,False
few-label,target-only,UCEC,target-only,cold,5,17,0.6120287602020986,0.6339779297961952,0.02194916959409654,True
few-label,COAD,UCEC,single,warm,5,17,0.649494753206374,0.6584558912540203,0.008961138047646311,False
few-label,target-only,UCEC,target-only,cold,5,18,0.593101438010105,0.5881503766488894,0.004951061361215592,False
few-label,COAD,UCEC,single,warm,5,18,0.6079090555771473,0.618334981234341,0.010425925657193802,True
few-label,target-only,UCEC,target-only,cold,5,19,0.6044111931597357,0.6297274458450702,0.02531625268533455,True
few-label,COAD,UCEC,single,warm,5,19,0.6186746987951807,0.6254837620180405,0.00680906322285979,False
few-label,target-only,UCEC,target-only,cold,10,0,0.5957831325301205,0.5951030356698895,0.0006800968602309609,False
few-label,COAD,UCEC,single,warm,10,0,0.6405752040419743,0.6406674686320512,9.22645900768293e-05,False
few-label,target-only,UCEC,target-only,cold,10,1,0.6193159735717061,0.6347135067005795,0.015397533128873375,True
few-label,COAD,UCEC,single,warm,10,1,0.6885736494364556,0.6918766104127205,0.0033029609762649237,False
few-label,target-only,UCEC,target-only,cold,10,2,0.6328799067236688,0.6343154829891532,0.0014355762654844062,False
few-label,COAD,UCEC,single,warm,10,2,0.6292071511853867,0.6436638261958038,0.01445667501041703,True
few-label,target-only,UCEC,target-only,cold,10,3,0.5903031480761756,0.589265920251661,0.0010372278245145417,False
few-label,COAD,UCEC,single,warm,10,3,0.6568791294209094,0.6614462673472203,0.004567137926310916,False
few-label,target-only,UCEC,target-only,cold,10,4,0.6538476486591527,0.6601262375339567,0.006278588874804036,False
few-label,COAD,UCEC,single,warm,10,4,0.6582199766809171,0.6650602989406121,0.0068403222596949975,False
few-label,target-only,UCEC,target-only,cold,10,5,0.6266420520792849,0.6251098786065371,0.001532173472747811,False
few-label,COAD,UCEC,single,warm,10,5,0.6564127477652546,0.6612857394981575,0.004872991732902898,False
few-label,target-only,UCEC,target-only,cold,10,6,0.6218033424018655,0.6321676526277318,0.010364310225866258,True
few-label,COAD,UCEC,single,warm,10,6,0.6435289545277886,0.6506226084220242,0.007093653894235663,False
few-label,target-only,UCEC,target-only,cold,10,7,0.6341624562767197,0.6424828924809056,0.008320436204185877,False
few-label,COAD,UCEC,single,warm,10,7,0.671628449280995,0.6836249882483914,0.011996538967396386,True
few-label,target-only,UCEC,target-only,cold,10,8,0.6003886513797124,0.6139985241082505,0.013609872728538086,True
few-label,COAD,UCEC,single,warm,10,8,0.6507384376214537,0.6583074655960732,0.007569027974619558,False
few-label,target-only,UCEC,target-only,cold,10,9,0.5910221531286436,0.5865336308925854,0.004488522236058223,False
few-label,COAD,UCEC,single,warm,10,9,0.6660513019821219,0.6698914738933206,0.0038401719111986754,False
few-label,target-only,UCEC,target-only,cold,10,10,0.647901282549553,0.6522472811080482,0.004345998558495157,False
few-label,COAD,UCEC,single,warm,10,10,0.6746016323357947,0.6797003844075723,0.005098752071777568,False
few-label,target-only,UCEC,target-only,cold,10,11,0.6489506412747765,0.6500680708659577,0.0011174295911812182,False
few-label,COAD,UCEC,single,warm,10,11,0.6564516129032258,0.6664375582693034,0.009985945366077553,False
few-label,target-only,UCEC,target-only,cold,10,12,0.625359502526234,0.628592007866326,0.0032325053400920067,False
few-label,COAD,UCEC,single,warm,10,12,0.6449669646327245,0.6596995189551046,0.014732554322380076,True
few-label,target-only,UCEC,target-only,cold,10,13,0.5614069179945589,0.5959933543396615,0.03458643634510261,True
few-label,COAD,UCEC,single,warm,10,13,0.6199766809172172,0.6311191258502497,0.011142444933032403,True
few-label,target-only,UCEC,target-only,cold,10,14,0.585736494364555,0.5895388098352928,0.003802315470737838,False
few-label,COAD,UCEC,single,warm,10,14,0.6430625728721336,0.6461071640832131,0.0030445912110794726,False
few-label,target-only,UCEC,target-only,cold,10,15,0.562883793237466,0.5767023459869763,0.013818552749510382,True
few-label,COAD,UCEC,single,warm,10,15,0.6273221919937815,0.6357200868970305,0.008397894903249048,False
few-label,target-only,UCEC,target-only,cold,10,16,0.6520598523124757,0.653969016321106,0.001909164008630393,False
few-label,COAD,UCEC,single,warm,10,16,0.6722891566265061,0.6662174243712988,0.006071732255207296,False
few-label,target-only,UCEC,target-only,cold,10,17,0.6370967741935484,0.6372509764483781,0.00015420225482976058,False
few-label,COAD,UCEC,single,warm,10,17,0.6639720171006608,0.6770537915254999,0.013081774424839154,True
few-label,target-only,UCEC,target-only,cold,10,18,0.643354061406918,0.6399745225177206,0.0033795388891973976,False
few-label,COAD,UCEC,single,warm,10,18,0.6404780411970462,0.6503524595516398,0.009874418354593573,False
few-label,target-only,UCEC,target-only,cold,10,19,0.6049164399533618,0.6110568345696332,0.006140394616271472,False
few-label,COAD,UCEC,single,warm,10,19,0.6502720559657987,0.6525668096431166,0.0022947536773179067,False
few-label,target-only,UCEC,target-only,cold,25,0,0.632258064516129,0.6490997101830486,0.01684164566691959,True
few-label,COAD,UCEC,single,warm,25,0,0.6783521181500194,0.6880796933981254,0.009727575248105969,False
few-label,target-only,UCEC,target-only,cold,25,1,0.681441896618733,0.6903954648696142,0.008953568250881228,False
few-label,COAD,UCEC,single,warm,25,1,0.7201321414691021,0.7201263544766616,5.786992440470762e-06,False
few-label,target-only,UCEC,target-only,cold,25,2,0.7126700349786242,0.7327832807743725,0.020113245795748247,True
few-label,COAD,UCEC,single,warm,25,2,0.7277497085114653,0.7388535735298813,0.011103865018416093,True
few-label,target-only,UCEC,target-only,cold,25,3,0.6768169452001555,0.6965403400946149,0.0197233948944594,True
few-label,COAD,UCEC,single,warm,25,3,0.6941119315973571,0.7119227522143154,0.017810820616958378,True
few-label,target-only,UCEC,target-only,cold,25,4,0.6810921103769919,0.6816004887544314,0.0005083783774394446,False
few-label,COAD,UCEC,single,warm,25,4,0.7105713175281771,0.7112033241882665,0.0006320066600893348,False
few-label,target-only,UCEC,target-only,cold,25,5,0.6853672755538283,0.6849954701425479,0.00037180541128034594,False
few-label,COAD,UCEC,single,warm,25,5,0.7021181500194326,0.7106563381056661,0.008538188086233522,False
few-label,target-only,UCEC,target-only,cold,25,6,0.6723280217644773,0.6902619981850099,0.017933976420532627,True
few-label,COAD,UCEC,single,warm,25,6,0.6894869801787796,0.7051952575389082,0.015708277360128586,True
few-label,target-only,UCEC,target-only,cold,25,7,0.6749902837155072,0.690067683505193,0.015077399789685808,True
few-label,COAD,UCEC,single,warm,25,7,0.6967936261173727,0.7119985705413031,0.015204944423930389,True
few-label,target-only,UCEC,target-only,cold,25,8,0.6577341624562767,0.6825086482720788,0.024774485815802105,True
few-label,COAD,UCEC,single,warm,25,8,0.6598717450446949,0.6900143696454548,0.030142624600759893,True
few-label,target-only,UCEC,target-only,cold,25,9,0.6823357947920715,0.6820975144178915,0.00023828037418005543,False
few-label,COAD,UCEC,single,warm,25,9,0.6751263116984065,0.6806661357364107,0.005539824038004126,False
few-label,target-only,UCEC,target-only,cold,25,10,0.6766809172172562,0.6787314452364328,0.0020505280191766007,False
few-label,COAD,UCEC,single,warm,25,10,0.6873882627283326,0.6908010817475979,0.0034128190192652674,False
few-label,target-only,UCEC,target-only,cold,25,11,0.6683054799844539,0.6775695626977377,0.009264082713283828,False
few-label,COAD,UCEC,single,warm,25,11,0.7010493587252234,0.7072512370916332,0.00620187836640973,False
few-label,target-only,UCEC,target-only,cold,25,12,0.6382627283326855,0.6384270263650619,0.00016429803237638652,False
few-label,COAD,UCEC,single,warm,25,12,0.6945394481150409,0.689880822687315,0.004658625427725882,False
few-label,target-only,UCEC,target-only,cold,25,13,0.6687524290711231,0.6689111899419073,0.00015876087078425805,False
few-label,COAD,UCEC,single,warm,25,13,0.7103186941313642,0.7210379496470214,0.010719255515657222,True
few-label,target-only,UCEC,target-only,cold,25,14,0.6579479207151185,0.6587166048713347,0.0007686841562161151,False
few-label,COAD,UCEC,single,warm,25,14,0.699747376603187,0.7012164904678945,0.0014691138647074942,False
few-label,target-only,UCEC,target-only,cold,25,15,0.6387096774193548,0.6443184238947689,0.005608746475414095,False
few-label,COAD,UCEC,single,warm,25,15,0.6646521570151575,0.6672333924212084,0.00258123540605093,False
few-label,target-only,UCEC,target-only,cold,25,16,0.6922658375437232,0.7066746633579116,0.014408825814188453,True
few-label,COAD,UCEC,single,warm,25,16,0.6874465604352896,0.7017371057657454,0.014290545330455817,True
few-label,target-only,UCEC,target-only,cold,25,17,0.6833074232413524,0.6919197266665364,0.008612303425184042,False
few-label,COAD,UCEC,single,warm,25,17,0.7090555771472988,0.7150424840314642,0.005986906884165366,False
few-label,target-only,UCEC,target-only,cold,25,18,0.6725806451612903,0.6773579712964117,0.004777326135121385,False
few-label,COAD,UCEC,single,warm,25,18,0.6796346677030705,0.6919241134241247,0.012289445721054282,True
few-label,target-only,UCEC,target-only,cold,25,19,0.6542751651768364,0.6668890039093975,0.012613838732561167,True
few-label,COAD,UCEC,single,warm,25,19,0.7006218422075398,0.7123421492460427,0.011720307038502908,True
few-label,target-only,UCEC,target-only,cold,40,0,0.7206956859696851,0.7364714070253563,0.015775721055671155,True
few-label,COAD,UCEC,single,warm,40,0,0.7217450446949085,0.7275446158672143,0.005799571172305784,False
few-label,target-only,UCEC,target-only,cold,40,1,0.6579673532841042,0.6730835648760666,0.015116211591962414,True
few-label,COAD,UCEC,single,warm,40,1,0.6864166342790518,0.6928753049083761,0.00645867062932437,False
few-label,target-only,UCEC,target-only,cold,40,2,0.7046055188495919,0.7114672090470961,0.0068616901975042666,False
few-label,COAD,UCEC,single,warm,40,2,0.7225223474543334,0.7238636050733398,0.0013412576190063863,False
few-label,target-only,UCEC,target-only,cold,40,3,0.7213952584531675,0.7232804563636774,0.0018851979105098948,False
few-label,COAD,UCEC,single,warm,40,3,0.7210260396424406,0.7245782444553486,0.0035522048129079664,False
few-label,target-only,UCEC,target-only,cold,40,4,0.7273027594247959,0.7300709422557838,0.0027681828309878975,False
few-label,COAD,UCEC,single,warm,40,4,0.7087835211815002,0.714255716475052,0.005472195293551807,False
few-label,target-only,UCEC,target-only,cold,40,5,0.7032063738826272,0.7081461234074877,0.004939749524860537,False
few-label,COAD,UCEC,single,warm,40,5,0.7126117372716673,0.7146881628983102,0.002076425626642897,False
few-label,target-only,UCEC,target-only,cold,40,6,0.6332491255343956,0.6480956078995799,0.014846482365184266,True
few-label,COAD,UCEC,single,warm,40,6,0.6739214924212982,0.6763753233712892,0.002453830949991076,False
few-label,target-only,UCEC,target-only,cold,40,7,0.7013991449669646,0.7009295127695646,0.00046963219740003836,False
few-label,COAD,UCEC,single,warm,40,7,0.7118344345122426,0.7151492620590401,0.003314827546797461,False
few-label,target-only,UCEC,target-only,cold,40,8,0.6688690244850368,0.6700202010809471,0.0011511765959102416,False
few-label,COAD,UCEC,single,warm,40,8,0.7046443839875631,0.7035693907703914,0.0010749932171717491,False
few-label,target-only,UCEC,target-only,cold,40,9,0.6939370384764865,0.6988041941109324,0.004867155634445952,False
few-label,COAD,UCEC,single,warm,40,9,0.6884181888845704,0.6950511255594737,0.006632936674903278,False
few-label,target-only,UCEC,target-only,cold,40,10,0.6639720171006607,0.6729584584344507,0.008986441333790007,False
few-label,COAD,UCEC,single,warm,40,10,0.674076952973183,0.6838170109822498,0.009740058009066743,False
few-label,target-only,UCEC,target-only,cold,40,11,0.6925573260785076,0.6976103307322086,0.005053004653700954,False
few-label,COAD,UCEC,single,warm,40,11,0.6829187718616401,0.6871678776939744,0.004249105832334288,False
few-label,target-only,UCEC,target-only,cold,40,12,0.699591916051302,0.7108529979740925,0.011261081922790517,True
few-label,COAD,UCEC,single,warm,40,12,0.707559269335406,0.7162466656994525,0.008687396364046474,False
few-label,target-only,UCEC,target-only,cold,40,13,0.6958219976680917,0.6997376984137905,0.0039157007456988024,False
few-label,COAD,UCEC,single,warm,40,13,0.6934706568208318,0.7027746575672955,0.009304000746463759,False
few-label,target-only,UCEC,target-only,cold,40,14,0.7020015546055188,0.7238520666536395,0.021850512048120718,True
few-label,COAD,UCEC,single,warm,40,14,0.7002137582588418,0.7327467364657619,0.03253297820692014,True
few-label,target-only,UCEC,target-only,cold,40,15,0.7189661873299649,0.7219262167272749,0.0029600293973099934,False
few-label,COAD,UCEC,single,warm,40,15,0.7058686358336572,0.7145181469357811,0.008649511102123864,False
few-label,target-only,UCEC,target-only,cold,40,16,0.7019043917605907,0.7083408937078786,0.006436501947287843,False
few-label,COAD,UCEC,single,warm,40,16,0.7038670812281382,0.7005239998376181,0.0033430813905200862,False
few-label,target-only,UCEC,target-only,cold,40,17,0.6870579090555772,0.7119077911931784,0.024849882137601198,True
few-label,COAD,UCEC,single,warm,40,17,0.673105324523902,0.695326718695713,0.022221394171811015,True
few-label,target-only,UCEC,target-only,cold,40,18,0.6504858142246405,0.6789291468041544,0.028443332579513925,True
few-label,COAD,UCEC,single,warm,40,18,0.6643801010493586,0.6823264413533782,0.017946340304019537,True
few-label,target-only,UCEC,target-only,cold,40,19,0.6991449669646328,0.6943395302100004,0.004805436754632408,False
few-label,COAD,UCEC,single,warm,40,19,0.6996113486202875,0.7005979909314277,0.0009866423111402067,False
few-label,target-only,UCEC,target-only,cold,all,,0.7548970073843763,0.7578094816741088,0.002912474289732514,False
few-label,COAD,UCEC,single,warm,all,,0.7381072677808005,0.7405766057885279,0.0024693380077274174,False
few-label,STAD,UCEC,single,warm,0,,0.5896230081616789,0.5814158804556461,0.008207127706032824,False
few-label,STAD,UCEC,single,warm,3,0,0.6095219588029537,0.6096312437465825,0.00010928494362882901,False
few-label,STAD,UCEC,single,warm,3,1,0.5945977458219978,0.5997949959432922,0.005197250121294461,False
few-label,STAD,UCEC,single,warm,3,2,0.6168091721725613,0.6226090777824567,0.005799905609895406,False
few-label,STAD,UCEC,single,warm,3,3,0.5752817722502914,0.5810146777210861,0.005732905470794636,False
few-label,STAD,UCEC,single,warm,3,4,0.5890983287990672,0.5931312295813068,0.004032900782239612,False
few-label,STAD,UCEC,single,warm,3,5,0.5967741935483871,0.5954434402388975,0.0013307533094896185,False
few-label,STAD,UCEC,single,warm,3,6,0.6141857753595026,0.6173786966946044,0.0031929213351018504,False
few-label,STAD,UCEC,single,warm,3,7,0.6300816167897396,0.6411004707447632,0.011018853955023555,True
few-label,STAD,UCEC,single,warm,3,8,0.5772638942868247,0.5788015694120565,0.001537675125231841,False
few-label,STAD,UCEC,single,warm,3,9,0.5957054022541781,0.5937205564862916,0.0019848457678864895,False
few-label,STAD,UCEC,single,warm,3,10,0.5883793237465993,0.5968987095259196,0.008519385779320321,False
few-label,STAD,UCEC,single,warm,3,11,0.6466770307034589,0.6442220095082747,0.0024550211951842593,False
few-label,STAD,UCEC,single,warm,3,12,0.6157792460163233,0.6175894065614518,0.001810160545128503,False
few-label,STAD,UCEC,single,warm,3,13,0.5760396424407307,0.5785070007587869,0.002467358318056223,False
few-label,STAD,UCEC,single,warm,3,14,0.6105324523902061,0.6027716829413342,0.00776076944887194,False
few-label,STAD,UCEC,single,warm,3,15,0.6194325689856198,0.6274108540818034,0.00797828509618359,False
few-label,STAD,UCEC,single,warm,3,16,0.6078118927322192,0.605369238549925,0.0024426541822942793,False
few-label,STAD,UCEC,single,warm,3,17,0.5684220753983678,0.575606715927532,0.007184640529164232,False
few-label,STAD,UCEC,single,warm,3,18,0.6359891177613681,0.6386884319184091,0.002699314157040944,False
few-label,STAD,UCEC,single,warm,3,19,0.5993975903614458,0.6084409400622957,0.009043349700849856,False
few-label,STAD,UCEC,single,warm,5,0,0.5991061018266615,0.6016811794665932,0.0025750776399317,False
few-label,STAD,UCEC,single,warm,5,1,0.62413525068014,0.6277674167032647,0.003632166023124772,False
few-label,STAD,UCEC,single,warm,5,2,0.6230858919549165,0.6301744236349228,0.007088531680006338,False
few-label,STAD,UCEC,single,warm,5,3,0.6066653711620675,0.6024220417553007,0.00424332940676686,False
few-label,STAD,UCEC,single,warm,5,4,0.5994170229304314,0.5980946121254848,0.001322410804946661,False
few-label,STAD,UCEC,single,warm,5,5,0.5849980567431015,0.5873845601029912,0.002386503359889769,False
few-label,STAD,UCEC,single,warm,5,6,0.5889623008161678,0.602227423401245,0.013265122585077171,True
few-label,STAD,UCEC,single,warm,5,7,0.6191799455888068,0.622655685361685,0.0034757397728781836,False
few-label,STAD,UCEC,single,warm,5,8,0.561348620287602,0.5631843721908358,0.0018357519032338177,False
few-label,STAD,UCEC,single,warm,5,9,0.6010882238631947,0.6073461535848763,0.006257929721681599,False
few-label,STAD,UCEC,single,warm,5,10,0.598561989895064,0.6061760613024199,0.007614071407355816,False
few-label,STAD,UCEC,single,warm,5,11,0.6009910610182666,0.605079475632952,0.004088414614685343,False
few-label,STAD,UCEC,single,warm,5,12,0.5906723668869024,0.5977885385544288,0.0071161716675264275,False
few-label,STAD,UCEC,single,warm,5,13,0.6329965021375825,0.6341690120464037,0.0011725099088212287,False
few-label,STAD,UCEC,single,warm,5,14,0.583482316362223,0.5890649913601649,0.00558267499794185,False
few-label,STAD,UCEC,single,warm,5,15,0.6163427905169063,0.6235891276027247,0.007246337085818344,False
few-label,STAD,UCEC,single,warm,5,16,0.6487368830159346,0.6443972635647313,0.004339619451203314,False
few-label,STAD,UCEC,single,warm,5,17,0.6228138359891177,0.6289998352972719,0.006185999308154222,False
few-label,STAD,UCEC,single,warm,5,18,0.5926544889234356,0.5945366839791018,0.0018821950556661138,False
few-label,STAD,UCEC,single,warm,5,19,0.6124174115818111,0.6244354960749408,0.012018084493129688,True
few-label,STAD,UCEC,single,warm,10,0,0.6342207539836766,0.6348559450722381,0.0006351910885614709,False
few-label,STAD,UCEC,single,warm,10,1,0.6446949086669257,0.649695073685208,0.0050001650182822655,False
few-label,STAD,UCEC,single,warm,10,2,0.625709288767975,0.6335476827039866,0.0078383939360116,False
few-label,STAD,UCEC,single,warm,10,3,0.6342596191216479,0.6457818680038336,0.011522248882185782,True
few-label,STAD,UCEC,single,warm,10,4,0.6445588806840264,0.6482614184298776,0.0037025377458511644,False
few-label,STAD,UCEC,single,warm,10,5,0.6380295375048581,0.6396769081936803,0.0016473706888221473,False
few-label,STAD,UCEC,single,warm,10,6,0.6281772250291487,0.6377843225282752,0.009607097499126471,False
few-label,STAD,UCEC,single,warm,10,7,0.6382821609016712,0.6465359523813893,0.008253791479718053,False
few-label,STAD,UCEC,single,warm,10,8,0.6101826661484648,0.6154108127054375,0.005228146556972679,False
few-label,STAD,UCEC,single,warm,10,9,0.626991838321026,0.6283816258922977,0.0013897875712717278,False
few-label,STAD,UCEC,single,warm,10,10,0.6554799844539448,0.6612217416130975,0.005741757159152705,False
few-label,STAD,UCEC,single,warm,10,11,0.6593859308200544,0.6534796758930337,0.005906254927020682,False
few-label,STAD,UCEC,single,warm,10,12,0.6404586086280606,0.6474946529907212,0.007036044362660587,False
few-label,STAD,UCEC,single,warm,10,13,0.5940147687524291,0.6098510246867661,0.015836255934337018,True
few-label,STAD,UCEC,single,warm,10,14,0.6002720559657987,0.6023211250064056,0.0020490690406068657,False
few-label,STAD,UCEC,single,warm,10,15,0.5925961912164789,0.605079050073998,0.012482858857519097,True
few-label,STAD,UCEC,single,warm,10,16,0.6426156237854646,0.6420274671301169,0.0005881566553476159,False
few-label,STAD,UCEC,single,warm,10,17,0.6229887291099884,0.6384293869257804,0.01544065781579207,True
few-label,STAD,UCEC,single,warm,10,18,0.628118927322192,0.6343975518668611,0.006278624544669098,False
few-label,STAD,UCEC,single,warm,10,19,0.6060435289545278,0.6073054718854118,0.001261942930883997,False
few-label,STAD,UCEC,single,warm,25,0,0.6728527011270891,0.679584205584478,0.006731504457388904,False
few-label,STAD,UCEC,single,warm,25,1,0.7070928876797512,0.7110191598785836,0.003926272198832348,False
few-label,STAD,UCEC,single,warm,25,2,0.707617567042363,0.7146737444880478,0.007056177445684764,False
few-label,STAD,UCEC,single,warm,25,3,0.6910415856976292,0.6967632323442017,0.005721646646572487,False
few-label,STAD,UCEC,single,warm,25,4,0.6972794403420132,0.6972161892564698,6.32510855433921e-05,False
few-label,STAD,UCEC,single,warm,25,5,0.6771667314418967,0.6750061418264962,0.0021605896154004434,False
few-label,STAD,UCEC,single,warm,25,6,0.6730470268169453,0.6824336351104956,0.009386608293550314,False
few-label,STAD,UCEC,single,warm,25,7,0.6730081616789739,0.6814190882025075,0.00841092652353359,False
few-label,STAD,UCEC,single,warm,25,8,0.661659541391372,0.6784659165448803,0.016806375153508357,True
few-label,STAD,UCEC,single,warm,25,9,0.6930042751651767,0.6910490631084543,0.001955212056722444,False
few-label,STAD,UCEC,single,warm,25,10,0.6904003109211038,0.6978649932266611,0.007464682305557302,False
few-label,STAD,UCEC,single,warm,25,11,0.6849008938981734,0.6871736978256422,0.0022728039274687584,False
few-label,STAD,UCEC,single,warm,25,12,0.6531092110376993,0.6469933078192366,0.0061159032184626705,False
few-label,STAD,UCEC,single,warm,25,13,0.6962689467547609,0.6956304497812476,0.0006384969735133694,False
few-label,STAD,UCEC,single,warm,25,14,0.6943256898561989,0.6909777171641595,0.003347972692039458,False
few-label,STAD,UCEC,single,warm,25,15,0.646521570151574,0.6401119883534131,0.006409581798160868,False
few-label,STAD,UCEC,single,warm,25,16,0.7026428293820444,0.7058654188566051,0.0032225894745607775,False
few-label,STAD,UCEC,single,warm,25,17,0.6795763699961135,0.6791158878670231,0.0004604821290903338,False
few-label,STAD,UCEC,single,warm,25,18,0.6611154294597746,0.6678180160888261,0.006702586629051432,False
few-label,STAD,UCEC,single,warm,25,19,0.6948115040808395,0.6978823892663164,0.003070885185476935,False
few-label,STAD,UCEC,single,warm,40,0,0.7366303925378935,0.7489516345614027,0.012321242023509149,True
few-label,STAD,UCEC,single,warm,40,1,0.6879129420909444,0.6932431365963312,0.005330194505386743,False
few-label,STAD,UCEC,single,warm,40,2,0.7151379712397979,0.7131584556341604,0.001979515605637583,False
few-label,STAD,UCEC,single,warm,40,3,0.7207345511076565,0.7186008696004798,0.0021336815071767434,False
few-label,STAD,UCEC,single,warm,40,4,0.71206762534007,0.7148708399359682,0.0028032145958982735,False
few-label,STAD,UCEC,single,warm,40,5,0.7124562767197824,0.711866288109779,0.0005899886100033669,False
few-label,STAD,UCEC,single,warm,40,6,0.6739214924212982,0.6742790062031456,0.00035751378184745164,False
few-label,STAD,UCEC,single,warm,40,7,0.7073260785075787,0.7106791509161251,0.0033530724085464314,False
few-label,STAD,UCEC,single,warm,40,8,0.693354061406918,0.6953370844391968,0.001983023032278819,False
few-label,STAD,UCEC,single,warm,40,9,0.7027982899339291,0.7036355158222306,0.0008372258883014849,False
few-label,STAD,UCEC,single,warm,40,10,0.6541391371939371,0.6649171743667444,0.010778037172807231,True
few-label,STAD,UCEC,single,warm,40,11,0.6879129420909444,0.6902355052698101,0.0023225631788656997,False
few-label,STAD,UCEC,single,warm,40,12,0.7003303536727555,0.7094252974041658,0.009094943731410288,False
few-label,STAD,UCEC,single,warm,40,13,0.6747182277497086,0.6892119780194241,0.014493750269715555,True
few-label,STAD,UCEC,single,warm,40,14,0.6959774582199767,0.7184321771137376,0.02245471889376094,True
few-label,STAD,UCEC,single,warm,40,15,0.7103769918383209,0.7223291264758371,0.01195213463751621,True
few-label,STAD,UCEC,single,warm,40,16,0.6980761756704238,0.7100393343054403,0.011963158635016513,True
few-label,STAD,UCEC,single,warm,40,17,0.6848814613291878,0.7057703430176637,0.020888881688475913,True
few-label,STAD,UCEC,single,warm,40,18,0.6667120093276332,0.6892858664777847,0.022573857150151477,True
few-label,STAD,UCEC,single,warm,40,19,0.6965215701515741,0.6928453799172782,0.003676190234295884,False
few-label,STAD,UCEC,single,warm,all,,0.7473960357559268,0.7555647529368427,0.00816871718091583,False
few-label,COAD+STAD,UCEC,pooled,warm,0,,0.5696463272444616,0.5570760072810609,0.012570319963400745,True
few-label,COAD+STAD,UCEC,pooled,warm,3,0,0.580062184220754,0.5769204823572311,0.0031417018635228056,False
few-label,COAD+STAD,UCEC,pooled,warm,3,1,0.5614263505635445,0.5692984180914837,0.00787206752793923,False
few-label,COAD+STAD,UCEC,pooled,warm,3,2,0.6230664593859309,0.6236538723320081,0.0005874129460772259,False
few-label,COAD+STAD,UCEC,pooled,warm,3,3,0.5697240575204041,0.5711016145880363,0.0013775570676322069,False
few-label,COAD+STAD,UCEC,pooled,warm,3,4,0.5823940924990283,0.5838928737600251,0.0014987812609967843,False
few-label,COAD+STAD,UCEC,pooled,warm,3,5,0.5989506412747765,0.5978911966929663,0.001059444581810176,False
few-label,COAD+STAD,UCEC,pooled,warm,3,6,0.6024873688301593,0.5980997305736188,0.004387638256540538,False
few-label,COAD+STAD,UCEC,pooled,warm,3,7,0.6094442285270113,0.6202666349373231,0.010822406410311847,True
few-label,COAD+STAD,UCEC,pooled,warm,3,8,0.5681888845705403,0.563678117369782,0.00451076720075827,False
few-label,COAD+STAD,UCEC,pooled,warm,3,9,0.5695102992615624,0.5601347832798023,0.009375515981760119,False
few-label,COAD+STAD,UCEC,pooled,warm,3,10,0.5798484259619121,0.5827624234982285,0.0029139975363163817,False
few-label,COAD+STAD,UCEC,pooled,warm,3,11,0.6267975126311698,0.6243953711297835,0.00240214150138629,False
few-label,COAD+STAD,UCEC,pooled,warm,3,12,0.6051301982122036,0.6053120939223956,0.0001818957101920038,False
few-label,COAD+STAD,UCEC,pooled,warm,3,13,0.5876603186941314,0.5902708104717581,0.0026104917776267333,False
few-label,COAD+STAD,UCEC,pooled,warm,3,14,0.5914691022153129,0.583271108455859,0.008197993759453848,False
few-label,COAD+STAD,UCEC,pooled,warm,3,15,0.5932763311309754,0.6009701745098607,0.0076938433788852345,False
few-label,COAD+STAD,UCEC,pooled,warm,3,16,0.5955888068402643,0.5976480823657151,0.002059275525450821,False
few-label,COAD+STAD,UCEC,pooled,warm,3,17,0.5519626894675476,0.558157084786066,0.0061943953185183975,False
few-label,COAD+STAD,UCEC,pooled,warm,3,18,0.6142052079284881,0.6182495149294142,0.004044307000926062,False
few-label,COAD+STAD,UCEC,pooled,warm,3,19,0.5866303925378935,0.5829396802428766,0.00369071229501694,False
few-label,COAD+STAD,UCEC,pooled,warm,5,0,0.5860474154683248,0.5947968792041216,0.00874946373579677,False
few-label,COAD+STAD,UCEC,pooled,warm,5,1,0.6049553050913331,0.6080154446719189,0.003060139580585819,False
few-label,COAD+STAD,UCEC,pooled,warm,5,2,0.6164593859308201,0.6159699478599905,0.0004894380708295731,False
few-label,COAD+STAD,UCEC,pooled,warm,5,3,0.5917994558880684,0.5949299756475213,0.0031305197594528877,False
few-label,COAD+STAD,UCEC,pooled,warm,5,4,0.5890983287990672,0.59129576028387,0.002197431484802781,False
few-label,COAD+STAD,UCEC,pooled,warm,5,5,0.5689467547609794,0.5649421388356025,0.004004615925376931,False
few-label,COAD+STAD,UCEC,pooled,warm,5,6,0.5815196268946754,0.585349624175689,0.0038299972810136307,False
few-label,COAD+STAD,UCEC,pooled,warm,5,7,0.6191022153128642,0.6278668023027298,0.008764586989865597,False
few-label,COAD+STAD,UCEC,pooled,warm,5,8,0.55235134084726,0.5535138466715621,0.001162505824302107,False
few-label,COAD+STAD,UCEC,pooled,warm,5,9,0.5881072677808006,0.6010304025148792,0.012923134734078578,True
few-label,COAD+STAD,UCEC,pooled,warm,5,10,0.5999999999999999,0.601966161521144,0.0019661615211441497,False
few-label,COAD+STAD,UCEC,pooled,warm,5,11,0.5955305091333074,0.6005289206872567,0.004998411553949311,False
few-label,COAD+STAD,UCEC,pooled,warm,5,12,0.6056937427127868,0.6061488049695151,0.00045506225672831135,False
few-label,COAD+STAD,UCEC,pooled,warm,5,13,0.6158375437232801,0.6170836610896326,0.001246117366352495,False
few-label,COAD+STAD,UCEC,pooled,warm,5,14,0.5895841430237078,0.5893633419345061,0.00022080108920163877,False
few-label,COAD+STAD,UCEC,pooled,warm,5,15,0.6013019821220366,0.6031147037176978,0.0018127215956612597,False
few-label,COAD+STAD,UCEC,pooled,warm,5,16,0.6320637388262729,0.6342728322672352,0.0022090934409623175,False
few-label,COAD+STAD,UCEC,pooled,warm,5,17,0.6049164399533619,0.6059077424775178,0.0009913025241559126,False
few-label,COAD+STAD,UCEC,pooled,warm,5,18,0.5706179556937427,0.5720100251925658,0.0013920694988230897,False
few-label,COAD+STAD,UCEC,pooled,warm,5,19,0.5995141857753595,0.6013912077019082,0.0018770219265487054,False
few-label,COAD+STAD,UCEC,pooled,warm,10,0,0.6223085891954916,0.6276134100687172,0.005304820873225591,False
few-label,COAD+STAD,UCEC,pooled,warm,10,1,0.656898561989895,0.6525659583886894,0.004332603601205687,False
few-label,COAD+STAD,UCEC,pooled,warm,10,2,0.5973571706179557,0.6032738899338648,0.005916719315909091,False
few-label,COAD+STAD,UCEC,pooled,warm,10,3,0.6319471434123591,0.6375834513572737,0.005636307944914543,False
few-label,COAD+STAD,UCEC,pooled,warm,10,4,0.6298484259619123,0.6343222721916789,0.004473846229766654,False
few-label,COAD+STAD,UCEC,pooled,warm,10,5,0.6259036144578314,0.6314999829568908,0.005596368499059423,False
few-label,COAD+STAD,UCEC,pooled,warm,10,6,0.6206956859696852,0.62411347744934,0.0034177914796548192,False
few-label,COAD+STAD,UCEC,pooled,warm,10,7,0.6456665371162067,0.6492841932660399,0.003617656149833226,False
few-label,COAD+STAD,UCEC,pooled,warm,10,8,0.60705402254178,0.6077422446153713,0.0006882220735913158,False
few-label,COAD+STAD,UCEC,pooled,warm,10,9,0.6251457442673921,0.6250443885074423,0.00010135575994985047,False
few-label,COAD+STAD,UCEC,pooled,warm,10,10,0.6493975903614457,0.6552616409677768,0.005864050606331106,False
few-label,COAD+STAD,UCEC,pooled,warm,10,11,0.6465798678585309,0.6460786236194753,0.0005012442390556204,False
few-label,COAD+STAD,UCEC,pooled,warm,10,12,0.6300427516517684,0.6368916507244518,0.006848899072683379,False
few-label,COAD+STAD,UCEC,pooled,warm,10,13,0.59764865915274,0.6017490097576796,0.004100350604939629,False
few-label,COAD+STAD,UCEC,pooled,warm,10,14,0.6110765643218035,0.6101432183901494,0.0009333459316540615,False
few-label,COAD+STAD,UCEC,pooled,warm,10,15,0.6172561212592305,0.6252047691337488,0.007948647874518322,False
few-label,COAD+STAD,UCEC,pooled,warm,10,16,0.6343179168286048,0.6300920246527781,0.004225892175826695,False
few-label,COAD+STAD,UCEC,pooled,warm,10,17,0.6304314030314808,0.6424318746081068,0.012000471576625982,True
few-label,COAD+STAD,UCEC,pooled,warm,10,18,0.6048970073843761,0.6194986432243479,0.01460163583997176,True
few-label,COAD+STAD,UCEC,pooled,warm,10,19,0.6166925767586474,0.6135766815186906,0.003115895239956812,False
few-label,COAD+STAD,UCEC,pooled,warm,25,0,0.6629226583754372,0.6750418331878362,0.012119174812398992,True
few-label,COAD+STAD,UCEC,pooled,warm,25,1,0.7109405363389041,0.7122545817403678,0.001314045401463737,False
few-label,COAD+STAD,UCEC,pooled,warm,25,2,0.7008938981733386,0.7066493814809413,0.005755483307602671,False
few-label,COAD+STAD,UCEC,pooled,warm,25,3,0.6889817333851534,0.6994391984050752,0.01045746501992173,True
few-label,COAD+STAD,UCEC,pooled,warm,25,4,0.6972794403420132,0.6946919636044813,0.002587476737531902,False
few-label,COAD+STAD,UCEC,pooled,warm,25,5,0.6783132530120483,0.6819572216431606,0.003643968631112382,False
few-label,COAD+STAD,UCEC,pooled,warm,25,6,0.6719588029537505,0.6814484872108203,0.009489684257069753,False
few-label,COAD+STAD,UCEC,pooled,warm,25,7,0.6881072677808006,0.6961425369988916,0.008035269218091057,False
few-label,COAD+STAD,UCEC,pooled,warm,25,8,0.6570151574038088,0.6734284627698769,0.01641330536606811,True
few-label,COAD+STAD,UCEC,pooled,warm,25,9,0.6766226195102993,0.6796633947173591,0.0030407752070598093,False
few-label,COAD+STAD,UCEC,pooled,warm,25,10,0.6704624951418577,0.6731863787834883,0.0027238836416305645,False
few-label,COAD+STAD,UCEC,pooled,warm,25,11,0.6880684026428294,0.6915966414131585,0.0035282387703290397,False
few-label,COAD+STAD,UCEC,pooled,warm,25,12,0.6681111542945978,0.6682637344032889,0.00015258010869112493,False
few-label,COAD+STAD,UCEC,pooled,warm,25,13,0.7057131752817722,0.70650314573419,0.0007899704524177986,False
few-label,COAD+STAD,UCEC,pooled,warm,25,14,0.6892149242129809,0.6906335537185913,0.001418629505610336,False
few-label,COAD+STAD,UCEC,pooled,warm,25,15,0.6446754760979402,0.6430227369492378,0.0016527391487023424,False
few-label,COAD+STAD,UCEC,pooled,warm,25,16,0.6898561989895063,0.6928345230854237,0.002978324095917362,False
few-label,COAD+STAD,UCEC,pooled,warm,25,17,0.6732802176447726,0.6708357616623906,0.0024444559823820766,False
few-label,COAD+STAD,UCEC,pooled,warm,25,18,0.6733190827827439,0.6754238146973569,0.0021047319146130228,False
few-label,COAD+STAD,UCEC,pooled,warm,25,19,0.6780217644772638,0.6819965265422752,0.00397476206501135,False
few-label,COAD+STAD,UCEC,pooled,warm,40,0,0.7145744267392148,0.7182178824601474,0.003643455720932609,False
few-label,COAD+STAD,UCEC,pooled,warm,40,1,0.6901088223863194,0.6929808744096837,0.002872052023364269,False
few-label,COAD+STAD,UCEC,pooled,warm,40,2,0.7251068791294208,0.7267976024959805,0.001690723366559621,False
few-label,COAD+STAD,UCEC,pooled,warm,40,3,0.713039253789351,0.7164400943123393,0.003400840522988391,False
few-label,COAD+STAD,UCEC,pooled,warm,40,4,0.6867858530897784,0.6930391495834753,0.0062532964936969915,False
few-label,COAD+STAD,UCEC,pooled,warm,40,5,0.7009521958802954,0.7001546040443969,0.000797591835898559,False
few-label,COAD+STAD,UCEC,pooled,warm,40,6,0.6664010882238632,0.6687357243892582,0.0023346361653949765,False
few-label,COAD+STAD,UCEC,pooled,warm,40,7,0.6929654100272057,0.6929818119991178,1.6401971912105573e-05,False
few-label,COAD+STAD,UCEC,pooled,warm,40,8,0.6919937815779247,0.6912436272642216,0.0007501543137030664,False
few-label,COAD+STAD,UCEC,pooled,warm,40,9,0.6943256898561989,0.6931031878510383,0.0012225020051606084,False
few-label,COAD+STAD,UCEC,pooled,warm,40,10,0.6541585697629226,0.6675663492716601,0.013407779508737505,True
few-label,COAD+STAD,UCEC,pooled,warm,40,11,0.6711426350563544,0.6720114809558627,0.0008688458995083082,False
few-label,COAD+STAD,UCEC,pooled,warm,40,12,0.6960551884959192,0.7036176924215624,0.007562503925643171,False
few-label,COAD+STAD,UCEC,pooled,warm,40,13,0.6801787796346677,0.6910585381979489,0.010879758563281272,True
few-label,COAD+STAD,UCEC,pooled,warm,40,14,0.6809560823940924,0.7057481068114639,0.024792024417371494,True
few-label,COAD+STAD,UCEC,pooled,warm,40,15,0.6991643995336183,0.7040085765665145,0.004844177032896191,False
few-label,COAD+STAD,UCEC,pooled,warm,40,16,0.6997668091721725,0.6994380371692026,0.0003287720029698793,False
few-label,COAD+STAD,UCEC,pooled,warm,40,17,0.6791488534784299,0.6922272078094639,0.013078354331033992,True
few-label,COAD+STAD,UCEC,pooled,warm,40,18,0.6693548387096774,0.6791716500695945,0.009816811359917077,False
few-label,COAD+STAD,UCEC,pooled,warm,40,19,0.6893703847648659,0.6839499621414716,0.005420422623394261,False
few-label,COAD+STAD,UCEC,pooled,warm,all,,0.7351923824329576,0.7448318619194273,0.009639479486469704,False
