source,target,budget,target_share,draw_seed,raw_auc,rank_auc,rank_gap,rank_diverged
COAD,STAD,50,0,0,0.5595238095238095,0.5750876108018965,0.015563801278086986,True
COAD,STAD,50,0,1,0.5188105545248403,0.5440115440115441,0.025200989486703795,True
COAD,STAD,50,0,2,0.49793856936714076,0.5339620696763554,0.03602350030921464,True
COAD,STAD,50,0,3,0.5146361574933003,0.5460214388785818,0.031385281385281516,True
COAD,STAD,50,0,4,0.4819624819624819,0.4739229024943311,0.008039579468150815,False
COAD,STAD,50,0,5,0.5737992166563595,0.5665326736755307,0.0072665429808287385,False
COAD,STAD,50,0,6,0.518037518037518,0.5382910740053597,0.02025355596784173,True
COAD,STAD,50,0,7,0.4832508761080189,0.4909039373325087,0.007653061224489777,False
COAD,STAD,50,0,8,0.5602453102453101,0.5446557410843125,0.01558956916099763,True
COAD,STAD,50,0,9,0.47845804988662133,0.5000257678829108,0.021567717996289426,True
COAD,STAD,50,0,10,0.46485260770975056,0.4876314162028447,0.02277880849309416,True
COAD,STAD,50,0,11,0.5278293135435993,0.5087868480725624,0.01904246547103694,True
COAD,STAD,50,0,12,0.5021645021645021,0.5241445062873634,0.021980004122861274,True
COAD,STAD,50,0,13,0.564625850340136,0.5892341785198928,0.024608328179756778,True
COAD,STAD,50,0,14,0.5562770562770563,0.577020202020202,0.02074314574314573,True
COAD,STAD,50,0,15,0.585343228200371,0.5820191713048857,0.0033240568954853167,False
COAD,STAD,50,0,16,0.5221603793032364,0.5411255411255411,0.018965161822304677,True
COAD,STAD,50,0,17,0.46614100185528756,0.5003092145949288,0.03416821273964127,True
COAD,STAD,50,0,18,0.4829931972789115,0.5005668934240363,0.017573696145124773,True
COAD,STAD,50,0,19,0.48469387755102034,0.4921407957122243,0.007446918161203964,False
COAD,STAD,50,10,0,0.6045145330859617,0.6304370232941662,0.025922490208204474,True
COAD,STAD,50,10,1,0.6041022469593899,0.6066790352504637,0.0025767882910738837,False
COAD,STAD,50,10,2,0.674757781900639,0.6658936301793443,0.008864151721294622,False
COAD,STAD,50,10,3,0.5772005772005773,0.615285508142651,0.03808493094207377,True
COAD,STAD,50,10,4,0.5655534941249227,0.5581581117295403,0.007395382395382399,False
COAD,STAD,50,10,5,0.6193568336425478,0.6299732014017728,0.010616367759225032,True
COAD,STAD,50,10,6,0.6588847660276231,0.6788291074005359,0.01994434137291279,True
COAD,STAD,50,10,7,0.5402494331065759,0.5806792413935271,0.0404298082869512,True
COAD,STAD,50,10,8,0.6790867862296434,0.6936198721913006,0.014533085961657255,True
COAD,STAD,50,10,9,0.6370851370851371,0.6404864976293546,0.003401360544217469,False
COAD,STAD,50,10,10,0.575345289631004,0.5647804576376004,0.010564831993403523,True
COAD,STAD,50,10,11,0.6582663368377655,0.6337610801896516,0.02450525664811387,True
COAD,STAD,50,10,12,0.638682745825603,0.6495310245310245,0.010848278705421488,True
COAD,STAD,50,10,13,0.7401566687280973,0.7667233560090703,0.026566687280973,True
COAD,STAD,50,10,14,0.6313131313131313,0.6539888682745825,0.0226757369614512,True
COAD,STAD,50,10,15,0.7487116058544631,0.7664914450628737,0.01777983920841064,True
COAD,STAD,50,10,16,0.5782312925170068,0.5884869099154814,0.010255617398474581,True
COAD,STAD,50,10,17,0.5731292517006803,0.5886672850958565,0.015538033395176232,True
COAD,STAD,50,10,18,0.6051329622758194,0.6135590599876314,0.00842609771181202,False
COAD,STAD,50,10,19,0.6601731601731602,0.6528293135435992,0.007343846629561002,False
COAD,STAD,50,20,0,0.6513605442176871,0.6719748505462791,0.02061430632859207,True
COAD,STAD,50,20,1,0.6756338899196042,0.6714079571222429,0.004225932797361276,False
COAD,STAD,50,20,2,0.6721294578437436,0.6733663162234591,0.0012368583797155441,False
COAD,STAD,50,20,3,0.6132756132756132,0.6213409606266749,0.00806534735106168,False
COAD,STAD,50,20,4,0.6388373531230674,0.652262420119563,0.013425066996495594,True
COAD,STAD,50,20,5,0.6973304473304474,0.6909400123685838,0.006390434961863534,False
COAD,STAD,50,20,6,0.7061945990517419,0.7116573902288188,0.005462791177076931,False
COAD,STAD,50,20,7,0.5901360544217688,0.6116007008864152,0.02146464646464641,True
COAD,STAD,50,20,8,0.7256751185322614,0.7317048031333746,0.006029684601113194,False
COAD,STAD,50,20,9,0.7041331684188826,0.6943413729128014,0.009791795506081225,False
COAD,STAD,50,20,10,0.6803751803751804,0.6610492681921254,0.019325912183055016,True
COAD,STAD,50,20,11,0.6913007627293342,0.692022263450835,0.0007215007215007896,False
COAD,STAD,50,20,12,0.6727478870336013,0.6678004535147392,0.0049474335188621765,False
COAD,STAD,50,20,13,0.7825706039991754,0.7878272521129663,0.005256648113790896,False
COAD,STAD,50,20,14,0.6713048855905999,0.6806843949701094,0.009379509379509487,False
COAD,STAD,50,20,15,0.7469593898165325,0.7522160379303235,0.005256648113791007,False
COAD,STAD,50,20,16,0.6457946815089673,0.6679550608122038,0.022160379303236444,True
COAD,STAD,50,20,17,0.6639868068439497,0.6531642960214388,0.010822510822510956,True
COAD,STAD,50,20,18,0.575036075036075,0.5795712224283653,0.0045351473922903285,False
COAD,STAD,50,20,19,0.6903731189445474,0.6825139146567718,0.007859204287775645,False
COAD,STAD,50,30,0,0.6536281179138321,0.6641414141414141,0.010513296227582014,True
COAD,STAD,50,30,1,0.668315811172954,0.655431869717584,0.012883941455369974,True
COAD,STAD,50,30,2,0.7488662131519275,0.7714388785817357,0.02257266542980818,True
COAD,STAD,50,30,3,0.7127911770768913,0.7005772005772005,0.012213976499690804,True
COAD,STAD,50,30,4,0.6494537208822923,0.6629560915275201,0.013502370645227857,True
COAD,STAD,50,30,5,0.7364460935889507,0.7234590806019378,0.012987012987012991,True
COAD,STAD,50,30,6,0.7016079158936301,0.7052669552669552,0.0036590393733250126,False
COAD,STAD,50,30,7,0.6302824159967017,0.6658163265306123,0.03553391053391064,True
COAD,STAD,50,30,8,0.7252628324056896,0.7497680890538034,0.02450525664811387,True
COAD,STAD,50,30,9,0.7073799216656359,0.7254689754689754,0.018089053803339472,True
COAD,STAD,50,30,10,0.7015563801278086,0.6768707482993197,0.02468563182848893,True
COAD,STAD,50,30,11,0.7604617604617604,0.7525252525252524,0.00793650793650802,False
COAD,STAD,50,30,12,0.6796021438878582,0.6789837146980005,0.0006184291898577721,False
COAD,STAD,50,30,13,0.8073077715934858,0.8242630385487527,0.016955266955266945,True
COAD,STAD,50,30,14,0.7123273551844981,0.6972273757988043,0.01509997938569374,True
COAD,STAD,50,30,15,0.7876726448155019,0.788548752834467,0.0008761080189650938,False
COAD,STAD,50,30,16,0.6863533292104721,0.7112451041022471,0.024891774891774965,True
COAD,STAD,50,30,17,0.6697072768501341,0.6629303236446094,0.006776953205524738,False
COAD,STAD,50,30,18,0.604978354978355,0.6142547928262214,0.00927643784786647,False
COAD,STAD,50,30,19,0.6808390022675738,0.6806586270871985,0.00018037518037528066,False
COAD,STAD,50,40,0,0.6732117089259946,0.6683673469387755,0.004844361987219048,False
COAD,STAD,50,40,1,0.6885693671407958,0.6758142650999793,0.012755102040816424,True
COAD,STAD,50,40,2,0.7211399711399712,0.7349000206143063,0.013760049474335068,True
COAD,STAD,50,40,3,0.6889816532673676,0.7000618429189859,0.011080189651618277,True
COAD,STAD,50,40,4,0.6666151309008451,0.6887239744382601,0.022108843537414935,True
COAD,STAD,50,40,5,0.7259843331271904,0.724129045557617,0.0018552875695733162,False
COAD,STAD,50,40,6,0.6677489177489178,0.660198928056071,0.007549989692846704,False
COAD,STAD,50,40,7,0.6336837765409195,0.6491960420531848,0.015512265512265366,True
COAD,STAD,50,40,8,0.7507730364873222,0.7650484436198721,0.014275407132549933,True
COAD,STAD,50,40,9,0.6971758400329829,0.7080498866213152,0.010874046588332242,True
COAD,STAD,50,40,10,0.7093382807668521,0.6825396825396826,0.026798598227169568,True
COAD,STAD,50,40,11,0.7907132549989693,0.79073902288188,2.576788291075438e-05,False
COAD,STAD,50,40,12,0.7372706658420944,0.7351061636775922,0.0021645021645022577,False
COAD,STAD,50,40,13,0.791537827252113,0.7997835497835497,0.008245722531436739,False
COAD,STAD,50,40,14,0.7132549989692847,0.7065295815295816,0.0067254174397031186,False
COAD,STAD,50,40,15,0.7980828695114409,0.7896567717996289,0.00842609771181202,False
COAD,STAD,50,40,16,0.6868171511028655,0.702020202020202,0.015203050917336536,True
COAD,STAD,50,40,17,0.6813543599257885,0.6835961657390228,0.002241805813234299,False
COAD,STAD,50,40,18,0.6146155431869719,0.6350237064522779,0.020408163265306034,True
COAD,STAD,50,40,19,0.7073799216656359,0.7011698618841475,0.006210059781488364,False
COAD,STAD,50,50,0,0.655328798185941,0.6538857967429397,0.0014430014430013571,False
COAD,STAD,50,50,1,0.7077406720263864,0.6976396619253762,0.010101010101010166,True
COAD,STAD,50,50,2,0.7174809317666461,0.7307256235827664,0.013244691816120313,True
COAD,STAD,50,50,3,0.6876932591218305,0.697459286745001,0.00976602762317047,False
COAD,STAD,50,50,4,0.6528550814265099,0.6786487322201609,0.025793650793650924,True
COAD,STAD,50,50,5,0.7064522778808493,0.728973407544836,0.022521129663986672,True
COAD,STAD,50,50,6,0.6608431251288395,0.6587559266130695,0.0020871985157699946,False
COAD,STAD,50,50,7,0.6350237064522779,0.6551999587713874,0.020176252319109467,True
COAD,STAD,50,50,8,0.7766955266955268,0.7890641104926819,0.012368583797155108,True
COAD,STAD,50,50,9,0.7645330859616574,0.7603071531642961,0.004225932797361276,False
COAD,STAD,50,50,10,0.7458256029684601,0.7135642135642135,0.03226138940424661,True
COAD,STAD,50,50,11,0.7976190476190477,0.7934446505875077,0.004174397031539989,False
COAD,STAD,50,50,12,0.7189239332096475,0.723046794475366,0.0041228612657184804,False
COAD,STAD,50,50,13,0.8061739847454132,0.8218408575551432,0.015666872809730004,True
COAD,STAD,50,50,14,0.7142857142857142,0.7132549989692847,0.001030715316429509,False
COAD,STAD,50,50,15,0.7700989486703773,0.7520356627499486,0.018063285920428718,True
COAD,STAD,50,50,16,0.6889301175015461,0.7112708719851577,0.022340754483611613,True
COAD,STAD,50,50,17,0.7134096062667491,0.7046742939600081,0.008735312306740961,False
COAD,STAD,50,50,18,0.6604823747680891,0.6812512883941455,0.020768913626056373,True
COAD,STAD,50,50,19,0.7012987012987013,0.6995464852607709,0.0017522160379304097,False
COAD,STAD,50,60,0,0.6976911976911977,0.7068645640074211,0.009173366316223452,False
COAD,STAD,50,60,1,0.7045454545454545,0.6977427334570191,0.006802721088435382,False
COAD,STAD,50,60,2,0.7279426922284065,0.7408266336837764,0.012883941455369974,True
COAD,STAD,50,60,3,0.6836734693877551,0.7003452896310038,0.01667182024324876,True
COAD,STAD,50,60,4,0.6866110080395795,0.7169913419913421,0.03038033395176254,True
COAD,STAD,50,60,5,0.7543805400948257,0.7549989692846835,0.0006184291898577721,False
COAD,STAD,50,60,6,0.7397959183673469,0.73294166151309,0.0068542568542568905,False
COAD,STAD,50,60,7,0.6717171717171717,0.6976138940424654,0.02589672232529372,True
COAD,STAD,50,60,8,0.779839208410637,0.7999381570810142,0.020098948670377204,True
COAD,STAD,50,60,9,0.7975159760874047,0.7951710987425273,0.0023448773448773164,False
COAD,STAD,50,60,10,0.781127602556174,0.7611832611832611,0.0199443413729129,True
COAD,STAD,50,60,11,0.7956606885178312,0.7994485673057101,0.0037878787878788955,False
COAD,STAD,50,60,12,0.7301071943929086,0.7368841475984333,0.006776953205524738,False
COAD,STAD,50,60,13,0.7961760461760462,0.8227427334570191,0.02656668728097289,True
COAD,STAD,50,60,14,0.7417542774685632,0.731756338899196,0.009997938569367149,False
COAD,STAD,50,60,15,0.7662853019995878,0.7457998350855494,0.020485466914038408,True
COAD,STAD,50,60,16,0.6770253555967842,0.710265924551639,0.03324056895485472,True
COAD,STAD,50,60,17,0.7420634920634921,0.7323232323232323,0.009740259740259827,False
COAD,STAD,50,60,18,0.7007833436404866,0.7252628324056895,0.024479488765202895,True
COAD,STAD,50,60,19,0.7270665842094413,0.7183570397856112,0.008709544423830096,False
COAD,STAD,50,70,0,0.7260358688930117,0.7300298907441765,0.0039940218511647085,False
COAD,STAD,50,70,1,0.7763863121005977,0.7735260770975056,0.002860235003092071,False
COAD,STAD,50,70,2,0.7421150278293136,0.749201195629767,0.007086167800453347,False
COAD,STAD,50,70,3,0.6920737992166563,0.7177643784786643,0.025690579262007907,True
COAD,STAD,50,70,4,0.6855287569573284,0.7207792207792207,0.03525046382189234,True
COAD,STAD,50,70,5,0.7792207792207791,0.7649196042053186,0.014301175015460577,True
COAD,STAD,50,70,6,0.7361884147598433,0.7358018965161822,0.00038651824366109366,False
COAD,STAD,50,70,7,0.7138734281591423,0.7367810760667903,0.022907647907647988,True
COAD,STAD,50,70,8,0.8132859204287776,0.8157338693052978,0.002447948876520223,False
COAD,STAD,50,70,9,0.7765924551638838,0.7801226551226551,0.0035301999587713517,False
COAD,STAD,50,70,10,0.7835497835497836,0.7532209853638425,0.03032879818594103,True
COAD,STAD,50,70,11,0.8194186765615337,0.8208874458874459,0.0014687693259122225,False
COAD,STAD,50,70,12,0.7365491651205938,0.7400020614306329,0.0034528963100390886,False
COAD,STAD,50,70,13,0.8156050298907441,0.8287981859410429,0.013193156050298804,True
COAD,STAD,50,70,14,0.7526283240568955,0.751082251082251,0.0015460729746444857,False
COAD,STAD,50,70,15,0.6852195423623995,0.6628787878787877,0.022340754483611724,True
COAD,STAD,50,70,16,0.6840857555143269,0.7118893011750154,0.027803545660688433,True
COAD,STAD,50,70,17,0.7526283240568955,0.7469336219336219,0.0056947021232736095,False
COAD,STAD,50,70,18,0.7587610801896516,0.7658730158730159,0.007111935683364323,False
COAD,STAD,50,70,19,0.7314471243042673,0.7277107812822099,0.0037363430220573868,False
COAD,STAD,50,80,0,0.7397443826015255,0.7409812409812409,0.001236858379715322,False
COAD,STAD,50,80,1,0.8279220779220778,0.8200628736343021,0.007859204287775756,False
COAD,STAD,50,80,2,0.7512368583797154,0.7577045969903112,0.006467738610595797,False
COAD,STAD,50,80,3,0.7401566687280973,0.7526025561739846,0.012445887445887371,True
COAD,STAD,50,80,4,0.7544836116264689,0.7812049062049062,0.026721294578437305,True
COAD,STAD,50,80,5,0.7855081426509999,0.7748144712430427,0.010693671407957184,True
COAD,STAD,50,80,6,0.7468563182848897,0.7499226963512677,0.003066378066377995,False
COAD,STAD,50,80,7,0.7606679035250463,0.7855339105339104,0.0248660070088641,True
COAD,STAD,50,80,8,0.8365800865800865,0.8270717377860234,0.009508348794063148,False
COAD,STAD,50,80,9,0.78865182436611,0.7963048855905999,0.007653061224489832,False
COAD,STAD,50,80,10,0.7922077922077922,0.7866934652648938,0.00551432694289844,False
COAD,STAD,50,80,11,0.8332817975675119,0.8431508967223252,0.009869099154813377,False
COAD,STAD,50,80,12,0.7351576994434137,0.744743351886209,0.0095856524427953,False
COAD,STAD,50,80,13,0.8058647701504844,0.8319934034219748,0.026128633271490398,True
COAD,STAD,50,80,14,0.7415481344052772,0.7399247577819006,0.0016233766233766378,False
COAD,STAD,50,80,15,0.7277880849309419,0.729978354978355,0.002190270047413012,False
COAD,STAD,50,80,16,0.6832096474953617,0.7059111523397237,0.022701504844361953,True
COAD,STAD,50,80,17,0.7404658833230262,0.7498196248196247,0.009353741496598511,False
COAD,STAD,50,80,18,0.7704081632653061,0.7807410843125129,0.010332921047206733,True
COAD,STAD,50,80,19,0.7480931766646053,0.7444341372912802,0.0036590393733251236,False
COAD,STAD,50,90,0,0.722531436817151,0.7288961038961039,0.00636466707895289,False
COAD,STAD,50,90,1,0.806792413935271,0.8059936095650381,0.0007988043702329417,False
COAD,STAD,50,90,2,0.7576788291074005,0.7581168831168832,0.00043805400948271345,False
COAD,STAD,50,90,3,0.7429911358482786,0.749201195629767,0.006210059781488364,False
COAD,STAD,50,90,4,0.761595547309833,0.7919758812615956,0.03038033395176254,True
COAD,STAD,50,90,5,0.778447742733457,0.7657957122242836,0.012652030509173406,True
COAD,STAD,50,90,6,0.7838074623788909,0.7914089878375592,0.007601525458668323,False
COAD,STAD,50,90,7,0.765563801278087,0.7731653267367553,0.007601525458668323,False
COAD,STAD,50,90,8,0.8796124510410224,0.8727839620696763,0.006828488971346025,False
COAD,STAD,50,90,9,0.8041640898783756,0.8071531642960215,0.002989074417645843,False
COAD,STAD,50,90,10,0.7856112141826427,0.7802772624201195,0.005333951762523159,False
COAD,STAD,50,90,11,0.8264790764790765,0.8396464646464648,0.013167388167388272,True
COAD,STAD,50,90,12,0.7693774479488766,0.7786023500309214,0.00922490208204474,False
COAD,STAD,50,90,13,0.7856112141826428,0.8066893424036281,0.021078128220985315,True
COAD,STAD,50,90,14,0.768346732632447,0.7697124304267162,0.001365697794269205,False
COAD,STAD,50,90,15,0.7474747474747475,0.7500257678829106,0.0025510204081631294,False
COAD,STAD,50,90,16,0.734436198721913,0.7492011956297671,0.014764996907854044,True
COAD,STAD,50,90,17,0.7493815708101422,0.7770305091733662,0.027648938363224018,True
COAD,STAD,50,90,18,0.7880333951762523,0.7871572871572872,0.0008761080189650938,False
COAD,STAD,50,90,19,0.7229952587095444,0.7168367346938777,0.006158524015666744,False
COAD,STAD,50,100,0,0.7179447536590393,0.718176664605236,0.0002319109461966784,False
COAD,STAD,50,100,1,0.7864357864357864,0.7994227994227993,0.01298701298701288,True
COAD,STAD,50,100,2,0.7351576994434137,0.7381725417439703,0.003014842300556597,False
COAD,STAD,50,100,3,0.7288703360131931,0.734513502370645,0.00564316635745199,False
COAD,STAD,50,100,4,0.7534528963100392,0.775175221603793,0.02172232529375384,True
COAD,STAD,50,100,5,0.7825706039991754,0.7703823953823954,0.01218820861678005,True
COAD,STAD,50,100,6,0.7880849309420739,0.7896567717996289,0.001571840857555018,False
COAD,STAD,50,100,7,0.7246444032158318,0.7359565038136465,0.011312100597814734,True
COAD,STAD,50,100,8,0.8427643784786641,0.8332044939187795,0.009559884559884657,False
COAD,STAD,50,100,9,0.7862296433725005,0.7944495980210265,0.008219954648526095,False
COAD,STAD,50,100,10,0.7857142857142857,0.7748402391259535,0.010874046588332242,True
COAD,STAD,50,100,11,0.8180787466501752,0.8307823129251701,0.012703566274994915,True
COAD,STAD,50,100,12,0.7339723768295197,0.7391259534116676,0.0051535765821479895,False
COAD,STAD,50,100,13,0.8028756957328387,0.835935889507318,0.03306019377447933,True
COAD,STAD,50,100,14,0.7634508348794062,0.7692743764172334,0.005823541537827159,False
COAD,STAD,50,100,15,0.726705833848691,0.7293083900226758,0.002602556173984749,False
COAD,STAD,50,100,16,0.7351576994434138,0.7488404452690167,0.013682745825602916,True
COAD,STAD,50,100,17,0.7045454545454546,0.7475520511234797,0.04300659657802508,True
COAD,STAD,50,100,18,0.7698928056070913,0.771902700474129,0.0020098948670377315,False
COAD,STAD,50,100,19,0.7467017109874252,0.7565708101422388,0.009869099154813599,False
COAD,STAD,100,0,0,0.5543702329416614,0.5652958152958153,0.010925582354153862,True
COAD,STAD,100,0,1,0.539734075448361,0.5712224283652854,0.03148835291692431,True
COAD,STAD,100,0,2,0.6242527313955885,0.6215728715728716,0.0026798598227169013,False
COAD,STAD,100,0,3,0.6260564831993404,0.6515151515151516,0.025458668315811228,True
COAD,STAD,100,0,4,0.494949494949495,0.5296846011131725,0.03473510616367753,True
COAD,STAD,100,0,5,0.543805400948258,0.6151309008451865,0.07132549989692849,True
COAD,STAD,100,0,6,0.6673366316223459,0.6494021851164709,0.017934446505875057,True
COAD,STAD,100,0,7,0.5551432694289837,0.5467687074829932,0.00837456194599051,False
COAD,STAD,100,0,8,0.5608122036693465,0.5520511234796949,0.008761080189651604,False
COAD,STAD,100,0,9,0.4792310863739435,0.5328540507111935,0.05362296433725,True
COAD,STAD,100,0,10,0.5483405483405484,0.5567924139352711,0.008451865594722774,False
COAD,STAD,100,0,11,0.563440527726242,0.560064935064935,0.0033755926613069365,False
COAD,STAD,100,0,12,0.5647804576376004,0.6039476396619254,0.03916718202432501,True
COAD,STAD,100,0,13,0.6037930323644609,0.5955473098330242,0.008245722531436739,False
COAD,STAD,100,0,14,0.5431354359925789,0.6076066790352503,0.06447124304267149,True
COAD,STAD,100,0,15,0.6548134405277262,0.655045351473923,0.00023191094619678942,False
COAD,STAD,100,0,16,0.6097196454339311,0.5853689960832817,0.024350649350649345,True
COAD,STAD,100,0,17,0.5216965574108432,0.5429292929292928,0.02123273551844962,True
COAD,STAD,100,0,18,0.5013399299113585,0.5240156668728098,0.02267573696145131,True
COAD,STAD,100,0,19,0.5727685013399298,0.6215471036899608,0.04877860235003095,True
COAD,STAD,100,10,0,0.7175324675324676,0.7284065141207998,0.010874046588332242,True
COAD,STAD,100,10,1,0.7374768089053803,0.7496392496392497,0.012162440733869406,True
COAD,STAD,100,10,2,0.7366007008864152,0.7391259534116678,0.002525252525252597,False
COAD,STAD,100,10,3,0.6758915687487116,0.6743970315398886,0.001494537208822977,False
COAD,STAD,100,10,4,0.6368274582560296,0.658214801071944,0.021387342815914367,True
COAD,STAD,100,10,5,0.6870232941661513,0.7209338280766853,0.033910533910534,True
COAD,STAD,100,10,6,0.7083591012162441,0.7235106163677592,0.015151515151515027,True
COAD,STAD,100,10,7,0.6363121005978147,0.6704803133374562,0.034168212739641435,True
COAD,STAD,100,10,8,0.7026901669758813,0.7046227581941868,0.0019325912183055793,False
COAD,STAD,100,10,9,0.7001133786848073,0.7089002267573696,0.008786848072562359,False
COAD,STAD,100,10,10,0.660379303236446,0.6534992784992785,0.006880024737167534,False
COAD,STAD,100,10,11,0.7450525664811379,0.7446145124716554,0.0004380540094824914,False
COAD,STAD,100,10,12,0.7541228612657183,0.7442279942279942,0.00989486703772402,False
COAD,STAD,100,10,13,0.7259327973613687,0.7347196454339312,0.00878684807256247,False
COAD,STAD,100,10,14,0.6700164914450628,0.7043908472479901,0.03437435580292725,True
COAD,STAD,100,10,15,0.7891156462585035,0.7856112141826427,0.0035044320758608194,False
COAD,STAD,100,10,16,0.6643475572047001,0.6635229849515564,0.0008245722531436961,False
COAD,STAD,100,10,17,0.6787775716347144,0.6707122242836528,0.00806534735106157,False
COAD,STAD,100,10,18,0.6335807050092764,0.6363121005978148,0.00273139558853841,False
COAD,STAD,100,10,19,0.7249536178107606,0.7075087610801897,0.017444856730570946,True
COAD,STAD,100,20,0,0.7372706658420943,0.7383529169243455,0.0010822510822511289,False
COAD,STAD,100,20,1,0.748505462791177,0.7563904349618635,0.00788497217068651,False
COAD,STAD,100,20,2,0.7295918367346939,0.7452587095444239,0.015666872809730004,True
COAD,STAD,100,20,3,0.7463409606266749,0.7406204906204905,0.005720470006184364,False
COAD,STAD,100,20,4,0.6574933003504432,0.6861471861471862,0.028653885796742995,True
COAD,STAD,100,20,5,0.7167594310451454,0.759224902082045,0.04246547103689957,True
COAD,STAD,100,20,6,0.7199031127602556,0.7280457637600495,0.008142650999793832,False
COAD,STAD,100,20,7,0.6534735106163677,0.6702226345083487,0.01674912389198102,True
COAD,STAD,100,20,8,0.7523706452277881,0.7494846423417851,0.0028860028860029363,False
COAD,STAD,100,20,9,0.73850752422181,0.7321686250257678,0.006338899196042136,False
COAD,STAD,100,20,10,0.7709750566893424,0.7452329416615129,0.025742115027829526,True
COAD,STAD,100,20,11,0.7998350855493712,0.8047052154195011,0.004870129870129913,False
COAD,STAD,100,20,12,0.7867450010307152,0.7732426303854874,0.013502370645227857,True
COAD,STAD,100,20,13,0.7551535765821479,0.7861781076066789,0.031024531024531066,True
COAD,STAD,100,20,14,0.7344877344877345,0.7396670789527933,0.005179344465058744,False
COAD,STAD,100,20,15,0.7787569573283858,0.7651257472686045,0.013631210059781296,True
COAD,STAD,100,20,16,0.7136672850958564,0.721243042671614,0.007575757575757569,False
COAD,STAD,100,20,17,0.6934652648938362,0.6874871160585446,0.005978148835291575,False
COAD,STAD,100,20,18,0.7064522778808493,0.7115543186971758,0.005102040816326481,False
COAD,STAD,100,20,19,0.7227375798804371,0.711734693877551,0.011002886002886125,True
COAD,STAD,100,30,0,0.7293856936714079,0.7347454133168418,0.0053597196454339135,False
COAD,STAD,100,30,1,0.7511853226138941,0.7588126159554731,0.007627293341578967,False
COAD,STAD,100,30,2,0.7196454339311482,0.7297464440321583,0.010101010101010055,True
COAD,STAD,100,30,3,0.7318078746650175,0.7276077097505669,0.0042001649144506326,False
COAD,STAD,100,30,4,0.7109874252731395,0.7362657184085756,0.02527829313543606,True
COAD,STAD,100,30,5,0.7285095856524428,0.7466501752216037,0.01814058956916087,True
COAD,STAD,100,30,6,0.7247990105132962,0.7320140177283034,0.00721500721500723,False
COAD,STAD,100,30,7,0.6728509585652442,0.7015563801278086,0.028705421562564393,True
COAD,STAD,100,30,8,0.7698412698412699,0.7743764172335601,0.0045351473922902175,False
COAD,STAD,100,30,9,0.761595547309833,0.764378478664193,0.002782931354359919,False
COAD,STAD,100,30,10,0.7991651205936919,0.7734745413316841,0.025690579262007796,True
COAD,STAD,100,30,11,0.8113275613275613,0.8170222634508348,0.0056947021232734985,False
COAD,STAD,100,30,12,0.7726757369614513,0.7663368377654092,0.006338899196042136,False
COAD,STAD,100,30,13,0.7858173572459287,0.8052978767264481,0.01948051948051943,True
COAD,STAD,100,30,14,0.7679859822716966,0.7695320552463409,0.0015460729746443747,False
COAD,STAD,100,30,15,0.8024634096062667,0.79143475572047,0.011028653885796769,True
COAD,STAD,100,30,16,0.7336631622345908,0.7600494743351887,0.02638631210059783,True
COAD,STAD,100,30,17,0.7271696557410843,0.7110647289218719,0.016104926819212384,True
COAD,STAD,100,30,18,0.7418058132343847,0.7588641517212946,0.017058338486909963,True
COAD,STAD,100,30,19,0.7206761492475778,0.70926097711812,0.011415172129457862,True
COAD,STAD,100,40,0,0.7559266130694702,0.765563801278087,0.00963718820861681,False
COAD,STAD,100,40,1,0.8035971964543394,0.817408781694496,0.013811585240156687,True
COAD,STAD,100,40,2,0.7661306947021232,0.7648938363224078,0.0012368583797154331,False
COAD,STAD,100,40,3,0.7395382395382395,0.7340496804782518,0.0054885590599876855,False
COAD,STAD,100,40,4,0.7063492063492064,0.7507215007215007,0.044372294372294285,True
COAD,STAD,100,40,5,0.8029272314986601,0.8010204081632654,0.001906823335394714,False
COAD,STAD,100,40,6,0.7486600700886414,0.7573180787466501,0.008658008658008698,False
COAD,STAD,100,40,7,0.7442795299938157,0.7659503195217481,0.021670789527932333,True
COAD,STAD,100,40,8,0.8200371057513914,0.8151669758812616,0.004870129870129802,False
COAD,STAD,100,40,9,0.7604617604617604,0.7609255823541536,0.0004638218923932458,False
COAD,STAD,100,40,10,0.820088641517213,0.7971809936095651,0.022907647907647877,True
COAD,STAD,100,40,11,0.8243145743145743,0.829210472067615,0.004895897753040668,False
COAD,STAD,100,40,12,0.7609255823541539,0.7590187590187589,0.001906823335394936,False
COAD,STAD,100,40,13,0.8231292517006802,0.8353947639661924,0.012265512265512202,True
COAD,STAD,100,40,14,0.7796846011131725,0.7830859616573901,0.00340136054421758,False
COAD,STAD,100,40,15,0.8175633889919605,0.8202690166975881,0.0027056277056276556,False
COAD,STAD,100,40,16,0.7075860647289218,0.7406204906204906,0.0330344258915688,True
COAD,STAD,100,40,17,0.7105236033807462,0.6991857349000206,0.0113378684807256,True
COAD,STAD,100,40,18,0.7662853019995877,0.7842197485054628,0.017934446505875168,True
COAD,STAD,100,40,19,0.7260874046588333,0.744047619047619,0.0179602143887857,True
COAD,STAD,100,50,0,0.7760255617398475,0.790146361574933,0.014120799835085518,True
COAD,STAD,100,50,1,0.8025664811379097,0.8176664605236035,0.01509997938569374,True
COAD,STAD,100,50,2,0.7704081632653061,0.7603586889301175,0.010049474335188657,True
COAD,STAD,100,50,3,0.7642754071325499,0.763476602762317,0.0007988043702329417,False
COAD,STAD,100,50,4,0.7362914862914862,0.7653061224489796,0.029014636157493334,True
COAD,STAD,100,50,5,0.7822613894042466,0.7724180581323439,0.009843331271902733,False
COAD,STAD,100,50,6,0.8007627293341579,0.8103999175427747,0.00963718820861681,False
COAD,STAD,100,50,7,0.7304164089878376,0.7349773242630384,0.004560915275200861,False
COAD,STAD,100,50,8,0.825139146567718,0.8118171511028655,0.013321995464852576,True
COAD,STAD,100,50,9,0.7960214388785817,0.7914605236033807,0.004560915275200972,False
COAD,STAD,100,50,10,0.7988559059987631,0.7823644609358893,0.01649144506287381,True
COAD,STAD,100,50,11,0.8171511028653887,0.8383065347351062,0.021155431869717467,True
COAD,STAD,100,50,12,0.7363430220573077,0.7544836116264687,0.01814058956916098,True
COAD,STAD,100,50,13,0.8272521129663987,0.8335394763966193,0.006287363430220627,False
COAD,STAD,100,50,14,0.7996289424860854,0.8071273964131106,0.007498453927025195,False
COAD,STAD,100,50,15,0.7987012987012987,0.7970263863121007,0.0016749123891980355,False
COAD,STAD,100,50,16,0.7442279942279942,0.770511234796949,0.026283240568954813,True
COAD,STAD,100,50,17,0.7124819624819625,0.7062203669346526,0.006261595547309873,False
COAD,STAD,100,50,18,0.7833436404864975,0.8028756957328386,0.01953205524634105,True
COAD,STAD,100,50,19,0.7320655534941249,0.746624407338693,0.01455885384456801,True
COAD,STAD,100,60,0,0.7974129045557616,0.8040867862296434,0.006673881673881721,False
COAD,STAD,100,60,1,0.8331271902700474,0.8276386312100598,0.0054885590599876855,False
COAD,STAD,100,60,2,0.8038033395176252,0.8061739847454132,0.0023706452277880707,False
COAD,STAD,100,60,3,0.7845804988662131,0.7757421150278294,0.008838383838383645,False
COAD,STAD,100,60,4,0.7610286538857967,0.7922077922077921,0.03117913832199548,True
COAD,STAD,100,60,5,0.7710781282209853,0.7597917955060811,0.011286332714904201,True
COAD,STAD,100,60,6,0.8321995464852607,0.829107400535972,0.0030921459492887493,False
COAD,STAD,100,60,7,0.7895794681508966,0.8106833642547928,0.02110389610389618,True
COAD,STAD,100,60,8,0.8465264893836322,0.8383065347351062,0.008219954648525984,False
COAD,STAD,100,60,9,0.8218923933209648,0.8233096268810554,0.0014172335600906028,False
COAD,STAD,100,60,10,0.7969490826633684,0.7776231704803133,0.019325912183055127,True
COAD,STAD,100,60,11,0.8190579262007832,0.8328437435580293,0.013785817357246044,True
COAD,STAD,100,60,12,0.73433312719027,0.7377860235003092,0.0034528963100391996,False
COAD,STAD,100,60,13,0.8544629973201401,0.8676561533704391,0.013193156050299026,True
COAD,STAD,100,60,14,0.8189033189033189,0.8241857349000206,0.00528241599670165,False
COAD,STAD,100,60,15,0.7991135848278705,0.8000412286126571,0.0009276437847866026,False
COAD,STAD,100,60,16,0.798082869511441,0.8176406926406926,0.019557823129251584,True
COAD,STAD,100,60,17,0.7379921665635951,0.7297206761492475,0.008271490414347604,False
COAD,STAD,100,60,18,0.7864873222016079,0.7998866213151927,0.01339929911358484,True
COAD,STAD,100,60,19,0.7483508554937126,0.7679086786229643,0.019557823129251695,True
COAD,STAD,100,70,0,0.8136982065553494,0.8150381364667078,0.0013399299113583396,False
COAD,STAD,100,70,1,0.8430220573077716,0.8562925170068028,0.013270459699031179,True
COAD,STAD,100,70,2,0.8323026180169036,0.8250876108018965,0.007215007215007119,False
COAD,STAD,100,70,3,0.7960729746444032,0.7839620696763554,0.012110904968047786,True
COAD,STAD,100,70,4,0.7895794681508967,0.805194805194805,0.015615337043908273,True
COAD,STAD,100,70,5,0.7872603586889301,0.764584621727479,0.022675736961451087,True
COAD,STAD,100,70,6,0.8090599876314162,0.8145485466914038,0.005488559059987574,False
COAD,STAD,100,70,7,0.8249845392702536,0.8238507524221811,0.0011337868480725266,False
COAD,STAD,100,70,8,0.8216347144918573,0.8279478458049887,0.0063131313131313815,False
COAD,STAD,100,70,9,0.8450319521748093,0.8323026180169036,0.01272933415790567,True
COAD,STAD,100,70,10,0.7907647907647907,0.7750979179550608,0.015666872809729893,True
COAD,STAD,100,70,11,0.8447227375798804,0.8535095856524428,0.00878684807256247,False
COAD,STAD,100,70,12,0.7431972789115646,0.7361884147598432,0.007008864151721417,False
COAD,STAD,100,70,13,0.8518346732632447,0.8510874046588331,0.000747268604411544,False
COAD,STAD,100,70,14,0.8161719233147805,0.8233096268810555,0.007137703566274967,False
COAD,STAD,100,70,15,0.8234900020614306,0.8208101422387136,0.0026798598227170123,False
COAD,STAD,100,70,16,0.7978251906823335,0.8148835291692434,0.017058338486909963,True
COAD,STAD,100,70,17,0.7423211708925994,0.737605648319934,0.004715522572665387,False
COAD,STAD,100,70,18,0.8037002679859823,0.8156823335394763,0.011982065553494015,True
COAD,STAD,100,70,19,0.7666975881261595,0.788265306122449,0.021567717996289537,True
COAD,STAD,100,80,0,0.8276643990929705,0.8203463203463204,0.007318078746650136,False
COAD,STAD,100,80,1,0.8437950937950938,0.8537672644815502,0.009972170686456394,False
COAD,STAD,100,80,2,0.833178726035869,0.8325602968460111,0.0006184291898578831,False
COAD,STAD,100,80,3,0.7850443207586064,0.7823129251700679,0.002731395588538521,False
COAD,STAD,100,80,4,0.7982374768089053,0.8109152752009894,0.01267779839208405,True
COAD,STAD,100,80,5,0.7929292929292929,0.775381364667079,0.017547928262213963,True
COAD,STAD,100,80,6,0.818697175840033,0.8216862502576787,0.002989074417645732,False
COAD,STAD,100,80,7,0.8437950937950938,0.8409090909090908,0.0028860028860029363,False
COAD,STAD,100,80,8,0.8317872603586889,0.831091527520099,0.0006957328385899242,False
COAD,STAD,100,80,9,0.8504432075860646,0.8432539682539684,0.007189239332096253,False
COAD,STAD,100,80,10,0.7809729952587096,0.7891156462585033,0.008142650999793721,False
COAD,STAD,100,80,11,0.8580189651618223,0.8559317666460525,0.0020871985157697726,False
COAD,STAD,100,80,12,0.7735518449804164,0.7678571428571428,0.0056947021232736095,False
COAD,STAD,100,80,13,0.8577612863327149,0.8544629973201401,0.0032982890125747844,False
COAD,STAD,100,80,14,0.8081323438466296,0.8076427540713256,0.0004895897753040002,False
COAD,STAD,100,80,15,0.8240568954854669,0.8187487116058544,0.005308183879612516,False
COAD,STAD,100,80,16,0.7904555761698618,0.799654710368996,0.009199134199134207,False
COAD,STAD,100,80,17,0.7674706246134817,0.767650999793857,0.00018037518037528066,False
COAD,STAD,100,80,18,0.8064831993403422,0.8129767058338486,0.00649350649350644,False
COAD,STAD,100,80,19,0.7603586889301175,0.7687847866419295,0.00842609771181202,False
COAD,STAD,100,90,0,0.8415790558647701,0.8316584209441352,0.009920634920634885,False
COAD,STAD,100,90,1,0.8753349824778396,0.8821119356833642,0.006776953205524627,False
COAD,STAD,100,90,2,0.8429705215419501,0.8484848484848485,0.00551432694289844,False
COAD,STAD,100,90,3,0.8124613481756339,0.8121005978148835,0.0003607503607503393,False
COAD,STAD,100,90,4,0.830292723149866,0.830292723149866,0.0,False
COAD,STAD,100,90,5,0.7925170068027211,0.7896567717996289,0.002860235003092182,False
COAD,STAD,100,90,6,0.8189033189033189,0.8288239538239538,0.009920634920634885,False
COAD,STAD,100,90,7,0.8561121418264276,0.8551071943929086,0.0010049474335189768,False
COAD,STAD,100,90,8,0.8207586064728921,0.8118171511028653,0.008941455370026774,False
COAD,STAD,100,90,9,0.8370954442383014,0.8342352092352092,0.002860235003092182,False
COAD,STAD,100,90,10,0.7788600288600288,0.794114615543187,0.015254586683158156,True
COAD,STAD,100,90,11,0.8709544423830138,0.8607245928674498,0.010229849515563938,True
COAD,STAD,100,90,12,0.8130797773654916,0.8236961451247166,0.01061636775922492,True
COAD,STAD,100,90,13,0.8377654091939806,0.8431766646052361,0.005411255411255533,False
COAD,STAD,100,90,14,0.8059678416821273,0.8064058956916099,0.0004380540094826024,False
COAD,STAD,100,90,15,0.8075139146567719,0.7974386724386724,0.010075242218099523,True
COAD,STAD,100,90,16,0.7945269016697588,0.8032106782106782,0.008683776540919341,False
COAD,STAD,100,90,17,0.7726242011956298,0.7770305091733664,0.004406307977736557,False
COAD,STAD,100,90,18,0.836528550814265,0.8375077303648732,0.0009791795506082224,False
COAD,STAD,100,90,19,0.7919501133786847,0.7978509585652442,0.0059008451865595335,False
COAD,STAD,100,100,0,0.8478664192949907,0.8342352092352092,0.013631210059781518,True
COAD,STAD,100,100,1,0.8469387755102041,0.8560863739435167,0.009147598433312587,False
COAD,STAD,100,100,2,0.8438981653267368,0.8567821067821069,0.012883941455370085,True
COAD,STAD,100,100,3,0.7962791177076891,0.803030303030303,0.006751185322613873,False
COAD,STAD,100,100,4,0.8343640486497629,0.8413986806843949,0.00703463203463206,False
COAD,STAD,100,100,5,0.7753555967841682,0.7857915893630179,0.01043599257884964,True
COAD,STAD,100,100,6,0.8459080601937744,0.8527880849309419,0.006880024737167534,False
COAD,STAD,100,100,7,0.8383838383838383,0.8319418676561533,0.006441970727685042,False
COAD,STAD,100,100,8,0.8081838796124511,0.8062770562770561,0.001906823335394936,False
COAD,STAD,100,100,9,0.8235930735930735,0.8267625231910947,0.0031694495980211235,False
COAD,STAD,100,100,10,0.7809729952587096,0.7915378272521129,0.0105648319934033,True
COAD,STAD,100,100,11,0.8519377447948876,0.8414244485673057,0.010513296227581903,True
COAD,STAD,100,100,12,0.817305710162853,0.8167903525046382,0.0005153576582148656,False
COAD,STAD,100,100,13,0.8325087610801897,0.8332817975675119,0.0007730364873221873,False
COAD,STAD,100,100,14,0.7826736755308182,0.788059163059163,0.005385487528344779,False
COAD,STAD,100,100,15,0.810863739435168,0.8096526489383632,0.0012110904968047898,False
COAD,STAD,100,100,16,0.8258091115233972,0.8314007421150278,0.005591630591630592,False
COAD,STAD,100,100,17,0.7642754071325499,0.7981601731601731,0.03388476602762314,True
COAD,STAD,100,100,18,0.8315295815295816,0.8283601319315606,0.0031694495980210124,False
COAD,STAD,100,100,19,0.7821067821067821,0.8004792826221397,0.01837250051535766,True
COAD,STAD,200,0,0,0.6358482787054215,0.6686250257678827,0.03277674706246125,True
COAD,STAD,200,0,1,0.6347660276231705,0.706967635539064,0.07220160791589358,True
COAD,STAD,200,0,2,0.6180684394970108,0.6568491032776747,0.038780663780663804,True
COAD,STAD,200,0,3,0.6471861471861472,0.6462069676355391,0.0009791795506081113,False
COAD,STAD,200,0,4,0.670892599464028,0.7148526077097506,0.04396000824572255,True
COAD,STAD,200,0,5,0.7224799010513296,0.7460832817975673,0.02360338074623769,True
COAD,STAD,200,0,6,0.6768707482993197,0.6936456400742116,0.016774891774891887,True
COAD,STAD,200,0,7,0.6403318903318903,0.6362090290661719,0.004122861265718369,False
COAD,STAD,200,0,8,0.6110595753452897,0.6384766027623171,0.02741702741702745,True
COAD,STAD,200,0,9,0.6144609358895073,0.6710214388785817,0.056560502989074335,True
COAD,STAD,200,0,10,0.6298701298701297,0.6292259327973613,0.0006441970727684154,False
COAD,STAD,200,0,11,0.589311482168625,0.6067048031333745,0.017393320964749548,True
COAD,STAD,200,0,12,0.6716656359513503,0.6651721294578438,0.006493506493506551,False
COAD,STAD,200,0,13,0.7377860235003092,0.7678829107400535,0.030096887239744352,True
COAD,STAD,200,0,14,0.6137909709338281,0.6399969078540506,0.02620593692022255,True
COAD,STAD,200,0,15,0.6252319109461966,0.6522108843537414,0.02697897340754485,True
COAD,STAD,200,0,16,0.7040816326530612,0.7131519274376417,0.009070294784580435,False
COAD,STAD,200,0,17,0.6464131106988249,0.6865594722737579,0.04014636157493301,True
COAD,STAD,200,0,18,0.5563285920428778,0.6330138115852402,0.0766852195423624,True
COAD,STAD,200,0,19,0.6129663986806844,0.7420892599464028,0.12912286126571848,True
COAD,STAD,200,10,0,0.7703566274994845,0.7603586889301175,0.009997938569367038,False
COAD,STAD,200,10,1,0.7495361781076066,0.775974025974026,0.02643784786641934,True
COAD,STAD,200,10,2,0.7548958977530406,0.746907854050711,0.007988043702329528,False
COAD,STAD,200,10,3,0.7740156668728098,0.7644557823129252,0.009559884559884546,False
COAD,STAD,200,10,4,0.7750463821892393,0.80849309420738,0.033446712018140756,True
COAD,STAD,200,10,5,0.7549474335188621,0.7581941867656152,0.0032467532467531646,False
COAD,STAD,200,10,6,0.7620593692022264,0.7633992991135847,0.0013399299113583396,False
COAD,STAD,200,10,7,0.7120696763553906,0.7202123273551845,0.008142650999793832,False
COAD,STAD,200,10,8,0.7733457019171305,0.7710265924551638,0.002319109461966673,False
COAD,STAD,200,10,9,0.756441970727685,0.7489435168006596,0.007498453927025417,False
COAD,STAD,200,10,10,0.7607194392908678,0.7441506905792621,0.01656874871160574,True
COAD,STAD,200,10,11,0.8016903731189445,0.7997320140177283,0.0019583591012162227,False
COAD,STAD,200,10,12,0.8348278705421561,0.8326118326118326,0.0022160379303235445,False
COAD,STAD,200,10,13,0.7778808493094207,0.79004329004329,0.012162440733869295,True
COAD,STAD,200,10,14,0.7893733250876108,0.782905586477015,0.006467738610595797,False
COAD,STAD,200,10,15,0.7695835910121624,0.7841424448567305,0.01455885384456801,True
COAD,STAD,200,10,16,0.7721603793032364,0.7667748917748918,0.005385487528344668,False
COAD,STAD,200,10,17,0.7412904555761699,0.7429396000824571,0.0016491445062871701,False
COAD,STAD,200,10,18,0.7068130282415996,0.7262935477221192,0.019480519480519543,True
COAD,STAD,200,10,19,0.7692228406514121,0.8073593073593073,0.03813646670789517,True
COAD,STAD,200,20,0,0.7871572871572872,0.7794269222840651,0.007730364873222095,False
COAD,STAD,200,20,1,0.7891156462585034,0.8035971964543392,0.014481550195835857,True
COAD,STAD,200,20,2,0.7716965574108431,0.766852195423624,0.004844361987219048,False
COAD,STAD,200,20,3,0.7940630797773656,0.7711811997526282,0.022881880024737344,True
COAD,STAD,200,20,4,0.786384250669965,0.8036487322201608,0.017264481550195776,True
COAD,STAD,200,20,5,0.8045248402391258,0.8065862708719851,0.0020614306328592402,False
COAD,STAD,200,20,6,0.7882395382395383,0.7945784374355802,0.006338899196041914,False
COAD,STAD,200,20,7,0.7633477633477633,0.7661822304679448,0.0028344671201814275,False
COAD,STAD,200,20,8,0.8178726035868893,0.8044217687074829,0.013450834879406348,True
COAD,STAD,200,20,9,0.7772108843537414,0.7797103689960831,0.0024994846423417316,False
COAD,STAD,200,20,10,0.7871057513914657,0.7808441558441557,0.006261595547309984,False
COAD,STAD,200,20,11,0.8078746650175221,0.8074108431251288,0.0004638218923933568,False
COAD,STAD,200,20,12,0.8265821480107194,0.8329725829725829,0.006390434961863534,False
COAD,STAD,200,20,13,0.8062255205112348,0.812641723356009,0.006416202844774288,False
COAD,STAD,200,20,14,0.7653061224489796,0.7589414553700267,0.00636466707895289,False
COAD,STAD,200,20,15,0.7876726448155019,0.7989847454133169,0.011312100597814956,True
COAD,STAD,200,20,16,0.7776231704803133,0.7747113997113997,0.0029117707689135797,False
COAD,STAD,200,20,17,0.7402082044939188,0.7400535971964544,0.00015460729746441526,False
COAD,STAD,200,20,18,0.744743351886209,0.7684498041640898,0.02370645227788082,True
COAD,STAD,200,20,19,0.7654091939806226,0.8071273964131107,0.04171820243248814,True
COAD,STAD,200,30,0,0.8177695320552464,0.8161976911976913,0.001571840857555129,False
COAD,STAD,200,30,1,0.8363739435168006,0.8376881055452483,0.0013141620284476963,False
COAD,STAD,200,30,2,0.8027726242011956,0.8017934446505874,0.0009791795506081113,False
COAD,STAD,200,30,3,0.8221500721500722,0.7952741702741702,0.026875901875901942,True
COAD,STAD,200,30,4,0.8009173366316222,0.8146773861059575,0.01376004947433529,True
COAD,STAD,200,30,5,0.799268192125335,0.8021541950113379,0.0028860028860029363,False
COAD,STAD,200,30,6,0.8196248196248197,0.8274324881467738,0.007807668521954136,False
COAD,STAD,200,30,7,0.8076685219542362,0.8196248196248196,0.011956297670583371,True
COAD,STAD,200,30,8,0.8110698824984539,0.8045506081220367,0.0065192743764171945,False
COAD,STAD,200,30,9,0.7872088229231087,0.8108895073180786,0.023680684394969953,True
COAD,STAD,200,30,10,0.7878272521129663,0.7865903937332508,0.0012368583797155441,False
COAD,STAD,200,30,11,0.8207586064728922,0.8303442589156874,0.00958565244279519,False
COAD,STAD,200,30,12,0.8315295815295816,0.8335910121624407,0.002061430632859129,False
COAD,STAD,200,30,13,0.7848381776953205,0.8013296227581941,0.01649144506287359,True
COAD,STAD,200,30,14,0.7994227994227993,0.7969233147804577,0.0024994846423415096,False
COAD,STAD,200,30,15,0.8159142444856731,0.8131828488971347,0.00273139558853841,False
COAD,STAD,200,30,16,0.8100391671820244,0.8149608328179757,0.004921665635951311,False
COAD,STAD,200,30,17,0.7599979385693671,0.7587610801896516,0.0012368583797155441,False
COAD,STAD,200,30,18,0.7968460111317254,0.8041640898783754,0.007318078746650025,False
COAD,STAD,200,30,19,0.7852504638218923,0.8087250051535766,0.02347454133168425,True
COAD,STAD,200,40,0,0.818387961245104,0.8154504225932797,0.002937538651824334,False
COAD,STAD,200,40,1,0.852195423623995,0.8618583797155226,0.009662956091527564,False
COAD,STAD,200,40,2,0.8144197072768501,0.8117398474541331,0.0026798598227170123,False
COAD,STAD,200,40,3,0.7929292929292929,0.7865130900845185,0.006416202844774399,False
COAD,STAD,200,40,4,0.783498247783962,0.7942949907235621,0.01079674293960009,True
COAD,STAD,200,40,5,0.8142650999793858,0.8039579468150897,0.01030715316429609,True
COAD,STAD,200,40,6,0.8366831581117294,0.8378169449598021,0.0011337868480726376,False
COAD,STAD,200,40,7,0.8081838796124511,0.8107091321377036,0.002525252525252486,False
COAD,STAD,200,40,8,0.8011234796949083,0.8013811585240156,0.00025767882910732176,False
COAD,STAD,200,40,9,0.8459595959595959,0.8518346732632447,0.005875077303648779,False
COAD,STAD,200,40,10,0.7575757575757575,0.7587095444238301,0.0011337868480726376,False
COAD,STAD,200,40,11,0.8390538033395176,0.8439754689754689,0.004921665635951311,False
COAD,STAD,200,40,12,0.8223046794475366,0.831271902700474,0.008967223252937417,False
COAD,STAD,200,40,13,0.8026180169037311,0.7936765615337044,0.008941455370026774,False
COAD,STAD,200,40,14,0.8058132343846629,0.8115079365079365,0.0056947021232736095,False
COAD,STAD,200,40,15,0.8264275407132551,0.8276643990929704,0.001236858379715322,False
COAD,STAD,200,40,16,0.8185941043083901,0.8168161203875488,0.001777983920841275,False
COAD,STAD,200,40,17,0.7630385487528345,0.7718769325912183,0.008838383838383757,False
COAD,STAD,200,40,18,0.8077200577200576,0.8118686868686869,0.004148629148629235,False
COAD,STAD,200,40,19,0.752267573696145,0.7778035456606885,0.02553597196454349,True
COAD,STAD,200,50,0,0.8304473304473303,0.8219439290867863,0.00850340136054406,False
COAD,STAD,200,50,1,0.8525046382189239,0.8725262832405689,0.02002164502164505,True
COAD,STAD,200,50,2,0.8451350237064523,0.8379200164914451,0.00721500721500723,False
COAD,STAD,200,50,3,0.7996289424860853,0.7885745207173778,0.011054421768707523,True
COAD,STAD,200,50,4,0.8071531642960215,0.8129251700680271,0.005772005772005651,False
COAD,STAD,200,50,5,0.7996289424860853,0.7981859410430838,0.0014430014430014682,False
COAD,STAD,200,50,6,0.8507008864151722,0.8531488352916923,0.002447948876520112,False
COAD,STAD,200,50,7,0.8222531436817152,0.8242372706658421,0.001984126984126866,False
COAD,STAD,200,50,8,0.7911770768913626,0.8007884972170687,0.009611420325706055,False
COAD,STAD,200,50,9,0.8299319727891157,0.8345186559472274,0.004586683158111726,False
COAD,STAD,200,50,10,0.7794784580498865,0.7772108843537414,0.0022675736961450532,False
COAD,STAD,200,50,11,0.852298495155638,0.8584054834054833,0.0061069882498452355,False
COAD,STAD,200,50,12,0.8313234384662955,0.8386930529787673,0.007369614512471756,False
COAD,STAD,200,50,13,0.8248814677386106,0.817511853226139,0.007369614512471645,False
COAD,STAD,200,50,14,0.7950422593279735,0.799268192125335,0.004225932797361498,False
COAD,STAD,200,50,15,0.8269944341372912,0.8282312925170068,0.0012368583797155441,False
COAD,STAD,200,50,16,0.8059163059163058,0.8022314986600702,0.003684807256235656,False
COAD,STAD,200,50,17,0.7820552463409607,0.7876984126984126,0.005643166357451879,False
COAD,STAD,200,50,18,0.8050917336631622,0.810271078128221,0.005179344465058744,False
COAD,STAD,200,50,19,0.7729334157905586,0.7972582972582971,0.02432488146773848,True
COAD,STAD,200,60,0,0.823747680890538,0.8147804576376005,0.008967223252937417,False
COAD,STAD,200,60,1,0.8412698412698412,0.8693826015254587,0.028112760255617486,True
COAD,STAD,200,60,2,0.851010101010101,0.8397237682951968,0.011286332714904201,True
COAD,STAD,200,60,3,0.793805400948258,0.7834209441352298,0.010384456813028242,True
COAD,STAD,200,60,4,0.8160173160173161,0.8220985363842506,0.006081220366934481,False
COAD,STAD,200,60,5,0.8226138940424655,0.8242888064316635,0.0016749123891979245,False
COAD,STAD,200,60,6,0.8447227375798804,0.8519119769119768,0.007189239332096475,False
COAD,STAD,200,60,7,0.8127705627705628,0.8178983714698,0.005127808699237235,False
COAD,STAD,200,60,8,0.8088023088023086,0.8123840445269017,0.0035817357245930825,False
COAD,STAD,200,60,9,0.8580189651618222,0.8485363842506699,0.009482580911152283,False
COAD,STAD,200,60,10,0.7825706039991754,0.7728818800247371,0.009688723974438318,False
COAD,STAD,200,60,11,0.8813646670789528,0.8845341166769738,0.0031694495980210124,False
COAD,STAD,200,60,12,0.8474025974025974,0.8429705215419501,0.004432075860647311,False
COAD,STAD,200,60,13,0.8524531024531025,0.8447742733457019,0.0076788291074005866,False
COAD,STAD,200,60,14,0.8283858998144713,0.8326376004947433,0.00425170068027203,False
COAD,STAD,200,60,15,0.8158627087198516,0.8256029684601113,0.009740259740259716,False
COAD,STAD,200,60,16,0.8325602968460111,0.8276386312100598,0.004921665635951311,False
COAD,STAD,200,60,17,0.7608740465883324,0.7617243867243866,0.0008503401360542284,False
COAD,STAD,200,60,18,0.8399814471243042,0.8303700267985983,0.009611420325705944,False
COAD,STAD,200,60,19,0.7921047206761492,0.8033652855081426,0.011260564831993336,True
COAD,STAD,200,70,0,0.8266852195423624,0.8260152545866831,0.0006699649556792808,False
COAD,STAD,200,70,1,0.84714491857349,0.8641259534116676,0.0169810348381777,True
COAD,STAD,200,70,2,0.8438981653267368,0.8307565450422593,0.013141620284477518,True
COAD,STAD,200,70,3,0.803030303030303,0.7937023294166151,0.009327973613687868,False
COAD,STAD,200,70,4,0.8160688517831375,0.8214543393114822,0.005385487528344668,False
COAD,STAD,200,70,5,0.8252937538651824,0.8195990517419087,0.0056947021232737205,False
COAD,STAD,200,70,6,0.8493094207379921,0.8485621521335807,0.000747268604411433,False
COAD,STAD,200,70,7,0.8241084312512884,0.8416563595135024,0.017547928262213963,True
COAD,STAD,200,70,8,0.8217893217893217,0.8250103071531643,0.003220985363842521,False
COAD,STAD,200,70,9,0.8633271490414347,0.8547464440321582,0.008580705009276546,False
COAD,STAD,200,70,10,0.8080808080808082,0.8004535147392289,0.0076272933415793,False
COAD,STAD,200,70,11,0.8582251082251082,0.8679653679653678,0.009740259740259605,False
COAD,STAD,200,70,12,0.853586889301175,0.8489486703772419,0.004638218923933124,False
COAD,STAD,200,70,13,0.862502576788291,0.8465264893836323,0.015976087404658723,True
COAD,STAD,200,70,14,0.8371985157699444,0.8392857142857142,0.0020871985157697726,False
COAD,STAD,200,70,15,0.8648216862502577,0.8669861884147597,0.0021645021645020357,False
COAD,STAD,200,70,16,0.8218408575551432,0.824933003504432,0.0030921459492887493,False
COAD,STAD,200,70,17,0.7859719645433931,0.7790146361574933,0.006957328385899797,False
COAD,STAD,200,70,18,0.8227169655741084,0.8193929086786229,0.0033240568954855387,False
COAD,STAD,200,70,19,0.8118429189857761,0.8236703772418058,0.01182745825602971,True
COAD,STAD,200,80,0,0.8384869099154814,0.832766439909297,0.005720470006184364,False
COAD,STAD,200,80,1,0.8598742527313956,0.8649505256648113,0.005076272933415726,False
COAD,STAD,200,80,2,0.8401875901875901,0.8436404864976293,0.0034528963100391996,False
COAD,STAD,200,80,3,0.8134920634920636,0.8049628942486085,0.008529169243455148,False
COAD,STAD,200,80,4,0.8220985363842508,0.8216089466089467,0.0004895897753041112,False
COAD,STAD,200,80,5,0.8203463203463204,0.8015099979385694,0.018836322407751016,True
COAD,STAD,200,80,6,0.8615749330035044,0.8612914862914862,0.00028344671201818716,False
COAD,STAD,200,80,7,0.8265821480107195,0.839698000412286,0.013115852401566541,True
COAD,STAD,200,80,8,0.8426097711811997,0.8484075448361162,0.005797773654916516,False
COAD,STAD,200,80,9,0.8722428365285508,0.871031746031746,0.0012110904968047898,False
COAD,STAD,200,80,10,0.8258091115233973,0.8194186765615337,0.006390434961863645,False
COAD,STAD,200,80,11,0.8571943929086785,0.8635590599876314,0.00636466707895289,False
COAD,STAD,200,80,12,0.858534322820037,0.8543599257884972,0.004174397031539878,False
COAD,STAD,200,80,13,0.8628633271490415,0.8613172541743971,0.0015460729746443747,False
COAD,STAD,200,80,14,0.843176664605236,0.8456246134817563,0.002447948876520334,False
COAD,STAD,200,80,15,0.8577097505668935,0.8577612863327149,5.153576582139774e-05,False
COAD,STAD,200,80,16,0.8246237889095033,0.8287208822923108,0.004097093382807504,False
COAD,STAD,200,80,17,0.757833436404865,0.7641981034838177,0.006364667078952668,False
COAD,STAD,200,80,18,0.8189033189033188,0.8171511028653885,0.0017522160379302987,False
COAD,STAD,200,80,19,0.8221500721500721,0.8226396619253762,0.0004895897753041112,False
COAD,STAD,200,90,0,0.8620387548958977,0.8513708513708513,0.010667903525046318,True
COAD,STAD,200,90,1,0.8500824572253144,0.8578385899814471,0.007756132756132739,False
COAD,STAD,200,90,2,0.8484848484848484,0.8433312719027005,0.0051535765821478785,False
COAD,STAD,200,90,3,0.827612863327149,0.822356215213358,0.005256648113791007,False
COAD,STAD,200,90,4,0.8435374149659863,0.8315295815295816,0.012007833436404769,True
COAD,STAD,200,90,5,0.8517316017316017,0.8422232529375386,0.009508348794063037,False
COAD,STAD,200,90,6,0.8572459286745,0.8627860235003092,0.005540094825809194,False
COAD,STAD,200,90,7,0.8463718820861678,0.8533549783549784,0.006983096268810662,False
COAD,STAD,200,90,8,0.8505978148835291,0.8551071943929086,0.004509379509379463,False
COAD,STAD,200,90,9,0.874613481756339,0.8689187796330653,0.0056947021232737205,False
COAD,STAD,200,90,10,0.8285920428777571,0.8298546691403833,0.0012626262626261875,False
COAD,STAD,200,90,11,0.8788394145537003,0.8830138115852402,0.004174397031539878,False
COAD,STAD,200,90,12,0.8886312100597815,0.8806947021232735,0.00793650793650802,False
COAD,STAD,200,90,13,0.8436920222634507,0.832972582972583,0.010719439290867716,True
COAD,STAD,200,90,14,0.8563182848897134,0.8487940630797773,0.00752422180993606,False
COAD,STAD,200,90,15,0.8589981447124304,0.8552875695732838,0.0037105751391466324,False
COAD,STAD,200,90,16,0.8071531642960215,0.8104772211915068,0.0033240568954853167,False
COAD,STAD,200,90,17,0.7895279323850753,0.7948618841475984,0.005333951762523048,False
COAD,STAD,200,90,18,0.8413213770356627,0.8365285508142651,0.004792826221397539,False
COAD,STAD,200,90,19,0.8269428983714697,0.8219181612038755,0.005024737167594218,False
COAD,STAD,200,100,0,0.8566790352504637,0.850211296639868,0.006467738610595686,False
COAD,STAD,200,100,1,0.868841475984333,0.8760822510822511,0.007240775097918095,False
COAD,STAD,200,100,2,0.8500309214594929,0.8490002061430632,0.0010307153164297311,False
COAD,STAD,200,100,3,0.8387961245104102,0.8479952587095443,0.009199134199134096,False
COAD,STAD,200,100,4,0.8526592455163884,0.849824778396207,0.0028344671201814275,False
COAD,STAD,200,100,5,0.8481240981240982,0.8464749536178107,0.0016491445062875032,False
COAD,STAD,200,100,6,0.8423520923520924,0.850314368171511,0.007962275819418552,False
COAD,STAD,200,100,7,0.8595650381364668,0.8620387548958977,0.0024737167594308662,False
COAD,STAD,200,100,8,0.842867450010307,0.8497990105132962,0.006931560502989154,False
COAD,STAD,200,100,9,0.8648216862502577,0.8605699855699855,0.004251700680272141,False
COAD,STAD,200,100,10,0.84575345289631,0.8416563595135024,0.004097093382807615,False
COAD,STAD,200,100,11,0.8722428365285508,0.8735569985569986,0.0013141620284478073,False
COAD,STAD,200,100,12,0.8866728509585652,0.8801793444650587,0.00649350649350644,False
COAD,STAD,200,100,13,0.828798185941043,0.8333591012162441,0.004560915275201083,False
COAD,STAD,200,100,14,0.8524531024531025,0.8528138528138528,0.0003607503607503393,False
COAD,STAD,200,100,15,0.8735827664399093,0.8707998350855493,0.00278293135436003,False
COAD,STAD,200,100,16,0.8500309214594929,0.8550041228612657,0.00497320140177282,False
COAD,STAD,200,100,17,0.8033395176252319,0.8101164708307567,0.006776953205524738,False
COAD,STAD,200,100,18,0.8483817769532055,0.8434858792001649,0.004895897753040557,False
COAD,STAD,200,100,19,0.8397237682951968,0.8448000412286126,0.005076272933415837,False
STAD,COAD,50,0,0,0.5283911671924291,0.6293588541222611,0.10096768692983205,True
STAD,COAD,50,0,1,0.5768607724443687,0.672286639952255,0.09542586750788629,True
STAD,COAD,50,0,2,0.5733651632705261,0.6356040583169921,0.06223889504646596,True
STAD,COAD,50,0,3,0.6529115866655298,0.6469008440617273,0.006010742603802521,False
STAD,COAD,50,0,4,0.6450251513342995,0.6696436183817887,0.024618467047489156,True
STAD,COAD,50,0,5,0.5827862562878335,0.6029712677977663,0.020185011509932793,True
STAD,COAD,50,0,6,0.6008184840992412,0.6265240003410351,0.025705516241793847,True
STAD,COAD,50,0,7,0.44615909284679,0.5150908005797595,0.06893170773296953,True
STAD,COAD,50,0,8,0.47851479239491856,0.4679853354932219,0.010529456901696654,True
STAD,COAD,50,0,9,0.5880722994287663,0.5804629550686333,0.007609344360132941,False
STAD,COAD,50,0,10,0.54271463892915,0.5534572427316907,0.010742603802540773,True
STAD,COAD,50,0,11,0.6577713360047746,0.6545741324921135,0.003197203512661062,False
STAD,COAD,50,0,12,0.4829908773126439,0.5391977150652228,0.05620683775257895,True
STAD,COAD,50,0,13,0.5786512064114588,0.6044206667235058,0.025769460312046966,True
STAD,COAD,50,0,14,0.5756245204194731,0.6135646687697162,0.037940148350243064,True
STAD,COAD,50,0,15,0.6313837496802795,0.6497570125330377,0.0183732628527582,True
STAD,COAD,50,0,16,0.688762895387501,0.6853525449739961,0.0034103504135049034,False
STAD,COAD,50,0,17,0.4950549919004178,0.5757310938698951,0.08067610196947728,True
STAD,COAD,50,0,18,0.6704322619149118,0.709011850967687,0.038579589052775254,True
STAD,COAD,50,0,19,0.5477875351692387,0.5357234205814647,0.01206411458777401,True
STAD,COAD,50,10,0,0.5806974166595618,0.6828587262341206,0.10216130957455882,True
STAD,COAD,50,10,1,0.6332168130275386,0.7052604655128313,0.07204365248529265,True
STAD,COAD,50,10,2,0.6046551283144344,0.6848409924119703,0.08018586409753592,True
STAD,COAD,50,10,3,0.7192855315883707,0.6985889675164123,0.020696564071958412,True
STAD,COAD,50,10,4,0.6900844061727343,0.6952212464830763,0.005136840310342006,False
STAD,COAD,50,10,5,0.594296188933413,0.6327905192258505,0.03849433029243754,True
STAD,COAD,50,10,6,0.67695455708074,0.668769716088328,0.008184840992412012,False
STAD,COAD,50,10,7,0.5432688208713445,0.5772870662460569,0.03401824537471232,True
STAD,COAD,50,10,8,0.5477449057890699,0.5379401483502431,0.009804757438826806,False
STAD,COAD,50,10,9,0.6139483331912354,0.6437036405490664,0.02975530735783094,True
STAD,COAD,50,10,10,0.6275471054650865,0.658794441128826,0.031247335663739495,True
STAD,COAD,50,10,11,0.6847557336516327,0.6768266689402336,0.007929064711399092,False
STAD,COAD,50,10,12,0.5309489300025577,0.5942109301730754,0.06326200017051764,True
STAD,COAD,50,10,13,0.6037599113308894,0.6044206667235059,0.0006607553926165632,False
STAD,COAD,50,10,14,0.6334725893085514,0.6399735697842953,0.006500980475743878,False
STAD,COAD,50,10,15,0.6373092335237445,0.6856296359450935,0.04832040242134905,True
STAD,COAD,50,10,16,0.698993946628016,0.7004859749339244,0.0014920283059084438,False
STAD,COAD,50,10,17,0.5679938613692557,0.618019438997357,0.050025577628101336,True
STAD,COAD,50,10,18,0.6487339074089863,0.7520462102481029,0.10331230283911663,True
STAD,COAD,50,10,19,0.6288259868701509,0.6221971182539006,0.0066288686162503385,False
STAD,COAD,50,20,0,0.6293375394321766,0.6622474209224998,0.032909881490323145,True
STAD,COAD,50,20,1,0.6818569358001534,0.6808551453661864,0.0010017904339669759,False
STAD,COAD,50,20,2,0.5704663654190467,0.6313624349901952,0.06089606957114846,True
STAD,COAD,50,20,3,0.7080313752238042,0.6965853866484781,0.011445988575326083,True
STAD,COAD,50,20,4,0.7484440276238384,0.7383408645238297,0.010103163100008694,True
STAD,COAD,50,20,5,0.5928041606275045,0.6366911075112968,0.043886946883792244,True
STAD,COAD,50,20,6,0.6759314519566886,0.6685778838775684,0.007353568079120132,False
STAD,COAD,50,20,7,0.6048682752152783,0.6083212550089521,0.0034529797936737605,False
STAD,COAD,50,20,8,0.6080654787279393,0.5995822320743457,0.008483246653593568,False
STAD,COAD,50,20,9,0.6320658197629807,0.6611390570381107,0.029073237275130004,True
STAD,COAD,50,20,10,0.639014408730497,0.6556185523062494,0.01660414357575246,True
STAD,COAD,50,20,11,0.6630147497655385,0.6718177167703983,0.008802967004859719,False
STAD,COAD,50,20,12,0.5247250404979111,0.5785446329610366,0.05381959246312551,True
STAD,COAD,50,20,13,0.5636882939722057,0.5893298661437463,0.025641572171540616,True
STAD,COAD,50,20,14,0.5145366186375651,0.5867507886435331,0.07221417000596808,True
STAD,COAD,50,20,15,0.6009037428595788,0.6442151931110921,0.043311450251513284,True
STAD,COAD,50,20,16,0.6142467388524171,0.6378421007758547,0.023595361923437586,True
STAD,COAD,50,20,17,0.6843294398499447,0.6727342484440275,0.011595191405917138,True
STAD,COAD,50,20,18,0.654019950549919,0.7801389717793503,0.1261190212294313,True
STAD,COAD,50,20,19,0.6754625287748317,0.6622047915423309,0.013257737232500788,True
STAD,COAD,50,30,0,0.6157813965384943,0.6479665785659476,0.03218518202745335,True
STAD,COAD,50,30,1,0.5815926336431068,0.6248614545144514,0.04326882087134465,True
STAD,COAD,50,30,2,0.5870491943047147,0.6372666041435757,0.05021740983886103,True
STAD,COAD,50,30,3,0.616335578480689,0.6701338562537301,0.05379827777304114,True
STAD,COAD,50,30,4,0.7343763321681303,0.7704407877909456,0.03606445562281535,True
STAD,COAD,50,30,5,0.5886264813709609,0.620491943047148,0.0318654616761872,True
STAD,COAD,50,30,6,0.7144257822491261,0.7016582828885667,0.012767499360559431,True
STAD,COAD,50,30,7,0.628570210589138,0.6673842612328416,0.03881405064370358,True
STAD,COAD,50,30,8,0.6395685906726916,0.6318100434819678,0.007758547190723775,False
STAD,COAD,50,30,9,0.6784039560064796,0.7081166339841418,0.029712677977662194,True
STAD,COAD,50,30,10,0.6262682240600222,0.6974379742518544,0.07116975019183214,True
STAD,COAD,50,30,11,0.7100349560917384,0.704088157558189,0.005946798533549402,False
STAD,COAD,50,30,12,0.5916957967431153,0.6279094551965214,0.03621365845340607,True
STAD,COAD,50,30,13,0.6098132833148605,0.6713487935885413,0.06153551027368076,True
STAD,COAD,50,30,14,0.5637735527325434,0.6507588029670048,0.08698525023446146,True
STAD,COAD,50,30,15,0.5584448802114417,0.6399948844743797,0.08155000426293801,True
STAD,COAD,50,30,16,0.6053798277773041,0.6514408730497059,0.046061045272401735,True
STAD,COAD,50,30,17,0.707391934521272,0.7060277943558699,0.0013641401654020946,False
STAD,COAD,50,30,18,0.6110495353397563,0.7355273254326883,0.12447779009293203,True
STAD,COAD,50,30,19,0.6280586580271124,0.624051496291244,0.0040071617358683476,False
STAD,COAD,50,40,0,0.659689658112371,0.6934947565862393,0.033805098473868256,True
STAD,COAD,50,40,1,0.6217068803819592,0.6842441810896069,0.06253730070764774,True
STAD,COAD,50,40,2,0.5802711228578736,0.6045911842441811,0.02432006138630749,True
STAD,COAD,50,40,3,0.6186375650098048,0.6414655980902038,0.022828033080398935,True
STAD,COAD,50,40,4,0.7057293886946885,0.7608491772529626,0.05511978855827415,True
STAD,COAD,50,40,5,0.6087475488106402,0.6324921135646688,0.02374456475402864,True
STAD,COAD,50,40,6,0.7388524170858556,0.7268522465683348,0.01200017051752078,True
STAD,COAD,50,40,7,0.6336431068292269,0.6849262511723079,0.05128314434308101,True
STAD,COAD,50,40,8,0.6356466876971608,0.620854292778583,0.014792394918577867,True
STAD,COAD,50,40,9,0.6527836985250234,0.7065606616079803,0.053776963082956875,True
STAD,COAD,50,40,10,0.6584534060874755,0.7169835450592548,0.05853013897177928,True
STAD,COAD,50,40,11,0.7226106232415381,0.7152357404723335,0.007374882769204616,False
STAD,COAD,50,40,12,0.6066587091823685,0.6503751385454857,0.04371642936311715,True
STAD,COAD,50,40,13,0.6171029073237275,0.6731605422457159,0.05605763492198834,True
STAD,COAD,50,40,14,0.5868786767840396,0.691533805098474,0.10465512831443435,True
STAD,COAD,50,40,15,0.6085344019097961,0.695796743115355,0.08726234120555887,True
STAD,COAD,50,40,16,0.6336431068292268,0.6922585045613437,0.05861539773211699,True
STAD,COAD,50,40,17,0.7171114331997612,0.7214596299769802,0.004348196777218982,False
STAD,COAD,50,40,18,0.6172307954642339,0.725381532952511,0.10815073748827708,True
STAD,COAD,50,40,19,0.6656151419558359,0.6536362861283996,0.011978855827436297,True
STAD,COAD,50,50,0,0.6141188507119106,0.6765922073493051,0.062473356637394506,True
STAD,COAD,50,50,1,0.6295933157131895,0.6717537727001449,0.042160456986955364,True
STAD,COAD,50,50,2,0.5885838519907921,0.6477960610452724,0.059212209054480325,True
STAD,COAD,50,50,3,0.6191917469519993,0.6425100179043397,0.023318270952340403,True
STAD,COAD,50,50,4,0.6812174950976212,0.7635774575837667,0.08235996248614552,True
STAD,COAD,50,50,5,0.5830420325688463,0.6280373433370279,0.04499531076818153,True
STAD,COAD,50,50,6,0.7305823173331061,0.7175377270014494,0.013044590331656725,True
STAD,COAD,50,50,7,0.5896069571148436,0.6466876971608833,0.05708074004603969,True
STAD,COAD,50,50,8,0.7344189615482991,0.7394705430983033,0.0050515815500041805,False
STAD,COAD,50,50,9,0.5980902037684372,0.6463892914997016,0.048299087731264345,True
STAD,COAD,50,50,10,0.6631852672862137,0.6941768266689402,0.030991559382726463,True
STAD,COAD,50,50,11,0.6732031716258845,0.7074771932816095,0.03427402165572502,True
STAD,COAD,50,50,12,0.664933071873135,0.6788302498081679,0.013897177935032867,True
STAD,COAD,50,50,13,0.6139483331912354,0.6450890954045528,0.031140762213317408,True
STAD,COAD,50,50,14,0.6130531162076904,0.7090544803478557,0.09600136414016525,True
STAD,COAD,50,50,15,0.577713360047745,0.6801517605934009,0.1024384005456559,True
STAD,COAD,50,50,16,0.6710290732372751,0.716727768778242,0.04569869554096684,True
STAD,COAD,50,50,17,0.7017648563389889,0.7014238212976384,0.00034103504135052365,False
STAD,COAD,50,50,18,0.6364140165401996,0.7412822917554778,0.1048682752152782,True
STAD,COAD,50,50,19,0.695796743115355,0.6957967431153551,1.1102230246251565e-16,False
STAD,COAD,50,60,0,0.5985591269502941,0.6740344445391764,0.07547531758888226,True
STAD,COAD,50,60,1,0.643362605507716,0.6667661352203939,0.023403529712677895,True
STAD,COAD,50,60,2,0.6010316310000853,0.6494159774916872,0.04838434649160195,True
STAD,COAD,50,60,3,0.6468155853013897,0.6549577969136329,0.008142211612243155,False
STAD,COAD,50,60,4,0.6923011339415124,0.7290050302668598,0.03670389632534743,True
STAD,COAD,50,60,5,0.5801858640975361,0.6286554693494757,0.04846960525193955,True
STAD,COAD,50,60,6,0.6784039560064797,0.6876332168130275,0.009229260806547734,False
STAD,COAD,50,60,7,0.5819762980646261,0.6420837241026516,0.060107426038025435,True
STAD,COAD,50,60,8,0.738980305226362,0.7526003921902976,0.013620086963935574,True
STAD,COAD,50,60,9,0.588626481370961,0.6301048682752153,0.041478386904254316,True
STAD,COAD,50,60,10,0.6417000596811323,0.6808764600562708,0.039176400375138476,True
STAD,COAD,50,60,11,0.687654531503112,0.7137863415465937,0.02613181004348175,True
STAD,COAD,50,60,12,0.7082445221246483,0.7189658112371047,0.0107212891124564,True
STAD,COAD,50,60,13,0.6357745758376673,0.6635049876374798,0.027730411799812504,True
STAD,COAD,50,60,14,0.6479665785659476,0.7242305396879529,0.07626396112200529,True
STAD,COAD,50,60,15,0.6081507374882769,0.658112371046125,0.049961633557848106,True
STAD,COAD,50,60,16,0.6791712848495182,0.718305055844488,0.03913377099496984,True
STAD,COAD,50,60,17,0.6923437633216813,0.6696223036917044,0.02272145962997696,True
STAD,COAD,50,60,18,0.6089606957114844,0.7009975274959502,0.09203683178446587,True
STAD,COAD,50,60,19,0.7389803052263619,0.7424759144002046,0.0034956091738426176,False
STAD,COAD,50,70,0,0.6111347941000937,0.6922158751811749,0.08108108108108114,True
STAD,COAD,50,70,1,0.6329184073663568,0.6969477363799129,0.06402932901355607,True
STAD,COAD,50,70,2,0.6397817375735357,0.7125714042117827,0.07278966663824693,True
STAD,COAD,50,70,3,0.6484355017478046,0.6571745246824111,0.008739022934606488,False
STAD,COAD,50,70,4,0.7429874669622305,0.7463978173757351,0.0034103504135045704,False
STAD,COAD,50,70,5,0.6564498252195413,0.6844146986102821,0.02796487339074083,True
STAD,COAD,50,70,6,0.5569954812857021,0.5711058061215789,0.01411032483587682,True
STAD,COAD,50,70,7,0.5887543695114673,0.6366697928212124,0.047915423309745075,True
STAD,COAD,50,70,8,0.7385113820445051,0.752728280330804,0.014216898286298907,True
STAD,COAD,50,70,9,0.6467729559212209,0.692642168982863,0.045869213061642156,True
STAD,COAD,50,70,10,0.7009975274959502,0.7344615909284677,0.03346406343251751,True
STAD,COAD,50,70,11,0.7521527836985251,0.761701764856339,0.009548981157813885,False
STAD,COAD,50,70,12,0.7239747634069401,0.7348452553499872,0.010870491943047123,True
STAD,COAD,50,70,13,0.6470287322022338,0.6760806547872793,0.02905192258504552,True
STAD,COAD,50,70,14,0.6752920112541563,0.7484866570040071,0.0731946457498508,True
STAD,COAD,50,70,15,0.6108790178190809,0.6693665274106915,0.05848750959161053,True
STAD,COAD,50,70,16,0.6970329951402507,0.7190510699974423,0.02201807485719154,True
STAD,COAD,50,70,17,0.7185182027453321,0.7118253900588285,0.006692812686503569,False
STAD,COAD,50,70,18,0.6689828629891721,0.7037258078267542,0.03474294483758211,True
STAD,COAD,50,70,19,0.7804586921306165,0.790306078949612,0.009847386818995552,False
STAD,COAD,50,80,0,0.6355614289368232,0.7001449398925739,0.06458351095575066,True
STAD,COAD,50,80,1,0.6606275044760849,0.7437974251854378,0.08316992070935292,True
STAD,COAD,50,80,2,0.6746099411714556,0.7620427998976895,0.08743285872623396,True
STAD,COAD,50,80,3,0.6640804842697586,0.6615653508397988,0.0025151334299597927,False
STAD,COAD,50,80,4,0.7405149629124392,0.7668386051666809,0.026323642254241664,True
STAD,COAD,50,80,5,0.678105550345298,0.6961804075368745,0.018074857191576532,True
STAD,COAD,50,80,6,0.6289965043908262,0.6471779350328246,0.018181430641998397,True
STAD,COAD,50,80,7,0.6094722482735102,0.6676187228237702,0.05814647455026001,True
STAD,COAD,50,80,8,0.7495097621280585,0.7545826583681474,0.005072896240088887,False
STAD,COAD,50,80,9,0.6698780799727172,0.6760167107170261,0.006138630744308871,False
STAD,COAD,50,80,10,0.6984397646858215,0.7225679938613694,0.02412822917554791,True
STAD,COAD,50,80,11,0.7322022337795208,0.7677125074601415,0.03551027368062076,True
STAD,COAD,50,80,12,0.7534742944837582,0.7581422116122432,0.004667917128484911,False
STAD,COAD,50,80,13,0.6597749168727086,0.6716258845596385,0.011850967686929836,True
STAD,COAD,50,80,14,0.6827095234035297,0.7500426293801689,0.06733310597663911,True
STAD,COAD,50,80,15,0.604015687611902,0.6482010401568761,0.04418535254497402,True
STAD,COAD,50,80,16,0.6406343251769119,0.6630360644556229,0.02240173927871103,True
STAD,COAD,50,80,17,0.7501918322107597,0.7503197203512662,0.00012788814050646025,False
STAD,COAD,50,80,18,0.6788728791883366,0.7002088839628272,0.021336004774490602,True
STAD,COAD,50,80,19,0.8007076477108023,0.8111092164719925,0.01040156876119025,True
STAD,COAD,50,90,0,0.684031034188763,0.7238042458862648,0.03977321169750181,True
STAD,COAD,50,90,1,0.6916616932389803,0.7716344104356724,0.07997271719669208,True
STAD,COAD,50,90,2,0.677167703981584,0.7627248699803906,0.08555716599880658,True
STAD,COAD,50,90,3,0.6814732713786341,0.6890186716685139,0.007545400289879822,False
STAD,COAD,50,90,4,0.707391934521272,0.7404723335322705,0.03308039901099846,True
STAD,COAD,50,90,5,0.6718390314604825,0.6798107255520505,0.007971694091567949,False
STAD,COAD,50,90,6,0.6552135731946458,0.681366697928212,0.026153124733566235,True
STAD,COAD,50,90,7,0.5922073493051411,0.6500554181942194,0.05784806888907834,True
STAD,COAD,50,90,8,0.7541137351862903,0.7496802796487337,0.004433455537556585,False
STAD,COAD,50,90,9,0.6662119532781994,0.6765708926592207,0.010358939381021282,True
STAD,COAD,50,90,10,0.7231221758035639,0.7488063773552733,0.025684201551709473,True
STAD,COAD,50,90,11,0.719200272828033,0.7417938443175036,0.02259357148947061,True
STAD,COAD,50,90,12,0.7637906044846108,0.7611049535339757,0.00268565095063511,False
STAD,COAD,50,90,13,0.7099496973314008,0.7190297553073578,0.009080057975957012,False
STAD,COAD,50,90,14,0.7029158496035468,0.7486571745246824,0.045741324921135584,True
STAD,COAD,50,90,15,0.6697928212123795,0.690809105635604,0.021016284423224563,True
STAD,COAD,50,90,16,0.6255008952169835,0.6276963082956774,0.002195413078693864,False
STAD,COAD,50,90,17,0.7112712081166341,0.7156620342740218,0.004390826157387617,False
STAD,COAD,50,90,18,0.6838178872879188,0.6854378037343336,0.001619916446414793,False
STAD,COAD,50,90,19,0.803734333702788,0.8145621962656662,0.010827862562878154,True
STAD,COAD,50,100,0,0.7044078779094551,0.7505754966322788,0.04616761872282371,True
STAD,COAD,50,100,1,0.7100775854719071,0.7640463807656237,0.053968795293716565,True
STAD,COAD,50,100,2,0.7083297808849859,0.7423693409497826,0.03403956006479669,True
STAD,COAD,50,100,3,0.7028305908432092,0.71536362861284,0.012533037769630773,True
STAD,COAD,50,100,4,0.7125500895216984,0.7394705430983033,0.026920453576604886,True
STAD,COAD,50,100,5,0.7203086367124222,0.7214170005968112,0.001108363884389063,False
STAD,COAD,50,100,6,0.6721800665018332,0.7114630403273936,0.03928297382556045,True
STAD,COAD,50,100,7,0.6382897092676273,0.6610111688976041,0.022721459629976848,True
STAD,COAD,50,100,8,0.7691619063858812,0.7689061301048682,0.0002557762810130315,False
STAD,COAD,50,100,9,0.6710290732372751,0.7119959075795036,0.040966834342228475,True
STAD,COAD,50,100,10,0.7667746610964276,0.7829738255605764,0.01619916446414882,True
STAD,COAD,50,100,11,0.7631511637820786,0.7744905789069827,0.011339415124904106,True
STAD,COAD,50,100,12,0.7932901355614289,0.7902847642595277,0.0030053713019012607,False
STAD,COAD,50,100,13,0.70675249381874,0.7200102310512405,0.013257737232500566,True
STAD,COAD,50,100,14,0.7329695626225595,0.7630872197118255,0.030117657089265948,True
STAD,COAD,50,100,15,0.7018927444794952,0.7161735868360473,0.014280842356552026,True
STAD,COAD,50,100,16,0.681515900758803,0.6833915934862307,0.0018756927274277135,False
STAD,COAD,50,100,17,0.7224401057208629,0.725083127291329,0.002643021570466031,False
STAD,COAD,50,100,18,0.7102907323727513,0.7218859237786682,0.011595191405916916,True
STAD,COAD,50,100,19,0.8234717367209481,0.8345553755648393,0.011083638843891186,True
STAD,COAD,100,0,0,0.6175718305055844,0.6460482564583512,0.028476425952766782,True
STAD,COAD,100,0,1,0.6141614800920794,0.6205772018074858,0.006415721715406386,False
STAD,COAD,100,0,2,0.5762213317418365,0.6184244181089606,0.04220308636712411,True
STAD,COAD,100,0,3,0.667661352203939,0.6603077841248188,0.007353568079120132,False
STAD,COAD,100,0,4,0.7125500895216983,0.7126992923522892,0.0001492028305909443,False
STAD,COAD,100,0,5,0.6731605422457158,0.659476511211527,0.013684031034188804,True
STAD,COAD,100,0,6,0.5587859152527923,0.5953192940574644,0.03653337880467211,True
STAD,COAD,100,0,7,0.5641572171540625,0.5903316565777134,0.02617443942365083,True
STAD,COAD,100,0,8,0.5401568761190213,0.5889675164123114,0.048810640293290075,True
STAD,COAD,100,0,9,0.5895643277346748,0.590416915338051,0.0008525876033761426,False
STAD,COAD,100,0,10,0.5513257737232501,0.5813794867422628,0.030053713019012718,True
STAD,COAD,100,0,11,0.7105038792735954,0.6833915934862307,0.027112285787364687,True
STAD,COAD,100,0,12,0.6062324153806803,0.6682155341461335,0.06198311876545326,True
STAD,COAD,100,0,13,0.6379913036064456,0.662098218091909,0.024106914485463427,True
STAD,COAD,100,0,14,0.5913121323215961,0.672180066501833,0.08086793418023697,True
STAD,COAD,100,0,15,0.6473271378634154,0.6872282377014238,0.03990109983800838,True
STAD,COAD,100,0,16,0.674908346832637,0.697992156194049,0.023083809361411967,True
STAD,COAD,100,0,17,0.5676528263279051,0.6756117316054225,0.10795890527751739,True
STAD,COAD,100,0,18,0.7458862648137096,0.7348665700400716,0.011019694773637956,True
STAD,COAD,100,0,19,0.5933583425696991,0.5826157387671582,0.010742603802540884,True
STAD,COAD,100,10,0,0.6180833830676101,0.6645494074516156,0.04646602438400549,True
STAD,COAD,100,10,1,0.6373518629039134,0.669238639270185,0.031886776366271574,True
STAD,COAD,100,10,2,0.6832637053457243,0.6798320402421347,0.0034316651035896095,False
STAD,COAD,100,10,3,0.6685991985676528,0.693750532867252,0.02515133429959915,True
STAD,COAD,100,10,4,0.7824196436183818,0.7688848154147839,0.01353482820359786,True
STAD,COAD,100,10,5,0.6802796487339073,0.7051325773723249,0.024852928638417593,True
STAD,COAD,100,10,6,0.6142041094722482,0.6538494330292437,0.03964532355699546,True
STAD,COAD,100,10,7,0.6456645920368317,0.6458564242475915,0.0001918322107598014,False
STAD,COAD,100,10,8,0.5883280757097791,0.6105806121578992,0.022252536448120086,True
STAD,COAD,100,10,9,0.6694517861710292,0.6712635348282036,0.0018117486571743724,False
STAD,COAD,100,10,10,0.6529542160456986,0.6852672862136584,0.03231307016795981,True
STAD,COAD,100,10,11,0.718987125927189,0.7029371642936311,0.016049961633557985,True
STAD,COAD,100,10,12,0.7004859749339245,0.7504049791116036,0.04991900417767914,True
STAD,COAD,100,10,13,0.5931451956688549,0.6309574558785914,0.03781226020973649,True
STAD,COAD,100,10,14,0.6191064881916617,0.7016795975786513,0.08257310938698958,True
STAD,COAD,100,10,15,0.6720948077414954,0.7196691960098901,0.04757438826839466,True
STAD,COAD,100,10,16,0.6645067780714468,0.6508653764174269,0.013641401654019836,True
STAD,COAD,100,10,17,0.6951573024128229,0.7027453320828715,0.007588029670048568,False
STAD,COAD,100,10,18,0.7477619575411374,0.8004305567397051,0.0526685991985677,True
STAD,COAD,100,10,19,0.6811748657174526,0.6799812430727257,0.0011936226447268883,False
STAD,COAD,100,20,0,0.6694091567908603,0.6927487424332851,0.023339585642424776,True
STAD,COAD,100,20,1,0.6368829397220563,0.7053244095830846,0.06844146986102828,True
STAD,COAD,100,20,2,0.6740557592292608,0.6710930173075284,0.0029627419217324036,False
STAD,COAD,100,20,3,0.6723505840225082,0.7120811663398414,0.039730582317333174,True
STAD,COAD,100,20,4,0.7919686247761958,0.7833574899820955,0.00861113479410025,False
STAD,COAD,100,20,5,0.7648563389888311,0.7554778753516924,0.009378463637138679,False
STAD,COAD,100,20,6,0.689018671668514,0.7157899224145281,0.026771250746014053,True
STAD,COAD,100,20,7,0.6310427146389291,0.6693238980305225,0.038281183391593365,True
STAD,COAD,100,20,8,0.6975871770824451,0.6921732458010061,0.005413931281438966,False
STAD,COAD,100,20,9,0.6651888481541478,0.7232926933242392,0.05810384517009137,True
STAD,COAD,100,20,10,0.6264387415806975,0.7393639696478812,0.11292522806718375,True
STAD,COAD,100,20,11,0.7557762810128741,0.7522593571489471,0.0035169238639269906,False
STAD,COAD,100,20,12,0.6868445732799046,0.7487424332850201,0.061897860005115546,True
STAD,COAD,100,20,13,0.6509932645579333,0.697842953363458,0.04684968880552476,True
STAD,COAD,100,20,14,0.6284849518288004,0.7389589905362774,0.11047403870747707,True
STAD,COAD,100,20,15,0.6629294910052007,0.755349987211186,0.09242049620598525,True
STAD,COAD,100,20,16,0.6903828118339159,0.6872495523915083,0.00313325944240761,False
STAD,COAD,100,20,17,0.7289624008866912,0.743754795805269,0.014792394918577867,True
STAD,COAD,100,20,18,0.7191150140676955,0.7767499360559298,0.05763492198823428,True
STAD,COAD,100,20,19,0.702617443942365,0.7070935288600904,0.0044760849177253315,False
STAD,COAD,100,30,0,0.6134367806292096,0.6768692983204024,0.06343251769119285,True
STAD,COAD,100,30,1,0.6525705516241793,0.7150865376417427,0.06251598601756336,True
STAD,COAD,100,30,2,0.703981584107767,0.7122090544803479,0.00822747037258087,False
STAD,COAD,100,30,3,0.6891465598090203,0.7326072128911246,0.04346065308210434,True
STAD,COAD,100,30,4,0.7620001705175207,0.7622559467985335,0.00025577628101280947,False
STAD,COAD,100,30,5,0.6864609088583851,0.7171966919600989,0.030735783101713876,True
STAD,COAD,100,30,6,0.714425782249126,0.7296657856594765,0.015240003410350478,True
STAD,COAD,100,30,7,0.6301474976553841,0.667512149373348,0.03736465171796388,True
STAD,COAD,100,30,8,0.7193707903487083,0.71357319464575,0.005797595702958347,False
STAD,COAD,100,30,9,0.6526984397646858,0.6955409668343422,0.04284252706965641,True
STAD,COAD,100,30,10,0.7145962997698014,0.7537727001449399,0.039176400375138476,True
STAD,COAD,100,30,11,0.757822491260977,0.7381277176229858,0.019694773637991214,True
STAD,COAD,100,30,12,0.705345724273169,0.7701850115099327,0.06483928723676369,True
STAD,COAD,100,30,13,0.689018671668514,0.7184116292949101,0.029392957626396043,True
STAD,COAD,100,30,14,0.6628868616250319,0.779392957626396,0.11650609600136419,True
STAD,COAD,100,30,15,0.63854548554864,0.7177935032824623,0.07924801773382228,True
STAD,COAD,100,30,16,0.7354420666723506,0.7366570040071617,0.0012149373348111503,False
STAD,COAD,100,30,17,0.737147241879103,0.7423480262596982,0.005200784380595236,False
STAD,COAD,100,30,18,0.6811748657174524,0.7718475573365163,0.09067269161906388,True
STAD,COAD,100,30,19,0.7484866570040072,0.7375735356807912,0.01091312132321598,True
STAD,COAD,100,40,0,0.6706880381959247,0.7261062324153807,0.05541819421945604,True
STAD,COAD,100,40,1,0.7325858982010403,0.7651973740301816,0.03261147582914137,True
STAD,COAD,100,40,2,0.713530565265581,0.7854037002301988,0.07187313496461778,True
STAD,COAD,100,40,3,0.6776366271634409,0.7177082445221246,0.0400716173586837,True
STAD,COAD,100,40,4,0.7616591354761701,0.7565009804757438,0.005158155000426379,False
STAD,COAD,100,40,5,0.7390229346065309,0.7493605592974678,0.010337624690936909,True
STAD,COAD,100,40,6,0.6876971608832807,0.7215875181174867,0.03389035723420597,True
STAD,COAD,100,40,7,0.6067013385625373,0.6438741580697417,0.03717281950720441,True
STAD,COAD,100,40,8,0.7423480262596982,0.7305823173331061,0.011765708926592122,True
STAD,COAD,100,40,9,0.7032568846448973,0.7155554608235996,0.012298576178702225,True
STAD,COAD,100,40,10,0.7641316395259613,0.7727001449398927,0.008568505413931393,False
STAD,COAD,100,40,11,0.7689061301048683,0.756245204194731,0.012660925910137344,True
STAD,COAD,100,40,12,0.7383834939039987,0.7724017392787108,0.0340182453747121,True
STAD,COAD,100,40,13,0.703555290306079,0.7158325517946968,0.012277261488617852,True
STAD,COAD,100,40,14,0.6800665018330634,0.7533890357234205,0.07332253389035714,True
STAD,COAD,100,40,15,0.6767840395600647,0.7237403018160116,0.046956262255946846,True
STAD,COAD,100,40,16,0.7015517094381448,0.7105038792735954,0.008952169835450552,False
STAD,COAD,100,40,17,0.7570551624179385,0.7567141273765878,0.00034103504135063467,False
STAD,COAD,100,40,18,0.7367635774575838,0.7575240855997953,0.02076050814221153,True
STAD,COAD,100,40,19,0.763065905021741,0.7737232500639442,0.01065734504220317,True
STAD,COAD,100,50,0,0.6886350072469947,0.757033847727854,0.06839884048085931,True
STAD,COAD,100,50,1,0.7386392701850115,0.7812686503538239,0.04262938016881235,True
STAD,COAD,100,50,2,0.705814647455026,0.765581038451701,0.05976639099667502,True
STAD,COAD,100,50,3,0.6498849006735441,0.6652741069144855,0.015389206240941422,True
STAD,COAD,100,50,4,0.7461420410947226,0.7337368914655982,0.012405149629124423,True
STAD,COAD,100,50,5,0.7249552391508227,0.7255307357831018,0.0005754966322790711,False
STAD,COAD,100,50,6,0.6910648819166169,0.7509165316736295,0.059851649757012626,True
STAD,COAD,100,50,7,0.5890954045528178,0.6272486998039049,0.038153295251087016,True
STAD,COAD,100,50,8,0.7322874925398584,0.7177082445221247,0.014579248017733692,True
STAD,COAD,100,50,9,0.7309233523744564,0.7431153551027367,0.01219200272828036,True
STAD,COAD,100,50,10,0.7328843038622218,0.7554565606616079,0.022572256799386126,True
STAD,COAD,100,50,11,0.7858299940318867,0.7865546934947566,0.0007246994628699044,False
STAD,COAD,100,50,12,0.7228237701423821,0.7317119959075795,0.008888225765197433,False
STAD,COAD,100,50,13,0.7228237701423821,0.7229516582828885,0.00012788814050646025,False
STAD,COAD,100,50,14,0.7090544803478558,0.7654957796913633,0.0564412993435075,True
STAD,COAD,100,50,15,0.7332253389035724,0.7353994372921817,0.002174098388609269,False
STAD,COAD,100,50,16,0.6885071191064882,0.6960738340864523,0.007566714979964084,False
STAD,COAD,100,50,17,0.736252024895558,0.7441810896069572,0.007929064711399203,False
STAD,COAD,100,50,18,0.7458436354335408,0.7738511382044505,0.028007502770909687,True
STAD,COAD,100,50,19,0.7828885668002387,0.790455281780203,0.007566714979964306,False
STAD,COAD,100,60,0,0.7535595532440958,0.7738937675846193,0.020334214340523404,True
STAD,COAD,100,60,1,0.7056441299343508,0.7443089777474634,0.038664847813112635,True
STAD,COAD,100,60,2,0.7580356381618211,0.7620854292778583,0.004049791116037205,False
STAD,COAD,100,60,3,0.6718816608406514,0.6886776366271635,0.01679597578651215,True
STAD,COAD,100,60,4,0.7547958052689914,0.7401952425611732,0.014600562707818177,True
STAD,COAD,100,60,5,0.7055162417938443,0.7056441299343506,0.0001278881405062382,False
STAD,COAD,100,60,6,0.7041094722482735,0.7290476596470288,0.024938187398755307,True
STAD,COAD,100,60,7,0.6141188507119107,0.6636541904680706,0.04953533975615987,True
STAD,COAD,100,60,8,0.7641742689061302,0.7545826583681474,0.009591610537982742,False
STAD,COAD,100,60,9,0.7411970329951403,0.7565862392360816,0.015389206240941311,True
STAD,COAD,100,60,10,0.7443516071276324,0.7686503538238554,0.024298746696223006,True
STAD,COAD,100,60,11,0.7761104953533976,0.7712507460141529,0.004859749339244712,False
STAD,COAD,100,60,12,0.6969051069997442,0.7333105976639099,0.03640549066416576,True
STAD,COAD,100,60,13,0.6641231136499275,0.6979708415039646,0.03384772785403711,True
STAD,COAD,100,60,14,0.7393639696478814,0.7865973228749255,0.04723335322704403,True
STAD,COAD,100,60,15,0.7156620342740216,0.7213317418364736,0.005669707562451998,False
STAD,COAD,100,60,16,0.6807912012959332,0.684244181089607,0.0034529797936738715,False
STAD,COAD,100,60,17,0.7457583766732031,0.7441810896069571,0.001577287066246047,False
STAD,COAD,100,60,18,0.7732543268820872,0.7844658538664848,0.011211526984397646,True
STAD,COAD,100,60,19,0.8087646005627078,0.8101713701082787,0.0014067695455708407,False
STAD,COAD,100,70,0,0.7714638929149971,0.7792437547958053,0.007779861880808259,False
STAD,COAD,100,70,1,0.6845425867507886,0.7459075795037939,0.06136499275300533,True
STAD,COAD,100,70,2,0.7608918066331315,0.7611475829141443,0.00025577628101280947,False
STAD,COAD,100,70,3,0.6591781055503454,0.6976937505328672,0.0385156449825218,True
STAD,COAD,100,70,4,0.7689913888652059,0.7543268820871345,0.014664506778071407,True
STAD,COAD,100,70,5,0.7102907323727513,0.7096726063603034,0.0006181260124479282,False
STAD,COAD,100,70,6,0.7131042714638931,0.7433498166936653,0.030245545229772186,True
STAD,COAD,100,70,7,0.6536362861283997,0.7039389547275983,0.05030266859919852,True
STAD,COAD,100,70,8,0.7790092932048769,0.7789666638247079,4.262938016896811e-05,False
STAD,COAD,100,70,9,0.7493392446073834,0.7774746355187996,0.028135390911416147,True
STAD,COAD,100,70,10,0.7341205558871176,0.7427530053713018,0.00863244948418429,False
STAD,COAD,100,70,11,0.7313496461761446,0.7903487083297809,0.05899906215363626,True
STAD,COAD,100,70,12,0.6970329951402506,0.7541989939466279,0.057165998806377294,True
STAD,COAD,100,70,13,0.6862477619575412,0.7034700315457414,0.017222269588200168,True
STAD,COAD,100,70,14,0.7301560235314178,0.7801176570892658,0.049961633557847995,True
STAD,COAD,100,70,15,0.7132747889845682,0.7289197715065223,0.01564498252195412,True
STAD,COAD,100,70,16,0.6984397646858215,0.7088626481370961,0.010422883451274623,True
STAD,COAD,100,70,17,0.7532185182027453,0.7475061812601245,0.005712336942620855,False
STAD,COAD,100,70,18,0.794398499445818,0.7871941341972888,0.007204365248529188,False
STAD,COAD,100,70,19,0.7910307784124818,0.784892147668173,0.006138630744308871,False
STAD,COAD,100,80,0,0.7696734589479068,0.7865973228749253,0.0169238639270185,True
STAD,COAD,100,80,1,0.7025748145621964,0.7425185437803734,0.039943729218177015,True
STAD,COAD,100,80,2,0.7360815073748828,0.7389589905362776,0.0028774831613948004,False
STAD,COAD,100,80,3,0.69311109216472,0.7216514621877399,0.0285403700230199,True
STAD,COAD,100,80,4,0.7631511637820787,0.7425611731605422,0.020589990621536547,True
STAD,COAD,100,80,5,0.7074345639014409,0.7044078779094552,0.0030266859919856337,False
STAD,COAD,100,80,6,0.709011850967687,0.7434777048341716,0.0344658538664846,True
STAD,COAD,100,80,7,0.6813880126182965,0.7408773126438741,0.05948930002557762,True
STAD,COAD,100,80,8,0.780799727171967,0.7813325944240771,0.000532867252110103,False
STAD,COAD,100,80,9,0.7443516071276323,0.751726489896837,0.007374882769204727,False
STAD,COAD,100,80,10,0.748316139483332,0.7734887884730156,0.025172648989683633,True
STAD,COAD,100,80,11,0.6835621110069059,0.7742774320061386,0.09071532099923274,True
STAD,COAD,100,80,12,0.7275556313411203,0.7621280586580271,0.034572427316906795,True
STAD,COAD,100,80,13,0.6714979964191321,0.681622474209225,0.010124477790092845,True
STAD,COAD,100,80,14,0.728749253985847,0.7954216045698695,0.06667235058402254,True
STAD,COAD,100,80,15,0.74013129849092,0.7691192770057123,0.02898797851479229,True
STAD,COAD,100,80,16,0.7248273510103163,0.7390868786767839,0.014259527666467653,True
STAD,COAD,100,80,17,0.7310938698951317,0.7362946542757268,0.005200784380595125,False
STAD,COAD,100,80,18,0.7549663227896667,0.78589393810214,0.030927615312473344,True
STAD,COAD,100,80,19,0.7087560746866741,0.7220990706795122,0.013342995992838058,True
STAD,COAD,100,90,0,0.7970415210162844,0.8107468667405576,0.013705345724273177,True
STAD,COAD,100,90,1,0.6840736635689316,0.7622133174183647,0.07813965384943311,True
STAD,COAD,100,90,2,0.7222695882001877,0.7272572256799386,0.004987637479750839,False
STAD,COAD,100,90,3,0.7024042970415211,0.7090971097280246,0.006692812686503569,False
STAD,COAD,100,90,4,0.7722312217580357,0.753516923863927,0.018714297894108722,True
STAD,COAD,100,90,5,0.7438826839457755,0.7378293119618039,0.0060533719839716005,False
STAD,COAD,100,90,6,0.6856509506351778,0.7061343678062921,0.02048341717111435,True
STAD,COAD,100,90,7,0.7119532781993351,0.7448418449995736,0.03288856680023855,True
STAD,COAD,100,90,8,0.7624264643192088,0.7616804501662545,0.0007460141529542774,False
STAD,COAD,100,90,9,0.7223974763406941,0.7182411117742348,0.004156364566459292,False
STAD,COAD,100,90,10,0.7488276920453576,0.7743200613863074,0.025492369340949783,True
STAD,COAD,100,90,11,0.742134879358854,0.8231307016795976,0.08099582232074354,True
STAD,COAD,100,90,12,0.73331059766391,0.7782419643618381,0.04493136669792808,True
STAD,COAD,100,90,13,0.6824111177423481,0.6931537215448887,0.010742603802540662,True
STAD,COAD,100,90,14,0.7663057379145707,0.8097450763065905,0.043439338392019855,True
STAD,COAD,100,90,15,0.7440532014664507,0.7618296529968455,0.017776451530394755,True
STAD,COAD,100,90,16,0.716471992497229,0.7235484696052519,0.007076477108022838,False
STAD,COAD,100,90,17,0.7651121152698439,0.7697160883280758,0.004603973058231903,False
STAD,COAD,100,90,18,0.7798192514280842,0.7703981584107766,0.009421093017307536,False
STAD,COAD,100,90,19,0.7376587944411288,0.7640250660755392,0.02636627163441041,True
STAD,COAD,100,100,0,0.8032227811407623,0.8059084320913974,0.00268565095063511,False
STAD,COAD,100,100,1,0.7337368914655982,0.806675760934436,0.07293886946883787,True
STAD,COAD,100,100,2,0.7465257055162418,0.7497229090289028,0.003197203512661062,False
STAD,COAD,100,100,3,0.6853099155938273,0.7249765538409072,0.039666638247079944,True
STAD,COAD,100,100,4,0.787833574899821,0.7832722312217579,0.004561343678063046,False
STAD,COAD,100,100,5,0.7766220479154233,0.7747463551879955,0.0018756927274278246,False
STAD,COAD,100,100,6,0.7050473186119874,0.7120385369596727,0.006991218347685235,False
STAD,COAD,100,100,7,0.7493818739875523,0.7677338221502258,0.018351948162673493,True
STAD,COAD,100,100,8,0.7773041179981244,0.7835919515730241,0.006287833574899704,False
STAD,COAD,100,100,9,0.7353141785318442,0.7292608065478727,0.0060533719839714895,False
STAD,COAD,100,100,10,0.7550089521698355,0.7778796146304032,0.02287066246056768,True
STAD,COAD,100,100,11,0.7954642339500384,0.793290135561429,0.00217409838860938,False
STAD,COAD,100,100,12,0.7824196436183818,0.7849774064285104,0.00255776281012865,False
STAD,COAD,100,100,13,0.7279819251428085,0.7370832978088497,0.009101372666041274,False
STAD,COAD,100,100,14,0.7795634751470712,0.7980219967601669,0.01845852161309569,True
STAD,COAD,100,100,15,0.7728706624605678,0.8065052434137607,0.03363458095319294,True
STAD,COAD,100,100,16,0.7106317674141018,0.7221203853695967,0.011488617955494829,True
STAD,COAD,100,100,17,0.7538579589052775,0.7596981839884048,0.005840225083127315,False
STAD,COAD,100,100,18,0.7877909455196521,0.7891124563048852,0.0013215107852331265,False
STAD,COAD,100,100,19,0.7612754710546509,0.7827606786597323,0.021485207605081436,True
STAD,COAD,200,0,0,0.7258078267541991,0.7142126353482818,0.011595191405917249,True
STAD,COAD,200,0,1,0.6815585301389718,0.6565777133600478,0.024980816778924053,True
STAD,COAD,200,0,2,0.589521698354506,0.6427231648051838,0.0532014664506778,True
STAD,COAD,200,0,3,0.6623326796828374,0.718198482394066,0.05586580271122865,True
STAD,COAD,200,0,4,0.6971182539005883,0.7036831784465853,0.006564924545996997,False
STAD,COAD,200,0,5,0.7382556057634921,0.7189018671668514,0.01935373859664069,True
STAD,COAD,200,0,6,0.6847131042714638,0.6895941683007929,0.004881064029329085,False
STAD,COAD,200,0,7,0.6592207349305143,0.6657430300963425,0.006522295165828251,False
STAD,COAD,200,0,8,0.7094807741495438,0.6918108960695711,0.017669878079972667,True
STAD,COAD,200,0,9,0.6947310086111349,0.6999744223718987,0.00524341376076376,False
STAD,COAD,200,0,10,0.6520163696819847,0.6603717281950721,0.00835535851308733,False
STAD,COAD,200,0,11,0.7055588711740133,0.6886776366271634,0.016881234546849866,True
STAD,COAD,200,0,12,0.6573024128229176,0.6723932134026771,0.015090800579759533,True
STAD,COAD,200,0,13,0.7213317418364736,0.7030437377440533,0.018288004092420374,True
STAD,COAD,200,0,14,0.6476681729047659,0.6653167362946544,0.017648563389888516,True
STAD,COAD,200,0,15,0.6824111177423481,0.6822406002216728,0.00017051752067531734,False
STAD,COAD,200,0,16,0.6898712592718903,0.6827095234035297,0.0071617358683605525,False
STAD,COAD,200,0,17,0.6971182539005882,0.6816437888993093,0.015474465001278914,True
STAD,COAD,200,0,18,0.7144257822491261,0.7045357660499616,0.00989001619916452,False
STAD,COAD,200,0,19,0.7088413334470116,0.68629039133771,0.02255094210930164,True
STAD,COAD,200,10,0,0.7700571233694262,0.781439167874499,0.011382044505072741,True
STAD,COAD,200,10,1,0.7179640208031376,0.7244650012788814,0.006500980475743767,False
STAD,COAD,200,10,2,0.6372666041435757,0.6783826413163951,0.04111603717281942,True
STAD,COAD,200,10,3,0.6741836473697673,0.7412609770653934,0.06707732969562608,True
STAD,COAD,200,10,4,0.761232841674482,0.7537087560746867,0.007524085599795338,False
STAD,COAD,200,10,5,0.7934606530821042,0.7761531247335665,0.01730752834853777,True
STAD,COAD,200,10,6,0.6945604910904595,0.7155341461335152,0.020973655043055706,True
STAD,COAD,200,10,7,0.6633984141870577,0.7090971097280245,0.04569869554096684,True
STAD,COAD,200,10,8,0.7637906044846108,0.7459928382641317,0.017797766220479128,True
STAD,COAD,200,10,9,0.717622985761787,0.737403018160116,0.01978003239832904,True
STAD,COAD,200,10,10,0.690127035552903,0.7343337027879614,0.044206667235058394,True
STAD,COAD,200,10,11,0.7641742689061302,0.7539005882854464,0.01027368062068379,True
STAD,COAD,200,10,12,0.748060363202319,0.7787748316139482,0.03071446841162928,True
STAD,COAD,200,10,13,0.7365078011765709,0.7518756927274277,0.015367891550856827,True
STAD,COAD,200,10,14,0.6648478131127973,0.7233779520845767,0.05853013897177939,True
STAD,COAD,200,10,15,0.7200528604314094,0.7554352459715237,0.0353823855401143,True
STAD,COAD,200,10,16,0.6896154829908773,0.6934521272060704,0.0038366442151931412,False
STAD,COAD,200,10,17,0.7438400545656066,0.7390442492966153,0.004795805268991371,False
STAD,COAD,200,10,18,0.7015517094381448,0.7565222951658281,0.05497058572768332,True
STAD,COAD,200,10,19,0.7577798618808083,0.7421348793588541,0.01564498252195412,True
STAD,COAD,200,20,0,0.7290050302668599,0.7883451274618467,0.059340097194986785,True
STAD,COAD,200,20,1,0.7210759655554608,0.7648137096086622,0.04373774405320141,True
STAD,COAD,200,20,2,0.7145110410094637,0.7577798618808083,0.04326882087134454,True
STAD,COAD,200,20,3,0.7188166084065137,0.7431153551027367,0.024298746696223006,True
STAD,COAD,200,20,4,0.7535595532440958,0.7472077755989428,0.006351777645153045,False
STAD,COAD,200,20,5,0.7991729900247251,0.8048853269673459,0.005712336942620855,False
STAD,COAD,200,20,6,0.6929832040242134,0.7045997101202149,0.011616506096001511,True
STAD,COAD,200,20,7,0.6165913547617017,0.6576008184840992,0.041009463722397554,True
STAD,COAD,200,20,8,0.7859578821723932,0.7769630829567737,0.008994799215619409,False
STAD,COAD,200,20,9,0.7257225679938614,0.7331400801432347,0.007417512149373362,False
STAD,COAD,200,20,10,0.7449057890698271,0.7575667149799642,0.012660925910137122,True
STAD,COAD,200,20,11,0.7539432176656152,0.74874243328502,0.005200784380595236,False
STAD,COAD,200,20,12,0.8051411032483587,0.8020717878762041,0.003069315372154602,False
STAD,COAD,200,20,13,0.7361667661352204,0.7503623497314349,0.014195583596214534,True
STAD,COAD,200,20,14,0.696265666297212,0.7556057634921988,0.059340097194986785,True
STAD,COAD,200,20,15,0.7529201125415637,0.775087390229346,0.022167277687782372,True
STAD,COAD,200,20,16,0.7302839116719243,0.725594679853355,0.004689231818569284,False
STAD,COAD,200,20,17,0.753985847045784,0.7447779009293205,0.009207946116463472,False
STAD,COAD,200,20,18,0.7258504561343678,0.7429022082018927,0.01705175206752485,True
STAD,COAD,200,20,19,0.7758547190723847,0.7594424077073919,0.01641231136499277,True
STAD,COAD,200,30,0,0.815329525108705,0.8163100008525876,0.0009804757438826028,False
STAD,COAD,200,30,1,0.7297297297297297,0.7583766732031716,0.028646943473441877,True
STAD,COAD,200,30,2,0.7558189103930429,0.7613607298149885,0.0055418194219455374,False
STAD,COAD,200,30,3,0.7359109898542077,0.7531758888225765,0.017264898968368803,True
STAD,COAD,200,30,4,0.7793503282462273,0.7574388268394577,0.021911501406769562,True
STAD,COAD,200,30,5,0.7917128484951829,0.7947395344871686,0.0030266859919857447,False
STAD,COAD,200,30,6,0.7011254156364566,0.7315201636968199,0.030394748060363352,True
STAD,COAD,200,30,7,0.6259271890186716,0.6764856338988832,0.05055844488021155,True
STAD,COAD,200,30,8,0.7974251854378038,0.7860431409327309,0.011382044505072964,True
STAD,COAD,200,30,9,0.7347173672094808,0.7658155000426294,0.03109813283314866,True
STAD,COAD,200,30,10,0.7532185182027453,0.7602523659305995,0.007033847727854203,False
STAD,COAD,200,30,11,0.7871941341972889,0.7836985250234463,0.0034956091738426176,False
STAD,COAD,200,30,12,0.7657941853525451,0.7644726745673118,0.0013215107852332375,False
STAD,COAD,200,30,13,0.6836899991474125,0.7210120214852075,0.037322022337795024,True
STAD,COAD,200,30,14,0.7411544036149715,0.7820786085770313,0.04092420496205973,True
STAD,COAD,200,30,15,0.7404297041521015,0.7605507715917812,0.020121067439679674,True
STAD,COAD,200,30,16,0.7272572256799386,0.7344189615482991,0.0071617358683605525,False
STAD,COAD,200,30,17,0.750319720351266,0.7470372580782676,0.003282462272998443,False
STAD,COAD,200,30,18,0.7553499872111861,0.7580143234717367,0.002664336260550626,False
STAD,COAD,200,30,19,0.7886009037428596,0.7805013215107852,0.00809958223207441,False
STAD,COAD,200,40,0,0.8071873134964618,0.8169494415551198,0.00976212805865806,False
STAD,COAD,200,40,1,0.732116975019183,0.7521101543183561,0.019993179299173103,True
STAD,COAD,200,40,2,0.7758547190723847,0.7640463807656237,0.01180833830676098,True
STAD,COAD,200,40,3,0.7438400545656066,0.7599965896495865,0.01615653508397985,True
STAD,COAD,200,40,4,0.7828033080399011,0.7663909966749084,0.01641231136499266,True
STAD,COAD,200,40,5,0.8015602353141786,0.7922670304373776,0.009293204876801076,False
STAD,COAD,200,40,6,0.7126779776622048,0.7831230283911672,0.07044505072896246,True
STAD,COAD,200,40,7,0.6794696905107,0.7326711569613777,0.05320146645067769,True
STAD,COAD,200,40,8,0.8159263364310682,0.8101500554181942,0.005776281012873974,False
STAD,COAD,200,40,9,0.7793503282462273,0.7860005115525621,0.006650183306334823,False
STAD,COAD,200,40,10,0.7511296785744735,0.7657089265922075,0.014579248017733915,True
STAD,COAD,200,40,11,0.8071873134964617,0.8138374968027964,0.0066501833063347116,False
STAD,COAD,200,40,12,0.7836985250234462,0.8022423053968795,0.018543780373433294,True
STAD,COAD,200,40,13,0.7213317418364736,0.742497229090289,0.021165487253815396,True
STAD,COAD,200,40,14,0.7341205558871174,0.7942706113053115,0.06015005541819407,True
STAD,COAD,200,40,15,0.7584619319635093,0.776920453576605,0.01845852161309569,True
STAD,COAD,200,40,16,0.7752152783698525,0.7752579077500215,4.262938016896811e-05,False
STAD,COAD,200,40,17,0.7481029925824879,0.7516838605166682,0.0035808679341803318,False
STAD,COAD,200,40,18,0.7738937675846193,0.7820786085770314,0.008184840992412123,False
STAD,COAD,200,40,19,0.7124222013811919,0.724337113138375,0.011914911757183066,True
STAD,COAD,200,50,0,0.8198908687867679,0.8357916275897348,0.01590075880296693,True
STAD,COAD,200,50,1,0.7466962230369171,0.786895728536107,0.040199505499189936,True
STAD,COAD,200,50,2,0.7666041435757526,0.7641955835962144,0.0024085599795381496,False
STAD,COAD,200,50,3,0.6945604910904596,0.7525790775002131,0.05801858640975355,True
STAD,COAD,200,50,4,0.8023275641572172,0.7915636456645921,0.010763918492625035,True
STAD,COAD,200,50,5,0.7968710034956091,0.7878335748998209,0.009037428595788266,False
STAD,COAD,200,50,6,0.7137010827862563,0.761232841674482,0.047531758888225695,True
STAD,COAD,200,50,7,0.7094381447693751,0.7320956603290989,0.02265751555972384,True
STAD,COAD,200,50,8,0.7676698780799727,0.7611262682240599,0.006543609855912735,False
STAD,COAD,200,50,9,0.7877483161394833,0.7926506948588967,0.004902378719413458,False
STAD,COAD,200,50,10,0.7373603887799471,0.7794782163867338,0.04211782760678662,True
STAD,COAD,200,50,11,0.7981072555205048,0.798746696223037,0.0006394407025321902,False
STAD,COAD,200,50,12,0.7765367891550856,0.8170773296956263,0.04054054054054068,True
STAD,COAD,200,50,13,0.7259357148947054,0.7507033847727854,0.02476766987807999,True
STAD,COAD,200,50,14,0.7757694603120471,0.817802029158496,0.0420325688464489,True
STAD,COAD,200,50,15,0.7484440276238383,0.7810341887628953,0.032590161139056995,True
STAD,COAD,200,50,16,0.7661778497740643,0.7663696819848238,0.00019183221075946832,False
STAD,COAD,200,50,17,0.7863415465939125,0.7880893511808338,0.0017478045869212533,False
STAD,COAD,200,50,18,0.8001960951487765,0.8181430641998464,0.01794696905106985,True
STAD,COAD,200,50,19,0.7244010572086282,0.742177508739023,0.017776451530394755,True
STAD,COAD,200,60,0,0.8233012192002728,0.8301645494074517,0.006863330207178886,False
STAD,COAD,200,60,1,0.7621706880381959,0.8092335237445647,0.04706283570636882,True
STAD,COAD,200,60,2,0.783272231221758,0.7826327905192259,0.0006394407025321902,False
STAD,COAD,200,60,3,0.7850626651888482,0.7867038963253474,0.001641231136499277,False
STAD,COAD,200,60,4,0.8070594253559553,0.7971267797766222,0.009932645579333155,False
STAD,COAD,200,60,5,0.803265410520931,0.8082530480006822,0.0049876374797511724,False
STAD,COAD,200,60,6,0.7426038025407111,0.7776877824196435,0.035083979878932414,True
STAD,COAD,200,60,7,0.7247420922499788,0.7416233267968284,0.016881234546849644,True
STAD,COAD,200,60,8,0.7768351948162673,0.7762383834939038,0.0005968113223634441,False
STAD,COAD,200,60,9,0.7844658538664848,0.7784551112626822,0.006010742603802632,False
STAD,COAD,200,60,10,0.6969903657600819,0.7721459629976981,0.07515559723761622,True
STAD,COAD,200,60,11,0.8129849091994202,0.8089351180833831,0.004049791116037094,False
STAD,COAD,200,60,12,0.8036490749424504,0.7978088498593229,0.005840225083127537,False
STAD,COAD,200,60,13,0.7213743712166425,0.750063944070253,0.028689572853610512,True
STAD,COAD,200,60,14,0.7683519481626736,0.8140506437036406,0.04569869554096695,True
STAD,COAD,200,60,15,0.7434137607639185,0.7557975957029585,0.01238383493903994,True
STAD,COAD,200,60,16,0.7837837837837838,0.7832296018415891,0.0005541819421946981,False
STAD,COAD,200,60,17,0.7379572001023105,0.7455239150822746,0.007566714979964084,False
STAD,COAD,200,60,18,0.8045442919259955,0.8151590075880295,0.01061471566203398,True
STAD,COAD,200,60,19,0.7425611731605423,0.7612328416744821,0.018671668513939865,True
STAD,COAD,200,70,0,0.8258589820104016,0.8308466194901527,0.004987637479751061,False
STAD,COAD,200,70,1,0.7687356125841931,0.8029243754795806,0.034188762895387526,True
STAD,COAD,200,70,2,0.808721971182539,0.8127717622985761,0.004049791116037094,False
STAD,COAD,200,70,3,0.7831443430812516,0.7896879529371643,0.006543609855912735,False
STAD,COAD,200,70,4,0.7672009548981157,0.7807144684116294,0.013513513513513709,True
STAD,COAD,200,70,5,0.7804160627504477,0.7843379657259785,0.003921902975530744,False
STAD,COAD,200,70,6,0.7458862648137097,0.7725296274192174,0.026643362605507703,True
STAD,COAD,200,70,7,0.756245204194731,0.7672435842782845,0.010998380083553583,True
STAD,COAD,200,70,8,0.7846363713871601,0.7902634495694434,0.005627078182283252,False
STAD,COAD,200,70,9,0.7547958052689914,0.7560746866740558,0.0012788814050643804,False
STAD,COAD,200,70,10,0.7177508739022935,0.7775172648989684,0.05976639099667491,True
STAD,COAD,200,70,11,0.7647710802284935,0.7909028902719755,0.026131810043481973,True
STAD,COAD,200,70,12,0.772103333617529,0.7980219967601669,0.02591866314263791,True
STAD,COAD,200,70,13,0.7356978429533635,0.7714638929149971,0.03576604996163357,True
STAD,COAD,200,70,14,0.7719328160968539,0.7906897433711313,0.018756927274277357,True
STAD,COAD,200,70,15,0.7722312217580356,0.7801602864694346,0.007929064711398981,False
STAD,COAD,200,70,16,0.7669878079972716,0.7740216557251257,0.007033847727854092,False
STAD,COAD,200,70,17,0.7333532270440787,0.7355699548128569,0.002216727768778237,False
STAD,COAD,200,70,18,0.7768351948162674,0.7861710290732373,0.009335834256969933,False
STAD,COAD,200,70,19,0.7497229090289027,0.7684372069230112,0.0187142978941085,True
STAD,COAD,200,80,0,0.796913632875778,0.8026685991985676,0.005754966322789601,False
STAD,COAD,200,80,1,0.7402591866314264,0.7743626907664762,0.03410350413504981,True
STAD,COAD,200,80,2,0.7824622729985506,0.7962102481029926,0.013747975104441923,True
STAD,COAD,200,80,3,0.7987040668428681,0.7958905277517265,0.0028135390911415703,False
STAD,COAD,200,80,4,0.7933753943217665,0.7946969051069996,0.0013215107852331265,False
STAD,COAD,200,80,5,0.7191576434478643,0.7301986529115867,0.01104100946372244,True
STAD,COAD,200,80,6,0.7485719157643448,0.767158325517947,0.018586409753602262,True
STAD,COAD,200,80,7,0.7285361070850029,0.7367848921476683,0.008248785062665354,False
STAD,COAD,200,80,8,0.7387245289453492,0.746909369937761,0.00818484099241179,False
STAD,COAD,200,80,9,0.7363372836558956,0.7376374797510443,0.0013001960951487535,False
STAD,COAD,200,80,10,0.6921306164208373,0.7577372325006394,0.06560661607980212,True
STAD,COAD,200,80,11,0.7825049023787194,0.7856168471310427,0.003111944752323348,False
STAD,COAD,200,80,12,0.7786682581635264,0.7929704152101628,0.014302157046636399,True
STAD,COAD,200,80,13,0.7620001705175207,0.7712933753943219,0.009293204876801187,False
STAD,COAD,200,80,14,0.7698866058487509,0.7891550856850542,0.01926847983630331,True
STAD,COAD,200,80,15,0.7863841759740813,0.7978301645494073,0.011445988575325972,True
STAD,COAD,200,80,16,0.7610623241538068,0.7570551624179385,0.0040071617358683476,False
STAD,COAD,200,80,17,0.7322448631596897,0.7343763321681301,0.002131469008440412,False
STAD,COAD,200,80,18,0.7785403700230199,0.7789027197544547,0.00036234973143478566,False
STAD,COAD,200,80,19,0.731946457498508,0.7568420155170943,0.02489555801858634,True
STAD,COAD,200,90,0,0.7900076732884304,0.7948247932475061,0.004817119959075744,False
STAD,COAD,200,90,1,0.7409412567141275,0.7553926165913547,0.014451359877227232,True
STAD,COAD,200,90,2,0.7611902122943133,0.7684798363031802,0.007289624008866902,False
STAD,COAD,200,90,3,0.7865546934947566,0.7906897433711313,0.004135049876374697,False
STAD,COAD,200,90,4,0.7658794441128827,0.7700571233694262,0.004177679256543554,False
STAD,COAD,200,90,5,0.7255946798533549,0.7279179810725551,0.0023233012192002134,False
STAD,COAD,200,90,6,0.7655384090715321,0.7738937675846194,0.008355358513087219,False
STAD,COAD,200,90,7,0.7368914655980903,0.7436269076647626,0.006735442066672315,False
STAD,COAD,200,90,8,0.7472504049791117,0.7549236934094976,0.007673288430385949,False
STAD,COAD,200,90,9,0.7459715235740473,0.7501492028305907,0.004177679256543443,False
STAD,COAD,200,90,10,0.679682837411544,0.7628953875010658,0.08321255008952178,True
STAD,COAD,200,90,11,0.7935885412226107,0.7923949185778838,0.0011936226447268883,False
STAD,COAD,200,90,12,0.7913291840736635,0.7892403444453917,0.002088839628271777,False
STAD,COAD,200,90,13,0.7495950208883962,0.75556313411203,0.005968113223633775,False
STAD,COAD,200,90,14,0.7755136840310343,0.7827393639696478,0.007225679938613561,False
STAD,COAD,200,90,15,0.7532185182027453,0.7600818484099239,0.006863330207178553,False
STAD,COAD,200,90,16,0.7586324494841845,0.7678830249808167,0.009250575496632218,False
STAD,COAD,200,90,17,0.7489982095660329,0.7527709097109727,0.0037727001449398,False
STAD,COAD,200,90,18,0.7500213146900844,0.7749595020888396,0.024938187398755196,True
STAD,COAD,200,90,19,0.7581635263023275,0.7598260721289112,0.0016625458265836501,False
STAD,COAD,200,100,0,0.7960184158922329,0.8003666126694517,0.004348196777218871,False
STAD,COAD,200,100,1,0.7372325006394407,0.7519822661778498,0.01474976553840912,True
STAD,COAD,200,100,2,0.7495950208883962,0.7592718901867168,0.009676869298320567,False
STAD,COAD,200,100,3,0.7725722567993861,0.7841248188251344,0.01155256202574828,True
STAD,COAD,200,100,4,0.7667320317162588,0.7709949697331402,0.004262938016881379,False
STAD,COAD,200,100,5,0.7261914911757184,0.7310299258248785,0.004838434649160117,False
STAD,COAD,200,100,6,0.7283229601841589,0.7349305141103247,0.0066075539261658545,False
STAD,COAD,200,100,7,0.7685224656833489,0.7813112797339927,0.012788814050643804,True
STAD,COAD,200,100,8,0.7521954130786939,0.760763918492625,0.008568505413931171,False
STAD,COAD,200,100,9,0.7502344615909284,0.755989427913718,0.005754966322789601,False
STAD,COAD,200,100,10,0.7209907067951232,0.7693750532867252,0.04838434649160195,True
STAD,COAD,200,100,11,0.7541989939466279,0.7648563389888308,0.010657345042202837,True
STAD,COAD,200,100,12,0.7715491516753347,0.7741069144854633,0.00255776281012865,False
STAD,COAD,200,100,13,0.7563304629550687,0.7611475829141445,0.004817119959075855,False
STAD,COAD,200,100,14,0.758504561343678,0.7599539602694177,0.0014493989257396978,False
STAD,COAD,200,100,15,0.7742774320061386,0.7754071105806122,0.0011296785744735471,False
STAD,COAD,200,100,16,0.7278966663824706,0.735101031631,0.00720436524852941,False
STAD,COAD,200,100,17,0.7235910989854207,0.7332040242134878,0.009612925228067115,False
STAD,COAD,200,100,18,0.7502770909710973,0.7676272486998039,0.017350157728706628,True
STAD,COAD,200,100,19,0.7677125074601414,0.7774746355187996,0.00976212805865817,False
